DESPACHO CIFRADO;OPERACION;DESTINACION;REGIMEN;OFICIALIZACION;CANCELACION;AÑO;MES;ADUANA;COTIZACION;MEDIO TRANSPORTE;CANAL;ITEM;PAIS ORIGEN;PAIS PROCEDENCIA/DESTINO;USO;UNIDAD MEDIDA ESTADISTICA;CANTIDAD ESTADISTICA;KILO NETO;KILO BRUTO;FOB DOLAR;FLETE DOLAR;SEGURO DOLAR;IMPONIBLE DOLAR;IMPONIBLE GS;AJUSTE A INCLUIR;AJUSTE A DEDUCIR;POSICION;RUBRO;DESC CAPITULO;DESC POSICION;DESC PARTIDA;MERCADERIA;MARCA ITEM;ACUERDO;DERECHO;ISC;SERVICIO;RENTA;IVA;OTROS;TOTAL
"26DA000000121787";"EXPORTACION";"EFC1";"EXPORTACION COMPLEMENTARIA";"16/03/2026";"18/03/2026";"2026";"MARZO";"TERPORT - VILLETA";6499.04;"ACUATICO";"V";1;"PY - PARAGUAY";"VN - VIETNAM";"NUEVO";"KILOGRAMO";144774.4;19359.6;19410;6402.03;0;0;6402.03;41607049.05;0;0;"5201.00.20.000V";"MATERIAS TEXTILES (TEJIDOS)";"CAPITULO 52 ALGODON";"CAPITULO 52 ALGODON      ALGODON SIN CARDAR NI PEINAR.       Simplemente desmotado.";" ";"482 FARDOS DE FIBRA DE ALGODON";"CHORTITZER";"SIN ACUERDO";0;0;0;0;0;0;0
"26DA000000121788";"EXPORTACION";"EFC1";"EXPORTACION COMPLEMENTARIA";"16/03/2026";"18/03/2026";"2026";"MARZO";"TERPORT - VILLETA";6499.04;"ACUATICO";"V";1;"PY - PARAGUAY";"VN - VIETNAM";"NUEVO";"KILOGRAMO";144774.4;18839.6;18890;6230.07;0;0;6230.07;40489474.13;0;0;"5201.00.20.000V";"MATERIAS TEXTILES (TEJIDOS)";"CAPITULO 52 ALGODON";"CAPITULO 52 ALGODON      ALGODON SIN CARDAR NI PEINAR.       Simplemente desmotado.";" ";"482 FARDOS DE FIBRA DE ALGODON";"CHORTITZER";"SIN ACUERDO";0;0;0;0;0;0;0
"26DA000000121789";"IMPORTACION";"IFC1";"IMPORTACION DE FRACCIONES COMPLEMENTARIAS";"17/03/2026";"18/03/2026";"2026";"MARZO";"JOSE FALCON";6487.88;"CAMION";"R";1;"UY - URUGUAY";"UY - URUGUAY";"NUEVO";"KILOGRAMO";83390;83390;83390;113960;7811.37;1.04;51096.17;331505834.47;0;0;"1107.10.10.000U";"PRODUCTOS DE MOLINERIA (ALMIDON Y HARINAS)";"CAPITULO 11PRODUCTOS DE LA MOLINERIA; MALTA; ALMIDON YFECULA; INULINA; GLUTEN DE TRIGO";"CAPITULO 11PRODUCTOS DE LA MOLINERIA; MALTA; ALMIDON YFECULA; INULINA; GLUTEN DE TRIGO  MALTA (DE CEBADA U OTROS CEREALES), INCLUSO \nTOSTADA.    -Sin tostar.       Entera o partida";"MALTA (DE CEBADA U OTROS CEREALES), INCLUSO \nTOSTADA. ";"MALTA CEBADA CERVECERA CERVECERA A GRANEL";"SIN MARCA";"MERCOSUR";0;0;0;0;0;0;0
"26DA000000121790";"EXPORTACION";"EFC1";"EXPORTACION COMPLEMENTARIA";"17/03/2026";"18/03/2026";"2026";"MARZO";"TERPORT";6487.88;"CAMION";"V";1;"US - ESTADOS UNIDOS DE AMERICA";"BO - BOLIVIA";"NUEVO";"LITROS";37305;26500;26500;26374.63;0;0;26374.63;171115434.48;0;0;"2710.12.59.200A";"COMBUSTIBLES Y DEMAS PRODUCTOS DERIVADOS DEL PETROLEO";"CAPITULO 27 COMBUSTIBLES MINERALES, ACEITES MINERALES  Y PRODUCTOS DE SU DESTILACION; MATERIAS BITUMINOSAS; CERAS MINERALES.";"CAPITULO 27 COMBUSTIBLES MINERALES, ACEITES MINERALES  Y PRODUCTOS DE SU DESTILACION; MATERIAS BITUMINOSAS; CERAS MINERALES.  ACEITES DE PETR¿LEO O DE MINERAL BITUMINOSO, EXCEPTO LOS ACEITES CRUDOS; PREPARACIONES NO EXPRESADAS NI COMPRENDIDAS EN OTRA PARTE, CON UN CONTENIDO DE ACEITES DE PETR¿LEO O DE MINERAL \nBITUMINOSO SUPERIOR O IGUAL AL 70 % EN PESO,  EN LAS QUE ESTOS ACEITES CONSTITUYAN EL ELEMENTO BASE; DESECHOS DE ACEITES. - Aceites de petr¿leo o de mineral bituminoso (excepto los aceites crudos) y preparaciones no expresadas ni comprendidas en otra parte, con un contenido de aceites de petr¿leo o de mineral bituminoso superior o igual al 70 % en peso, en las que estos aceites constituyan el elemento base, excepto las que contengan biodi¿sel  y los desechos de aceites:  - Aceites de petr¿leo o de mineral bituminoso (excepto los aceites crudos) y preparaciones no expresadas ni comprendidas en otra parte, con un contenido de aceites de petr¿leo o de mineral bituminoso superior o igual al 70 % en peso, en las que estos aceites constituyan el elemento base, excepto las que contengan biodi¿sel  y los desechos de aceites: -- Aceites livianos (ligeros)* y preparaciones\r\n --- Gasolinas\r\n ---- Las demas  Gasolinas (Naftas) sin plomo inferior o igual a 88 octanos";"ACEITES DE PETR¿LEO O DE MINERAL BITUMINOSO, EXCEPTO LOS ACEITES CRUDOS; PREPARACIONES NO EXPRESADAS NI COMPRENDIDAS EN OTRA PARTE, CON UN CONTENIDO DE ACEITES DE PETR¿LEO O DE MINERAL \nBITUMINOSO SUPERIOR O IGUAL AL 70 % EN PESO,  EN LAS QUE ESTOS ACEITES CONSTITUYAN EL ELEMENTO BASE; DESECHOS DE ACEITES. - Aceites de petr¿leo o de mineral bituminoso (excepto los aceites crudos) y preparaciones no expresadas ni comprendidas en otra parte, con un contenido de aceites de petr¿leo o de mineral bituminoso superior o igual al 70 % en peso, en las que estos aceites constituyan el elemento base, excepto las que contengan biodi¿sel  y los desechos de aceites:";"GASOLINA RON 85";"VITOL";"SIN ACUERDO";0;0;0;0;0;0;0
"26DA000000121791";"EXPORTACION";"EC09";"REEXPORTACION DESDE DEPOSITO ADUANERO";"17/03/2026";"18/03/2026";"2026";"MARZO";"TERPORT";6487.88;"CAMION";"V";1;"US - ESTADOS UNIDOS DE AMERICA";"BO - BOLIVIA";"NUEVO";"LITROS";37305;26500;26500;26374.63;0;0;26374.63;171115434.48;0;0;"2710.12.59.200A";"COMBUSTIBLES Y DEMAS PRODUCTOS DERIVADOS DEL PETROLEO";"CAPITULO 27 COMBUSTIBLES MINERALES, ACEITES MINERALES  Y PRODUCTOS DE SU DESTILACION; MATERIAS BITUMINOSAS; CERAS MINERALES.";"CAPITULO 27 COMBUSTIBLES MINERALES, ACEITES MINERALES  Y PRODUCTOS DE SU DESTILACION; MATERIAS BITUMINOSAS; CERAS MINERALES.  ACEITES DE PETR¿LEO O DE MINERAL BITUMINOSO, EXCEPTO LOS ACEITES CRUDOS; PREPARACIONES NO EXPRESADAS NI COMPRENDIDAS EN OTRA PARTE, CON UN CONTENIDO DE ACEITES DE PETR¿LEO O DE MINERAL \nBITUMINOSO SUPERIOR O IGUAL AL 70 % EN PESO,  EN LAS QUE ESTOS ACEITES CONSTITUYAN EL ELEMENTO BASE; DESECHOS DE ACEITES. - Aceites de petr¿leo o de mineral bituminoso (excepto los aceites crudos) y preparaciones no expresadas ni comprendidas en otra parte, con un contenido de aceites de petr¿leo o de mineral bituminoso superior o igual al 70 % en peso, en las que estos aceites constituyan el elemento base, excepto las que contengan biodi¿sel  y los desechos de aceites:  - Aceites de petr¿leo o de mineral bituminoso (excepto los aceites crudos) y preparaciones no expresadas ni comprendidas en otra parte, con un contenido de aceites de petr¿leo o de mineral bituminoso superior o igual al 70 % en peso, en las que estos aceites constituyan el elemento base, excepto las que contengan biodi¿sel  y los desechos de aceites: -- Aceites livianos (ligeros)* y preparaciones\r\n --- Gasolinas\r\n ---- Las demas  Gasolinas (Naftas) sin plomo inferior o igual a 88 octanos";"ACEITES DE PETR¿LEO O DE MINERAL BITUMINOSO, EXCEPTO LOS ACEITES CRUDOS; PREPARACIONES NO EXPRESADAS NI COMPRENDIDAS EN OTRA PARTE, CON UN CONTENIDO DE ACEITES DE PETR¿LEO O DE MINERAL \nBITUMINOSO SUPERIOR O IGUAL AL 70 % EN PESO,  EN LAS QUE ESTOS ACEITES CONSTITUYAN EL ELEMENTO BASE; DESECHOS DE ACEITES. - Aceites de petr¿leo o de mineral bituminoso (excepto los aceites crudos) y preparaciones no expresadas ni comprendidas en otra parte, con un contenido de aceites de petr¿leo o de mineral bituminoso superior o igual al 70 % en peso, en las que estos aceites constituyan el elemento base, excepto las que contengan biodi¿sel  y los desechos de aceites:";"GASOLINA RON 85";"VITOL";"SIN ACUERDO";0;0;0;0;0;0;0
"26DA000000121792";"EXPORTACION";"EFC1";"EXPORTACION COMPLEMENTARIA";"17/03/2026";"18/03/2026";"2026";"MARZO";"TERPORT";6487.88;"CAMION";"V";1;"US - ESTADOS UNIDOS DE AMERICA";"BO - BOLIVIA";"NUEVO";"LITROS";71665;25890;25890;25680.36;0;0;25680.36;166611094.04;0;0;"2710.12.59.200A";"COMBUSTIBLES Y DEMAS PRODUCTOS DERIVADOS DEL PETROLEO";"CAPITULO 27 COMBUSTIBLES MINERALES, ACEITES MINERALES  Y PRODUCTOS DE SU DESTILACION; MATERIAS BITUMINOSAS; CERAS MINERALES.";"CAPITULO 27 COMBUSTIBLES MINERALES, ACEITES MINERALES  Y PRODUCTOS DE SU DESTILACION; MATERIAS BITUMINOSAS; CERAS MINERALES.  ACEITES DE PETR¿LEO O DE MINERAL BITUMINOSO, EXCEPTO LOS ACEITES CRUDOS; PREPARACIONES NO EXPRESADAS NI COMPRENDIDAS EN OTRA PARTE, CON UN CONTENIDO DE ACEITES DE PETR¿LEO O DE MINERAL \nBITUMINOSO SUPERIOR O IGUAL AL 70 % EN PESO,  EN LAS QUE ESTOS ACEITES CONSTITUYAN EL ELEMENTO BASE; DESECHOS DE ACEITES. - Aceites de petr¿leo o de mineral bituminoso (excepto los aceites crudos) y preparaciones no expresadas ni comprendidas en otra parte, con un contenido de aceites de petr¿leo o de mineral bituminoso superior o igual al 70 % en peso, en las que estos aceites constituyan el elemento base, excepto las que contengan biodi¿sel  y los desechos de aceites:  - Aceites de petr¿leo o de mineral bituminoso (excepto los aceites crudos) y preparaciones no expresadas ni comprendidas en otra parte, con un contenido de aceites de petr¿leo o de mineral bituminoso superior o igual al 70 % en peso, en las que estos aceites constituyan el elemento base, excepto las que contengan biodi¿sel  y los desechos de aceites: -- Aceites livianos (ligeros)* y preparaciones\r\n --- Gasolinas\r\n ---- Las demas  Gasolinas (Naftas) sin plomo inferior o igual a 88 octanos";"ACEITES DE PETR¿LEO O DE MINERAL BITUMINOSO, EXCEPTO LOS ACEITES CRUDOS; PREPARACIONES NO EXPRESADAS NI COMPRENDIDAS EN OTRA PARTE, CON UN CONTENIDO DE ACEITES DE PETR¿LEO O DE MINERAL \nBITUMINOSO SUPERIOR O IGUAL AL 70 % EN PESO,  EN LAS QUE ESTOS ACEITES CONSTITUYAN EL ELEMENTO BASE; DESECHOS DE ACEITES. - Aceites de petr¿leo o de mineral bituminoso (excepto los aceites crudos) y preparaciones no expresadas ni comprendidas en otra parte, con un contenido de aceites de petr¿leo o de mineral bituminoso superior o igual al 70 % en peso, en las que estos aceites constituyan el elemento base, excepto las que contengan biodi¿sel  y los desechos de aceites:";"GASOLINA RON 85";"VITOL";"SIN ACUERDO";0;0;0;0;0;0;0
"26DA000000121793";"IMPORTACION";"IC04";"IMPORTACION A CONSUMO CON DOCUMENTO DE TRANSPORTE";"18/03/2026";"18/03/2026";"2026";"MARZO";"PAKSA";6468.07;"CAMION";"V";8;"BR - BRASIL";"BR - BRASIL";"NUEVO";"KILOGRAMO";5600;5600;5700;3922.9;461.11;39.22;4423.23;28609761.27;0;0;"3824.40.00.000A";"PRODUCTOS QUIMICOS";"CAPITULO 38PRODUCTOS DIVERSOS DE LA INDUSTRIA QUIMICA";"CAPITULO 38PRODUCTOS DIVERSOS DE LA INDUSTRIA QUIMICA  PREPARACIONES AGLUTINANTES PARA MOLDES O NUCLEOS DE FUNDICION; PRODUCTOS QUIMICOS Y PREPARACIONES DE LA INDUSTRIA QUIMICA O DE LAS INDUSTRIAS CONEXAS (INCLUIDAS LAS MEZCLAS DE PRODUCTOS NATURALES), NO EXPRESADOS NI COMPRENDIDOS EN OTRA PARTE, PRODUCTOS RESIDUALES DE LA INDUSTRIA QUIMICA O DE LAS INDUSTRIAS CONEXAS, NO EXPRESADOS NI COMPRENDIDOS EN OTRA PARTE.        -Aditivos preparados para cementos, morteros u hormigones.";"PREPARACIONES AGLUTINANTES PARA MOLDES O NUCLEOS DE FUNDICION; PRODUCTOS QUIMICOS Y PREPARACIONES DE LA INDUSTRIA QUIMICA O DE LAS INDUSTRIAS CONEXAS (INCLUIDAS LAS MEZCLAS DE PRODUCTOS NATURALES), NO EXPRESADOS NI COMPRENDIDOS EN OTRA PARTE, PRODUCTOS RESIDUALES DE LA INDUSTRIA QUIMICA O DE LAS INDUSTRIAS CONEXAS, NO EXPRESADOS NI COMPRENDIDOS EN OTRA PARTE. ";"5600) KILOGRAMOS EMCORIL TRAFFIC 200KG.";"MC";"MERCOSUR";0;0;143049;0;2875281;115011;3133341
"26DA000000121793";"IMPORTACION";"IC04";"IMPORTACION A CONSUMO CON DOCUMENTO DE TRANSPORTE";"18/03/2026";"18/03/2026";"2026";"MARZO";"PAKSA";6468.07;"CAMION";"V";9;"BR - BRASIL";"BR - BRASIL";"NUEVO";"KILOGRAMO";1600;1600;1700;2894.96;340.28;28.94;3264.18;21112944.73;0;0;"3824.40.00.000A";"PRODUCTOS QUIMICOS";"CAPITULO 38PRODUCTOS DIVERSOS DE LA INDUSTRIA QUIMICA";"CAPITULO 38PRODUCTOS DIVERSOS DE LA INDUSTRIA QUIMICA  PREPARACIONES AGLUTINANTES PARA MOLDES O NUCLEOS DE FUNDICION; PRODUCTOS QUIMICOS Y PREPARACIONES DE LA INDUSTRIA QUIMICA O DE LAS INDUSTRIAS CONEXAS (INCLUIDAS LAS MEZCLAS DE PRODUCTOS NATURALES), NO EXPRESADOS NI COMPRENDIDOS EN OTRA PARTE, PRODUCTOS RESIDUALES DE LA INDUSTRIA QUIMICA O DE LAS INDUSTRIAS CONEXAS, NO EXPRESADOS NI COMPRENDIDOS EN OTRA PARTE.        -Aditivos preparados para cementos, morteros u hormigones.";"PREPARACIONES AGLUTINANTES PARA MOLDES O NUCLEOS DE FUNDICION; PRODUCTOS QUIMICOS Y PREPARACIONES DE LA INDUSTRIA QUIMICA O DE LAS INDUSTRIAS CONEXAS (INCLUIDAS LAS MEZCLAS DE PRODUCTOS NATURALES), NO EXPRESADOS NI COMPRENDIDOS EN OTRA PARTE, PRODUCTOS RESIDUALES DE LA INDUSTRIA QUIMICA O DE LAS INDUSTRIAS CONEXAS, NO EXPRESADOS NI COMPRENDIDOS EN OTRA PARTE. ";"1600) KILOGRAMOS EMCORIL COMPACT PRO 200KG.";"MC";"MERCOSUR";0;0;105565;0;2121851;84874;2312290
"26DA000000121793";"IMPORTACION";"IC04";"IMPORTACION A CONSUMO CON DOCUMENTO DE TRANSPORTE";"18/03/2026";"18/03/2026";"2026";"MARZO";"PAKSA";6468.07;"CAMION";"V";14;"DE - ALEMANIA";"BR - BRASIL";"NUEVO";"KILOGRAMO";180;180;180;879.52;103.38;8.79;991.69;6414320;0;0;"3214.10.20.000T";"COLORANTES Y PINTURAS";"CAPITULO 32 EXTRACTOS CURTIENTES O TINTOREOS; TANINOS Y SUSDERIVADOS; PIGMENTOS Y DEMAS MATERIAS COLORANTES;  PINTURAS Y BARNICES; MASTIQUES; TINTAS";"CAPITULO 32 EXTRACTOS CURTIENTES O TINTOREOS; TANINOS Y SUSDERIVADOS; PIGMENTOS Y DEMAS MATERIAS COLORANTES;  PINTURAS Y BARNICES; MASTIQUES; TINTAS  MASILLA, CEMENTOS DE RESINA Y DEMAS MASTIQUES;\nPLASTES (ENDUIDOS) UTILIZADOS EN PINTURA; PLASTES (ENDUIDOS) NO REFRACTARIOS DE LOS TIPOS UTILIZADOS EN ALBA¿ILERIA.    -Masilla, cementos de resina y dem¿s mastiques, plastes (enduidos) utilizados en pintura.       Plastes (endu¿dos) utilizados en pintura.";"MASILLA, CEMENTOS DE RESINA Y DEMAS MASTIQUES;\nPLASTES (ENDUIDOS) UTILIZADOS EN PINTURA; PLASTES (ENDUIDOS) NO REFRACTARIOS DE LOS TIPOS UTILIZADOS EN ALBA¿ILERIA. ";"180) KILOGRAMOS MC DUR 1320VK COMP A 18 KG.";"MC";"SIN ACUERDO";808204;0;32072;0;725460;29018;1594754
"26DA000000121793";"IMPORTACION";"IC04";"IMPORTACION A CONSUMO CON DOCUMENTO DE TRANSPORTE";"18/03/2026";"18/03/2026";"2026";"MARZO";"PAKSA";6468.07;"CAMION";"V";4;"BR - BRASIL";"BR - BRASIL";"NUEVO";"KILOGRAMO";2450;2450;2550;573.67;67.43;5.73;646.83;4183741.72;0;0;"3214.90.00.000L";"COLORANTES Y PINTURAS";"CAPITULO 32 EXTRACTOS CURTIENTES O TINTOREOS; TANINOS Y SUSDERIVADOS; PIGMENTOS Y DEMAS MATERIAS COLORANTES;  PINTURAS Y BARNICES; MASTIQUES; TINTAS";"CAPITULO 32 EXTRACTOS CURTIENTES O TINTOREOS; TANINOS Y SUSDERIVADOS; PIGMENTOS Y DEMAS MATERIAS COLORANTES;  PINTURAS Y BARNICES; MASTIQUES; TINTAS  MASILLA, CEMENTOS DE RESINA Y DEMAS MASTIQUES;\nPLASTES (ENDUIDOS) UTILIZADOS EN PINTURA; PLASTES (ENDUIDOS) NO REFRACTARIOS DE LOS TIPOS UTILIZADOS EN ALBA¿ILERIA.        -Los dem¿s.";"MASILLA, CEMENTOS DE RESINA Y DEMAS MASTIQUES;\nPLASTES (ENDUIDOS) UTILIZADOS EN PINTURA; PLASTES (ENDUIDOS) NO REFRACTARIOS DE LOS TIPOS UTILIZADOS EN ALBA¿ILERIA. ";"2450) KILOGRAMOS NAFUFILL CR 25KG.";"MC";"MERCOSUR";0;0;20919;0;420466;16819;458204
"26DA000000121793";"IMPORTACION";"IC04";"IMPORTACION A CONSUMO CON DOCUMENTO DE TRANSPORTE";"18/03/2026";"18/03/2026";"2026";"MARZO";"PAKSA";6468.07;"CAMION";"V";5;"BR - BRASIL";"BR - BRASIL";"NUEVO";"KILOGRAMO";442.8;442.8;442.8;2989.67;351.41;29.89;3370.97;21803669.93;0;0;"3214.10.10.000H";"COLORANTES Y PINTURAS";"CAPITULO 32 EXTRACTOS CURTIENTES O TINTOREOS; TANINOS Y SUSDERIVADOS; PIGMENTOS Y DEMAS MATERIAS COLORANTES;  PINTURAS Y BARNICES; MASTIQUES; TINTAS";"CAPITULO 32 EXTRACTOS CURTIENTES O TINTOREOS; TANINOS Y SUSDERIVADOS; PIGMENTOS Y DEMAS MATERIAS COLORANTES;  PINTURAS Y BARNICES; MASTIQUES; TINTAS  MASILLA, CEMENTOS DE RESINA Y DEMAS MASTIQUES;\nPLASTES (ENDUIDOS) UTILIZADOS EN PINTURA; PLASTES (ENDUIDOS) NO REFRACTARIOS DE LOS TIPOS UTILIZADOS EN ALBA¿ILERIA.    -Masilla, cementos de resina y dem¿s mastiques, plastes (enduidos) utilizados en pintura.       Masilla, cementos de resina y dem¿s m¿stiques.";"MASILLA, CEMENTOS DE RESINA Y DEMAS MASTIQUES;\nPLASTES (ENDUIDOS) UTILIZADOS EN PINTURA; PLASTES (ENDUIDOS) NO REFRACTARIOS DE LOS TIPOS UTILIZADOS EN ALBA¿ILERIA. ";"540) METROS MC WARTER STOP";"MC";"MERCOSUR";0;0;109018;0;2191269;87651;2387938
"26DA000000121793";"IMPORTACION";"IC04";"IMPORTACION A CONSUMO CON DOCUMENTO DE TRANSPORTE";"18/03/2026";"18/03/2026";"2026";"MARZO";"PAKSA";6468.07;"CAMION";"V";6;"BR - BRASIL";"BR - BRASIL";"NUEVO";"UNIDAD";288;288;288;1065.04;125.18;10.65;1200.87;7767311.22;0;0;"3506.10.90.000X";"CAPITULO 35  MATERIAS ALBUMINOIDEAS; PRODUCTOS A BASE DE ALMIDON O DE FECULA MODIFICADOS; COLAS; ENZ";"CAPITULO 35  MATERIAS ALBUMINOIDEAS; PRODUCTOS A BASE DE ALMIDON O DE FECULA MODIFICADOS; COLAS; ENZIMAS";"CAPITULO 35  MATERIAS ALBUMINOIDEAS; PRODUCTOS A BASE DE ALMIDON O DE FECULA MODIFICADOS; COLAS; ENZIMAS  COLAS Y DEMAS ADHESIVOS PREPARADOS, NO EXPRESADOS\nNI COMPRENDIDOS EN OTRA PARTE; PRODUCTOS DE \nCUALQUIER CLASE UTILIZADOS COMO COLAS O\nADHESIVOS, ACONDICIONADOS PARA LA VENTA AL POR \nMENOR COMO COLAS O ADHESIVOS DE PESO NETO \nINFERIOR O IGUAL A 1 Kg.    -Productos de cualquier clase utilizados como\n colas o adhesivos, acondicionados para la venta\n al por menor como colas o adhesivos de un peso\n neto inferior o igual a 1 Kg.       Los dem¿s.";"COLAS Y DEMAS ADHESIVOS PREPARADOS, NO EXPRESADOS\nNI COMPRENDIDOS EN OTRA PARTE; PRODUCTOS DE \nCUALQUIER CLASE UTILIZADOS COMO COLAS O\nADHESIVOS, ACONDICIONADOS PARA LA VENTA AL POR \nMENOR COMO COLAS O ADHESIVOS DE PESO NETO \nINFERIOR O IGUAL A 1 Kg. ";"288) KILOGRAMOS MC SOLID 1300TX COMP A+B 6X1 KG.";"MC";"MERCOSUR";0;0;38837;0;780615;31225;850677
"26DA000000121793";"IMPORTACION";"IC04";"IMPORTACION A CONSUMO CON DOCUMENTO DE TRANSPORTE";"18/03/2026";"18/03/2026";"2026";"MARZO";"PAKSA";6468.07;"CAMION";"V";11;"DE - ALEMANIA";"BR - BRASIL";"NUEVO";"KILOGRAMO";800;800;900;244.6;28.75;2.44;275.79;1783829;0;0;"3824.40.00.000A";"PRODUCTOS QUIMICOS";"CAPITULO 38PRODUCTOS DIVERSOS DE LA INDUSTRIA QUIMICA";"CAPITULO 38PRODUCTOS DIVERSOS DE LA INDUSTRIA QUIMICA  PREPARACIONES AGLUTINANTES PARA MOLDES O NUCLEOS DE FUNDICION; PRODUCTOS QUIMICOS Y PREPARACIONES DE LA INDUSTRIA QUIMICA O DE LAS INDUSTRIAS CONEXAS (INCLUIDAS LAS MEZCLAS DE PRODUCTOS NATURALES), NO EXPRESADOS NI COMPRENDIDOS EN OTRA PARTE, PRODUCTOS RESIDUALES DE LA INDUSTRIA QUIMICA O DE LAS INDUSTRIAS CONEXAS, NO EXPRESADOS NI COMPRENDIDOS EN OTRA PARTE.        -Aditivos preparados para cementos, morteros u hormigones.";"PREPARACIONES AGLUTINANTES PARA MOLDES O NUCLEOS DE FUNDICION; PRODUCTOS QUIMICOS Y PREPARACIONES DE LA INDUSTRIA QUIMICA O DE LAS INDUSTRIAS CONEXAS (INCLUIDAS LAS MEZCLAS DE PRODUCTOS NATURALES), NO EXPRESADOS NI COMPRENDIDOS EN OTRA PARTE, PRODUCTOS RESIDUALES DE LA INDUSTRIA QUIMICA O DE LAS INDUSTRIAS CONEXAS, NO EXPRESADOS NI COMPRENDIDOS EN OTRA PARTE. ";"800) KILOGRAMOS CENTRIPOR ALVENARIA 200KG.";"MC";"SIN ACUERDO";224762;0;8919;0;201751;8070;443502
"26DA000000121793";"IMPORTACION";"IC04";"IMPORTACION A CONSUMO CON DOCUMENTO DE TRANSPORTE";"18/03/2026";"18/03/2026";"2026";"MARZO";"PAKSA";6468.07;"CAMION";"V";18;"BR - BRASIL";"BR - BRASIL";"NUEVO";"UNIDAD";12;9.6;9.6;31.93;3.83;0.42;36.18;234014.77;0;0;"3506.10.90.000X";"CAPITULO 35  MATERIAS ALBUMINOIDEAS; PRODUCTOS A BASE DE ALMIDON O DE FECULA MODIFICADOS; COLAS; ENZ";"CAPITULO 35  MATERIAS ALBUMINOIDEAS; PRODUCTOS A BASE DE ALMIDON O DE FECULA MODIFICADOS; COLAS; ENZIMAS";"CAPITULO 35  MATERIAS ALBUMINOIDEAS; PRODUCTOS A BASE DE ALMIDON O DE FECULA MODIFICADOS; COLAS; ENZIMAS  COLAS Y DEMAS ADHESIVOS PREPARADOS, NO EXPRESADOS\nNI COMPRENDIDOS EN OTRA PARTE; PRODUCTOS DE \nCUALQUIER CLASE UTILIZADOS COMO COLAS O\nADHESIVOS, ACONDICIONADOS PARA LA VENTA AL POR \nMENOR COMO COLAS O ADHESIVOS DE PESO NETO \nINFERIOR O IGUAL A 1 Kg.    -Productos de cualquier clase utilizados como\n colas o adhesivos, acondicionados para la venta\n al por menor como colas o adhesivos de un peso\n neto inferior o igual a 1 Kg.       Los dem¿s.";"COLAS Y DEMAS ADHESIVOS PREPARADOS, NO EXPRESADOS\nNI COMPRENDIDOS EN OTRA PARTE; PRODUCTOS DE \nCUALQUIER CLASE UTILIZADOS COMO COLAS O\nADHESIVOS, ACONDICIONADOS PARA LA VENTA AL POR \nMENOR COMO COLAS O ADHESIVOS DE PESO NETO \nINFERIOR O IGUAL A 1 Kg. ";"12) KILOGRAMOS MC FLEX PU PRECAST CINZA SACHE 800G";"MC";"MERCOSUR";0;0;1170;0;23519;941;25630
"26DA000000121793";"IMPORTACION";"IC04";"IMPORTACION A CONSUMO CON DOCUMENTO DE TRANSPORTE";"18/03/2026";"18/03/2026";"2026";"MARZO";"PAKSA";6468.07;"CAMION";"V";1;"BR - BRASIL";"BR - BRASIL";"NUEVO";"UNIDAD";288;288;388;1082.87;127.28;10.82;1220.97;7897319.43;0;0;"3506.10.90.000X";"CAPITULO 35  MATERIAS ALBUMINOIDEAS; PRODUCTOS A BASE DE ALMIDON O DE FECULA MODIFICADOS; COLAS; ENZ";"CAPITULO 35  MATERIAS ALBUMINOIDEAS; PRODUCTOS A BASE DE ALMIDON O DE FECULA MODIFICADOS; COLAS; ENZIMAS";"CAPITULO 35  MATERIAS ALBUMINOIDEAS; PRODUCTOS A BASE DE ALMIDON O DE FECULA MODIFICADOS; COLAS; ENZIMAS  COLAS Y DEMAS ADHESIVOS PREPARADOS, NO EXPRESADOS\nNI COMPRENDIDOS EN OTRA PARTE; PRODUCTOS DE \nCUALQUIER CLASE UTILIZADOS COMO COLAS O\nADHESIVOS, ACONDICIONADOS PARA LA VENTA AL POR \nMENOR COMO COLAS O ADHESIVOS DE PESO NETO \nINFERIOR O IGUAL A 1 Kg.    -Productos de cualquier clase utilizados como\n colas o adhesivos, acondicionados para la venta\n al por menor como colas o adhesivos de un peso\n neto inferior o igual a 1 Kg.       Los dem¿s.";"COLAS Y DEMAS ADHESIVOS PREPARADOS, NO EXPRESADOS\nNI COMPRENDIDOS EN OTRA PARTE; PRODUCTOS DE \nCUALQUIER CLASE UTILIZADOS COMO COLAS O\nADHESIVOS, ACONDICIONADOS PARA LA VENTA AL POR \nMENOR COMO COLAS O ADHESIVOS DE PESO NETO \nINFERIOR O IGUAL A 1 Kg. ";"288) KILOGRAMOS MC SOLID 1300 COMP A+B 6X1 KG";"MC";"MERCOSUR";0;0;39487;0;793681;31747;864915
"26DA000000121793";"IMPORTACION";"IC04";"IMPORTACION A CONSUMO CON DOCUMENTO DE TRANSPORTE";"18/03/2026";"18/03/2026";"2026";"MARZO";"PAKSA";6468.07;"CAMION";"V";7;"BR - BRASIL";"BR - BRASIL";"NUEVO";"KILOGRAMO";625;625;625;298.74;35.11;2.98;336.83;2178640.02;0;0;"3214.90.00.000L";"COLORANTES Y PINTURAS";"CAPITULO 32 EXTRACTOS CURTIENTES O TINTOREOS; TANINOS Y SUSDERIVADOS; PIGMENTOS Y DEMAS MATERIAS COLORANTES;  PINTURAS Y BARNICES; MASTIQUES; TINTAS";"CAPITULO 32 EXTRACTOS CURTIENTES O TINTOREOS; TANINOS Y SUSDERIVADOS; PIGMENTOS Y DEMAS MATERIAS COLORANTES;  PINTURAS Y BARNICES; MASTIQUES; TINTAS  MASILLA, CEMENTOS DE RESINA Y DEMAS MASTIQUES;\nPLASTES (ENDUIDOS) UTILIZADOS EN PINTURA; PLASTES (ENDUIDOS) NO REFRACTARIOS DE LOS TIPOS UTILIZADOS EN ALBA¿ILERIA.        -Los dem¿s.";"MASILLA, CEMENTOS DE RESINA Y DEMAS MASTIQUES;\nPLASTES (ENDUIDOS) UTILIZADOS EN PINTURA; PLASTES (ENDUIDOS) NO REFRACTARIOS DE LOS TIPOS UTILIZADOS EN ALBA¿ILERIA. ";"625) KILOGRAMOS EMCEKRETE 50 FAST 25KG.";"MC";"MERCOSUR";0;0;10893;0;218953;8758;238604
"26DA000000121793";"IMPORTACION";"IC04";"IMPORTACION A CONSUMO CON DOCUMENTO DE TRANSPORTE";"18/03/2026";"18/03/2026";"2026";"MARZO";"PAKSA";6468.07;"CAMION";"V";10;"BR - BRASIL";"BR - BRASIL";"NUEVO";"KILOGRAMO";1600;1600;1700;944.35;111;9.44;1064.79;6887136.26;0;0;"3824.40.00.000A";"PRODUCTOS QUIMICOS";"CAPITULO 38PRODUCTOS DIVERSOS DE LA INDUSTRIA QUIMICA";"CAPITULO 38PRODUCTOS DIVERSOS DE LA INDUSTRIA QUIMICA  PREPARACIONES AGLUTINANTES PARA MOLDES O NUCLEOS DE FUNDICION; PRODUCTOS QUIMICOS Y PREPARACIONES DE LA INDUSTRIA QUIMICA O DE LAS INDUSTRIAS CONEXAS (INCLUIDAS LAS MEZCLAS DE PRODUCTOS NATURALES), NO EXPRESADOS NI COMPRENDIDOS EN OTRA PARTE, PRODUCTOS RESIDUALES DE LA INDUSTRIA QUIMICA O DE LAS INDUSTRIAS CONEXAS, NO EXPRESADOS NI COMPRENDIDOS EN OTRA PARTE.        -Aditivos preparados para cementos, morteros u hormigones.";"PREPARACIONES AGLUTINANTES PARA MOLDES O NUCLEOS DE FUNDICION; PRODUCTOS QUIMICOS Y PREPARACIONES DE LA INDUSTRIA QUIMICA O DE LAS INDUSTRIAS CONEXAS (INCLUIDAS LAS MEZCLAS DE PRODUCTOS NATURALES), NO EXPRESADOS NI COMPRENDIDOS EN OTRA PARTE, PRODUCTOS RESIDUALES DE LA INDUSTRIA QUIMICA O DE LAS INDUSTRIAS CONEXAS, NO EXPRESADOS NI COMPRENDIDOS EN OTRA PARTE. ";"1600) KILOGRAMOS EMCORIL PROTECT S 200KG.";"MC";"MERCOSUR";0;0;34436;0;692157;27686;754279
"26DA000000121793";"IMPORTACION";"IC04";"IMPORTACION A CONSUMO CON DOCUMENTO DE TRANSPORTE";"18/03/2026";"18/03/2026";"2026";"MARZO";"PAKSA";6468.07;"CAMION";"V";12;"BR - BRASIL";"BR - BRASIL";"NUEVO";"KILOGRAMO";702;702;802.636;805.57;94.68;8.05;908.3;5874947.98;0;0;"3214.90.00.000L";"COLORANTES Y PINTURAS";"CAPITULO 32 EXTRACTOS CURTIENTES O TINTOREOS; TANINOS Y SUSDERIVADOS; PIGMENTOS Y DEMAS MATERIAS COLORANTES;  PINTURAS Y BARNICES; MASTIQUES; TINTAS";"CAPITULO 32 EXTRACTOS CURTIENTES O TINTOREOS; TANINOS Y SUSDERIVADOS; PIGMENTOS Y DEMAS MATERIAS COLORANTES;  PINTURAS Y BARNICES; MASTIQUES; TINTAS  MASILLA, CEMENTOS DE RESINA Y DEMAS MASTIQUES;\nPLASTES (ENDUIDOS) UTILIZADOS EN PINTURA; PLASTES (ENDUIDOS) NO REFRACTARIOS DE LOS TIPOS UTILIZADOS EN ALBA¿ILERIA.        -Los dem¿s.";"MASILLA, CEMENTOS DE RESINA Y DEMAS MASTIQUES;\nPLASTES (ENDUIDOS) UTILIZADOS EN PINTURA; PLASTES (ENDUIDOS) NO REFRACTARIOS DE LOS TIPOS UTILIZADOS EN ALBA¿ILERIA. ";"702) KILOGRAMOS MC FAST BLOCK 13KG.";"MC";"MERCOSUR";0;0;29375;0;590432;23617;643424
"26DA000000121793";"IMPORTACION";"IC04";"IMPORTACION A CONSUMO CON DOCUMENTO DE TRANSPORTE";"18/03/2026";"18/03/2026";"2026";"MARZO";"PAKSA";6468.07;"CAMION";"V";16;"DE - ALEMANIA";"BR - BRASIL";"NUEVO";"METROS";20;0.8;0.8;117.23;13.77;1.17;132.17;854885;0;0;"5407.30.00.000R";"MATERIAS TEXTILES (TEJIDOS)";"CAPITULO 54 FILAMENTOS SINTETICOS O ARTIFICIALES";"CAPITULO 54 FILAMENTOS SINTETICOS O ARTIFICIALES  TEJIDOS DE HILADOS DE FILAMENTOS SINTETICOS,\nINCLUIDOS LOS TEJIDOS FABRICADOS CON LOS\nPRODUCTOS DE LA PARTIDA 54.04.        -Productos citados en la Nota 9 de la secci¿n XI.";"TEJIDOS DE HILADOS DE FILAMENTOS SINTETICOS,\nINCLUIDOS LOS TEJIDOS FABRICADOS CON LOS\nPRODUCTOS DE LA PARTIDA 54.04. ";"20) UNIDADES MC TOPMESH TELA RODAPE RL 35M LINEARES";"MC";"SIN ACUERDO";153879;0;4274;0;101304;4052;263509
"26DA000000121793";"IMPORTACION";"IC04";"IMPORTACION A CONSUMO CON DOCUMENTO DE TRANSPORTE";"18/03/2026";"18/03/2026";"2026";"MARZO";"PAKSA";6468.07;"CAMION";"V";15;"BR - BRASIL";"BR - BRASIL";"NUEVO";"KILOGRAMO";36;36;36;419.87;49.35;4.19;473.41;3062049.02;0;0;"3214.90.00.000L";"COLORANTES Y PINTURAS";"CAPITULO 32 EXTRACTOS CURTIENTES O TINTOREOS; TANINOS Y SUSDERIVADOS; PIGMENTOS Y DEMAS MATERIAS COLORANTES;  PINTURAS Y BARNICES; MASTIQUES; TINTAS";"CAPITULO 32 EXTRACTOS CURTIENTES O TINTOREOS; TANINOS Y SUSDERIVADOS; PIGMENTOS Y DEMAS MATERIAS COLORANTES;  PINTURAS Y BARNICES; MASTIQUES; TINTAS  MASILLA, CEMENTOS DE RESINA Y DEMAS MASTIQUES;\nPLASTES (ENDUIDOS) UTILIZADOS EN PINTURA; PLASTES (ENDUIDOS) NO REFRACTARIOS DE LOS TIPOS UTILIZADOS EN ALBA¿ILERIA.        -Los dem¿s.";"MASILLA, CEMENTOS DE RESINA Y DEMAS MASTIQUES;\nPLASTES (ENDUIDOS) UTILIZADOS EN PINTURA; PLASTES (ENDUIDOS) NO REFRACTARIOS DE LOS TIPOS UTILIZADOS EN ALBA¿ILERIA. ";"36) KILOGRAMOS MC DUR 1320VK/1322 COMP B 3,6 KG.";"MC";"MERCOSUR";0;0;15310;0;307736;12309;335355
"26DA000000121793";"IMPORTACION";"IC04";"IMPORTACION A CONSUMO CON DOCUMENTO DE TRANSPORTE";"18/03/2026";"18/03/2026";"2026";"MARZO";"PAKSA";6468.07;"CAMION";"V";2;"BR - BRASIL";"BR - BRASIL";"NUEVO";"KILOGRAMO";792;792;892;682.19;80.18;6.82;769.19;4975174.76;0;0;"3214.90.00.000L";"COLORANTES Y PINTURAS";"CAPITULO 32 EXTRACTOS CURTIENTES O TINTOREOS; TANINOS Y SUSDERIVADOS; PIGMENTOS Y DEMAS MATERIAS COLORANTES;  PINTURAS Y BARNICES; MASTIQUES; TINTAS";"CAPITULO 32 EXTRACTOS CURTIENTES O TINTOREOS; TANINOS Y SUSDERIVADOS; PIGMENTOS Y DEMAS MATERIAS COLORANTES;  PINTURAS Y BARNICES; MASTIQUES; TINTAS  MASILLA, CEMENTOS DE RESINA Y DEMAS MASTIQUES;\nPLASTES (ENDUIDOS) UTILIZADOS EN PINTURA; PLASTES (ENDUIDOS) NO REFRACTARIOS DE LOS TIPOS UTILIZADOS EN ALBA¿ILERIA.        -Los dem¿s.";"MASILLA, CEMENTOS DE RESINA Y DEMAS MASTIQUES;\nPLASTES (ENDUIDOS) UTILIZADOS EN PINTURA; PLASTES (ENDUIDOS) NO REFRACTARIOS DE LOS TIPOS UTILIZADOS EN ALBA¿ILERIA. ";"44) CAJAS MC PROOF 500 CAIXA 18 KG.";"MC";"MERCOSUR";0;0;24876;0;500005;20000;544881
"26DA000000121793";"IMPORTACION";"IC04";"IMPORTACION A CONSUMO CON DOCUMENTO DE TRANSPORTE";"18/03/2026";"18/03/2026";"2026";"MARZO";"PAKSA";6468.07;"CAMION";"V";13;"BR - BRASIL";"BR - BRASIL";"NUEVO";"KILOGRAMO";396;396;419.4;3060.61;359.75;30.6;3450.96;22321050.85;0;0;"3214.10.10.000H";"COLORANTES Y PINTURAS";"CAPITULO 32 EXTRACTOS CURTIENTES O TINTOREOS; TANINOS Y SUSDERIVADOS; PIGMENTOS Y DEMAS MATERIAS COLORANTES;  PINTURAS Y BARNICES; MASTIQUES; TINTAS";"CAPITULO 32 EXTRACTOS CURTIENTES O TINTOREOS; TANINOS Y SUSDERIVADOS; PIGMENTOS Y DEMAS MATERIAS COLORANTES;  PINTURAS Y BARNICES; MASTIQUES; TINTAS  MASILLA, CEMENTOS DE RESINA Y DEMAS MASTIQUES;\nPLASTES (ENDUIDOS) UTILIZADOS EN PINTURA; PLASTES (ENDUIDOS) NO REFRACTARIOS DE LOS TIPOS UTILIZADOS EN ALBA¿ILERIA.    -Masilla, cementos de resina y dem¿s mastiques, plastes (enduidos) utilizados en pintura.       Masilla, cementos de resina y dem¿s m¿stiques.";"MASILLA, CEMENTOS DE RESINA Y DEMAS MASTIQUES;\nPLASTES (ENDUIDOS) UTILIZADOS EN PINTURA; PLASTES (ENDUIDOS) NO REFRACTARIOS DE LOS TIPOS UTILIZADOS EN ALBA¿ILERIA. ";"1200) METROS MC WATER STOP CAIXA 60M)";"MC";"MERCOSUR";0;0;111605;0;2243266;89731;2444602
"26DA000000121793";"IMPORTACION";"IC04";"IMPORTACION A CONSUMO CON DOCUMENTO DE TRANSPORTE";"18/03/2026";"18/03/2026";"2026";"MARZO";"PAKSA";6468.07;"CAMION";"V";17;"BR - BRASIL";"BR - BRASIL";"NUEVO";"KILOGRAMO";20;20;20;14.91;1.75;0.14;16.8;108663.58;0;0;"3824.40.00.000A";"PRODUCTOS QUIMICOS";"CAPITULO 38PRODUCTOS DIVERSOS DE LA INDUSTRIA QUIMICA";"CAPITULO 38PRODUCTOS DIVERSOS DE LA INDUSTRIA QUIMICA  PREPARACIONES AGLUTINANTES PARA MOLDES O NUCLEOS DE FUNDICION; PRODUCTOS QUIMICOS Y PREPARACIONES DE LA INDUSTRIA QUIMICA O DE LAS INDUSTRIAS CONEXAS (INCLUIDAS LAS MEZCLAS DE PRODUCTOS NATURALES), NO EXPRESADOS NI COMPRENDIDOS EN OTRA PARTE, PRODUCTOS RESIDUALES DE LA INDUSTRIA QUIMICA O DE LAS INDUSTRIAS CONEXAS, NO EXPRESADOS NI COMPRENDIDOS EN OTRA PARTE.        -Aditivos preparados para cementos, morteros u hormigones.";"PREPARACIONES AGLUTINANTES PARA MOLDES O NUCLEOS DE FUNDICION; PRODUCTOS QUIMICOS Y PREPARACIONES DE LA INDUSTRIA QUIMICA O DE LAS INDUSTRIAS CONEXAS (INCLUIDAS LAS MEZCLAS DE PRODUCTOS NATURALES), NO EXPRESADOS NI COMPRENDIDOS EN OTRA PARTE, PRODUCTOS RESIDUALES DE LA INDUSTRIA QUIMICA O DE LAS INDUSTRIAS CONEXAS, NO EXPRESADOS NI COMPRENDIDOS EN OTRA PARTE. ";"20) KILOGRAMOS CENTRAMENT EXPANDING AGENT 20KG";"MC";"MERCOSUR";0;0;543;0;10921;437;11901
"26DA000000121793";"IMPORTACION";"IC04";"IMPORTACION A CONSUMO CON DOCUMENTO DE TRANSPORTE";"18/03/2026";"18/03/2026";"2026";"MARZO";"PAKSA";6468.07;"CAMION";"V";3;"BR - BRASIL";"BR - BRASIL";"NUEVO";"KILOGRAMO";1176;1176;1176;389.35;45.76;3.89;439;2839482.73;0;0;"3214.90.00.000L";"COLORANTES Y PINTURAS";"CAPITULO 32 EXTRACTOS CURTIENTES O TINTOREOS; TANINOS Y SUSDERIVADOS; PIGMENTOS Y DEMAS MATERIAS COLORANTES;  PINTURAS Y BARNICES; MASTIQUES; TINTAS";"CAPITULO 32 EXTRACTOS CURTIENTES O TINTOREOS; TANINOS Y SUSDERIVADOS; PIGMENTOS Y DEMAS MATERIAS COLORANTES;  PINTURAS Y BARNICES; MASTIQUES; TINTAS  MASILLA, CEMENTOS DE RESINA Y DEMAS MASTIQUES;\nPLASTES (ENDUIDOS) UTILIZADOS EN PINTURA; PLASTES (ENDUIDOS) NO REFRACTARIOS DE LOS TIPOS UTILIZADOS EN ALBA¿ILERIA.        -Los dem¿s.";"MASILLA, CEMENTOS DE RESINA Y DEMAS MASTIQUES;\nPLASTES (ENDUIDOS) UTILIZADOS EN PINTURA; PLASTES (ENDUIDOS) NO REFRACTARIOS DE LOS TIPOS UTILIZADOS EN ALBA¿ILERIA. ";"80) SACOS MC PROOF 100 SC 14,7 KG.";"MC";"MERCOSUR";0;0;14197;0;285368;11415;310980
"26DA000000121794";"IMPORTACION";"IM05";"IMPORTACION MENOR S/ DOC DE TRANS. C/ CODIGO DE BARRAS";"18/03/2026";"18/03/2026";"2026";"MARZO";"CIUDAD DEL ESTE";6468.07;"";"V";1;"BR - BRASIL";"BR - BRASIL";"NUEVO";"METRO CUADRADO";1293.48;14345.316;14345.316;2245.15;28.77;22.45;2296.37;14853072.26;0;0;"6907.22.00.000T";"PRODUCTOS CERAMICOS";"CAPITULO 69 PRODUCTOS CERAMICOS";"CAPITULO 69 PRODUCTOS CERAMICOS  PLACAS Y BALDOSAS, DE CERAMICA, SIN BARNIZAR NI ESMALTAR, PARA PAVIMENTACION O REVESTIMIENTO; CUBOS, DADOS Y ARTICULOS SIMILARES, DE CERAMICA, PARA MOSAICOS, SIN BARNIZAR NI ESMALTAR, INCLUSO CON SOPORTE.        -- Con un coeficiente de absorci¿n de agua superior al 0,5 % pero inferior o igual al 10 %, en peso\r\n";"PLACAS Y BALDOSAS, DE CERAMICA, SIN BARNIZAR NI ESMALTAR, PARA PAVIMENTACION O REVESTIMIENTO; CUBOS, DADOS Y ARTICULOS SIMILARES, DE CERAMICA, PARA MOSAICOS, SIN BARNIZAR NI ESMALTAR, INCLUSO CON SOPORTE. ";"LOS DEMAS EN: 1.293,48 M2 PISOS CERAMICOS CLASE A DE ORIGEN BRASIL";"CERAL";"MERCOSUR";0;0;74265;0;1492734;59709;1626708
"26DA000000121795";"IMPORTACION";"IM05";"IMPORTACION MENOR S/ DOC DE TRANS. C/ CODIGO DE BARRAS";"18/03/2026";"18/03/2026";"2026";"MARZO";"CIUDAD DEL ESTE";6468.07;"";"V";1;"BR - BRASIL";"BR - BRASIL";"NUEVO";"KILOGRAMO";13920;13920;13920;1000.86;28.77;10.01;1039.64;6724446.31;0;0;"2520.20.90.000H";"PRODUCTOS MINERALES (CEMENTOS, CAL, SAL Y OTROS)";"CAPITULO 25 SAL; AZUFRE; TIERRAS Y PIEDRAS; YESOS, CALES Y CEMENTOS";"CAPITULO 25 SAL; AZUFRE; TIERRAS Y PIEDRAS; YESOS, CALES Y CEMENTOS  YESO NATURAL; ANHIDRITA; YESO FRAGUABLE (CONSISTENTE EN YESO NATURAL CALCINADO O EN SULFATO DE CALCIO), INCLUSO COLOREADO O CON PEQUE¿AS CANTIDADES DE ACELERADORES O RETARDADORES.    -Yeso fraguable.       Los dem¿s.";"YESO NATURAL; ANHIDRITA; YESO FRAGUABLE (CONSISTENTE EN YESO NATURAL CALCINADO O EN SULFATO DE CALCIO), INCLUSO COLOREADO O CON PEQUE¿AS CANTIDADES DE ACELERADORES O RETARDADORES. ";"LOS DEMAS EN: 435 BOLSAS GESSO FUNDICION SEMIDESIDRATADO 40 KG DE ORGIEN BRASIL";"IND. DE GESSO";"MERCOSUR";0;0;33622;0;675807;27032;736461
"26DA000000121796";"EXPORTACION";"EFC1";"EXPORTACION COMPLEMENTARIA";"17/03/2026";"18/03/2026";"2026";"MARZO";"TERPORT";6487.88;"CAMION";"V";1;"CN - CHINA";"BO - BOLIVIA";"NUEVO";"LITROS";526934;29390;29390;24586.01;0;0;24586.01;159511082.56;0;0;"2710.19.21.100N";"COMBUSTIBLES Y DEMAS PRODUCTOS DERIVADOS DEL PETROLEO";"CAPITULO 27 COMBUSTIBLES MINERALES, ACEITES MINERALES  Y PRODUCTOS DE SU DESTILACION; MATERIAS BITUMINOSAS; CERAS MINERALES.";"CAPITULO 27 COMBUSTIBLES MINERALES, ACEITES MINERALES  Y PRODUCTOS DE SU DESTILACION; MATERIAS BITUMINOSAS; CERAS MINERALES.  ACEITES DE PETR¿LEO O DE MINERAL BITUMINOSO, EXCEPTO LOS ACEITES CRUDOS; PREPARACIONES NO EXPRESADAS NI COMPRENDIDAS EN OTRA PARTE, CON UN CONTENIDO DE ACEITES DE PETR¿LEO O DE MINERAL \nBITUMINOSO SUPERIOR O IGUAL AL 70 % EN PESO,  EN LAS QUE ESTOS ACEITES CONSTITUYAN EL ELEMENTO BASE; DESECHOS DE ACEITES. - Aceites de petr¿leo o de mineral bituminoso (excepto los aceites crudos) y preparaciones no expresadas ni comprendidas en otra parte, con un contenido de aceites de petr¿leo o de mineral bituminoso superior o igual al 70 % en peso, en las que estos aceites constituyan el elemento base, excepto las que contengan biodi¿sel  y los desechos de aceites:  - Aceites de petr¿leo o de mineral bituminoso (excepto los aceites crudos) y preparaciones no expresadas ni comprendidas en otra parte, con un contenido de aceites de petr¿leo o de mineral bituminoso superior o igual al 70 % en peso, en las que estos aceites constituyan el elemento base, excepto las que contengan biodi¿sel  y los desechos de aceites: --Los demas    Otros aceites combustibles ---- Gasoleo (\"gas oil\")  Tipo A\r\n";"ACEITES DE PETR¿LEO O DE MINERAL BITUMINOSO, EXCEPTO LOS ACEITES CRUDOS; PREPARACIONES NO EXPRESADAS NI COMPRENDIDAS EN OTRA PARTE, CON UN CONTENIDO DE ACEITES DE PETR¿LEO O DE MINERAL \nBITUMINOSO SUPERIOR O IGUAL AL 70 % EN PESO,  EN LAS QUE ESTOS ACEITES CONSTITUYAN EL ELEMENTO BASE; DESECHOS DE ACEITES. - Aceites de petr¿leo o de mineral bituminoso (excepto los aceites crudos) y preparaciones no expresadas ni comprendidas en otra parte, con un contenido de aceites de petr¿leo o de mineral bituminoso superior o igual al 70 % en peso, en las que estos aceites constituyan el elemento base, excepto las que contengan biodi¿sel  y los desechos de aceites:";"GAS OIL TIPO I  A GRANEL., ENTREGADO A YPFB POR CUENTA Y ORDEN DE TRAFIGURA PTE LTD.-";"SIN MARCA";"SIN ACUERDO";0;0;0;0;0;0;0
"26DA000000121797";"IMPORTACION";"IM05";"IMPORTACION MENOR S/ DOC DE TRANS. C/ CODIGO DE BARRAS";"18/03/2026";"18/03/2026";"2026";"MARZO";"CIUDAD DEL ESTE";6468.07;"";"V";1;"BR - BRASIL";"BR - BRASIL";"NUEVO";"KILOGRAMO";17400;17400;17400;695.48;28.77;6.95;731.2;4729459.51;0;0;"2520.20.90.000H";"PRODUCTOS MINERALES (CEMENTOS, CAL, SAL Y OTROS)";"CAPITULO 25 SAL; AZUFRE; TIERRAS Y PIEDRAS; YESOS, CALES Y CEMENTOS";"CAPITULO 25 SAL; AZUFRE; TIERRAS Y PIEDRAS; YESOS, CALES Y CEMENTOS  YESO NATURAL; ANHIDRITA; YESO FRAGUABLE (CONSISTENTE EN YESO NATURAL CALCINADO O EN SULFATO DE CALCIO), INCLUSO COLOREADO O CON PEQUE¿AS CANTIDADES DE ACELERADORES O RETARDADORES.    -Yeso fraguable.       Los dem¿s.";"YESO NATURAL; ANHIDRITA; YESO FRAGUABLE (CONSISTENTE EN YESO NATURAL CALCINADO O EN SULFATO DE CALCIO), INCLUSO COLOREADO O CON PEQUE¿AS CANTIDADES DE ACELERADORES O RETARDADORES. ";"LOS DEMAS EN: 435 BOLSAS GESSO FUNDICION PAPEL 40 KG DE ORIGEN BRASIL";"EGIDE";"MERCOSUR";0;0;23647;0;475311;19012;517970
"26DA000000121798";"IMPORTACION";"IM05";"IMPORTACION MENOR S/ DOC DE TRANS. C/ CODIGO DE BARRAS";"18/03/2026";"18/03/2026";"2026";"MARZO";"CIUDAD DEL ESTE";6468.07;"";"V";1;"BR - BRASIL";"BR - BRASIL";"NUEVO";"METRO CUADRADO";799.2;8111.88;8111.88;1200.86;13.82;12.01;1346.28;8707834.07;623.52;0;"6907.22.00.000T";"PRODUCTOS CERAMICOS";"CAPITULO 69 PRODUCTOS CERAMICOS";"CAPITULO 69 PRODUCTOS CERAMICOS  PLACAS Y BALDOSAS, DE CERAMICA, SIN BARNIZAR NI ESMALTAR, PARA PAVIMENTACION O REVESTIMIENTO; CUBOS, DADOS Y ARTICULOS SIMILARES, DE CERAMICA, PARA MOSAICOS, SIN BARNIZAR NI ESMALTAR, INCLUSO CON SOPORTE.        -- Con un coeficiente de absorci¿n de agua superior al 0,5 % pero inferior o igual al 10 %, en peso\r\n";"PLACAS Y BALDOSAS, DE CERAMICA, SIN BARNIZAR NI ESMALTAR, PARA PAVIMENTACION O REVESTIMIENTO; CUBOS, DADOS Y ARTICULOS SIMILARES, DE CERAMICA, PARA MOSAICOS, SIN BARNIZAR NI ESMALTAR, INCLUSO CON SOPORTE. ";"LOS DEMAS EN: 799,2 M2 REVESTIMIENTOS CERAMICOS HD CLASE A DE ORIGEN BRASIL";"CERAL";"MERCOSUR";0;0;43539;0;875137;35005;953681
"26DA000000121798";"IMPORTACION";"IM05";"IMPORTACION MENOR S/ DOC DE TRANS. C/ CODIGO DE BARRAS";"18/03/2026";"18/03/2026";"2026";"MARZO";"CIUDAD DEL ESTE";6468.07;"";"V";2;"BR - BRASIL";"BR - BRASIL";"NUEVO";"KILOGRAMO";2000;2000;2000;249.52;2.87;2.5;279.74;1809377.21;129.56;0;"3824.50.00.000P";"PRODUCTOS QUIMICOS";"CAPITULO 38PRODUCTOS DIVERSOS DE LA INDUSTRIA QUIMICA";"CAPITULO 38PRODUCTOS DIVERSOS DE LA INDUSTRIA QUIMICA  PREPARACIONES AGLUTINANTES PARA MOLDES O NUCLEOS DE FUNDICION; PRODUCTOS QUIMICOS Y PREPARACIONES DE LA INDUSTRIA QUIMICA O DE LAS INDUSTRIAS CONEXAS (INCLUIDAS LAS MEZCLAS DE PRODUCTOS NATURALES), NO EXPRESADOS NI COMPRENDIDOS EN OTRA PARTE, PRODUCTOS RESIDUALES DE LA INDUSTRIA QUIMICA O DE LAS INDUSTRIAS CONEXAS, NO EXPRESADOS NI COMPRENDIDOS EN OTRA PARTE.        -Morteros y hormigones, no refractarios.";"PREPARACIONES AGLUTINANTES PARA MOLDES O NUCLEOS DE FUNDICION; PRODUCTOS QUIMICOS Y PREPARACIONES DE LA INDUSTRIA QUIMICA O DE LAS INDUSTRIAS CONEXAS (INCLUIDAS LAS MEZCLAS DE PRODUCTOS NATURALES), NO EXPRESADOS NI COMPRENDIDOS EN OTRA PARTE, PRODUCTOS RESIDUALES DE LA INDUSTRIA QUIMICA O DE LAS INDUSTRIAS CONEXAS, NO EXPRESADOS NI COMPRENDIDOS EN OTRA PARTE. ";"LOS DEMAS EN: 100 UNID. ARGAMASSA 10X1 HIPERMASSA CINZA 20KG DE ORIGEN BRASIL";"HIPERMASSA";"MERCOSUR";0;0;9047;0;181842;7274;198163
"26DA000000121798";"IMPORTACION";"IM05";"IMPORTACION MENOR S/ DOC DE TRANS. C/ CODIGO DE BARRAS";"18/03/2026";"18/03/2026";"2026";"MARZO";"CIUDAD DEL ESTE";6468.07;"";"V";3;"BR - BRASIL";"BR - BRASIL";"NUEVO";"METRO CUADRADO";221.4;2502.54;2502.54;1049.27;12.08;10.49;1176.33;7608603.98;544.82;0;"6907.21.00.000F";"PRODUCTOS CERAMICOS";"CAPITULO 69 PRODUCTOS CERAMICOS";"CAPITULO 69 PRODUCTOS CERAMICOS  PLACAS Y BALDOSAS, DE CERAMICA, SIN BARNIZAR NI ESMALTAR, PARA PAVIMENTACION O REVESTIMIENTO; CUBOS, DADOS Y ARTICULOS SIMILARES, DE CERAMICA, PARA MOSAICOS, SIN BARNIZAR NI ESMALTAR, INCLUSO CON SOPORTE.        -- Con un coeficiente de absorci¿n de agua inferior o igual al 0,5 % en peso\r\n";"PLACAS Y BALDOSAS, DE CERAMICA, SIN BARNIZAR NI ESMALTAR, PARA PAVIMENTACION O REVESTIMIENTO; CUBOS, DADOS Y ARTICULOS SIMILARES, DE CERAMICA, PARA MOSAICOS, SIN BARNIZAR NI ESMALTAR, INCLUSO CON SOPORTE. ";"LOS DEMAS EN: 221,4 M2 PORCELANATO CERAMICOS ACETINADO 64CMX64CM DE ORIGEN BRASIL";"CERAL";"MERCOSUR";0;0;38043;0;764665;30587;833295
"26DA000000121799";"EXPORTACION";"EFC1";"EXPORTACION COMPLEMENTARIA";"17/03/2026";"18/03/2026";"2026";"MARZO";"ENCARNACION";6487.88;"CAMION";"V";1;"PY - PARAGUAY";"UY - URUGUAY";"NUEVO";"KILOGRAMO";506000;21920;21920;3945.6;0;0;3982.16;25835749.34;0;0;"1005.90.10.000N";"CEREALES (TRIGO, ARROZ, MAIZ Y SORGO)";"CAPITULO 10  CEREALES";"CAPITULO 10  CEREALES  MAIZ.    -Los dem¿s.       En grano";"MAIZ. ";"MAIZ AMARILLO PARAGUAYO EN GRANOS A GRANEL ZAFRA 2026";"S-M";"MERCOSUR";0;0;0;0;0;0;0
"26DA000000122012";"EXPORTACION";"EFC1";"EXPORTACION COMPLEMENTARIA";"16/03/2026";"16/03/2026";"2026";"MARZO";"PUERTOS Y ESTIBAJES";6499.04;"ACUATICO";"V";1;"PY - PARAGUAY";"AR - ARGENTINA";"NUEVO";"KILOGRAMO";5747000;1466642;1466642;552146.71;0;0;547649.02;3559192907.33;0;0;"1201.90.00.000T";"SOJA";"CAPITULO 12 SEMILLAS Y FRUTOS OLEAGINOSOS; SEMILLAS Y FRUTOS  DIVERSOS; PLANTAS INDUSTRIALES O MEDICINALES; PAJA Y FORRAJES";"CAPITULO 12 SEMILLAS Y FRUTOS OLEAGINOSOS; SEMILLAS Y FRUTOS  DIVERSOS; PLANTAS INDUSTRIALES O MEDICINALES; PAJA Y FORRAJES          Las dem¿s";" ";"SOJA PARAGUAYA A GRANEL";"***";"MERCOSUR";0;0;0;0;0;0;0
"26DA000000122013";"EXPORTACION";"EFC1";"EXPORTACION COMPLEMENTARIA";"16/03/2026";"16/03/2026";"2026";"MARZO";"PUERTOS Y ESTIBAJES";6499.04;"ACUATICO";"V";1;"PY - PARAGUAY";"AR - ARGENTINA";"NUEVO";"KILOGRAMO";5747000;1463584;1463584;550995.47;0;0;546507.16;3551771899.17;0;0;"1201.90.00.000T";"SOJA";"CAPITULO 12 SEMILLAS Y FRUTOS OLEAGINOSOS; SEMILLAS Y FRUTOS  DIVERSOS; PLANTAS INDUSTRIALES O MEDICINALES; PAJA Y FORRAJES";"CAPITULO 12 SEMILLAS Y FRUTOS OLEAGINOSOS; SEMILLAS Y FRUTOS  DIVERSOS; PLANTAS INDUSTRIALES O MEDICINALES; PAJA Y FORRAJES          Las dem¿s";" ";"SOJA PARAGUAYA A GRANEL";"***";"MERCOSUR";0;0;0;0;0;0;0
"26DA000000122014";"EXPORTACION";"EFC1";"EXPORTACION COMPLEMENTARIA";"12/03/2026";"16/03/2026";"2026";"MARZO";"CONCEPCION";6480.18;"ACUATICO";"V";1;"PY - PARAGUAY";"AR - ARGENTINA";"NUEVO";"KILOGRAMO";20729503;1395925;1395925;529516.23;0;0;535277.83;3468696672.7;0;0;"1201.90.00.000T";"SOJA";"CAPITULO 12 SEMILLAS Y FRUTOS OLEAGINOSOS; SEMILLAS Y FRUTOS  DIVERSOS; PLANTAS INDUSTRIALES O MEDICINALES; PAJA Y FORRAJES";"CAPITULO 12 SEMILLAS Y FRUTOS OLEAGINOSOS; SEMILLAS Y FRUTOS  DIVERSOS; PLANTAS INDUSTRIALES O MEDICINALES; PAJA Y FORRAJES          Las dem¿s";" ";"20.729,503 VEINTE MIL SETECIENTOS VEINTINUEVE TONELADAS CON QUINIENTOS TRES KILOS DE SOJA PARAGUAYA EN GRANOS A GRANEL";"ML";"MERCOSUR";0;0;0;0;0;0;0
"26DA000000122015";"EXPORTACION";"EFC1";"EXPORTACION COMPLEMENTARIA";"16/03/2026";"16/03/2026";"2026";"MARZO";"ENCARNACION";6499.04;"CAMION";"V";1;"PY - PARAGUAY";"CL - CHILE";"NUEVO";"KILOGRAMO";140000;28000;28028;8400;3080;0;11446.69;74392466.4;0;0;"1006.30.21.000P";"CEREALES (TRIGO, ARROZ, MAIZ Y SORGO)";"CAPITULO 10  CEREALES";"CAPITULO 10  CEREALES  ARROZ.    -Arroz semiblanqueado o blanqueado, incluso\n pulido o glaseado.    No parboilizado.       Pulido o glaseado";"ARROZ. ";"ARROZ BLANCO PULIDO TIPO II LARGO FINO, NO PARBOLIZADO, MAX 20% DE GRANOS QUEBRADOS. INDUSTRIA PARAGUAYA, VARIEDAD IRGA 424. ZAFRA 2025/2026.-";"VILLA OLIVA";"MERCOCHILE";0;0;0;0;0;0;0
"26DA000000122016";"EXPORTACION";"EFC1";"EXPORTACION COMPLEMENTARIA";"12/03/2026";"16/03/2026";"2026";"MARZO";"CONCEPCION";6480.18;"ACUATICO";"V";1;"PY - PARAGUAY";"AR - ARGENTINA";"NUEVO";"KILOGRAMO";20729503;1530029;1530029;580385.9;0;0;586701;3801928111.27;0;0;"1201.90.00.000T";"SOJA";"CAPITULO 12 SEMILLAS Y FRUTOS OLEAGINOSOS; SEMILLAS Y FRUTOS  DIVERSOS; PLANTAS INDUSTRIALES O MEDICINALES; PAJA Y FORRAJES";"CAPITULO 12 SEMILLAS Y FRUTOS OLEAGINOSOS; SEMILLAS Y FRUTOS  DIVERSOS; PLANTAS INDUSTRIALES O MEDICINALES; PAJA Y FORRAJES          Las dem¿s";" ";"20.729,503 VEINTE MIL SETECIENTOS VEINTINUEVE TONELADAS CON QUINIENTOS TRES KILOS DE SOJA PARAGUAYA EN GRANOS A GRANEL";"ML";"MERCOSUR";0;0;0;0;0;0;0
"26DA000000122017";"IMPORTACION";"IC04";"IMPORTACION A CONSUMO CON DOCUMENTO DE TRANSPORTE";"16/03/2026";"16/03/2026";"2026";"MARZO";"PTO SEGURO FLUVIAL";6499.04;"ACUATICO";"V";1;"CN - CHINA";"CN - CHINA";"NUEVO";"UNIDAD";5601;17501;17501;37293.51;2600;50.32;39943.83;259596549;0;0;"4011.40.00.000F";"CAUCHO Y SUS MANUFACTURAS";"CAPITULO 40CAUCHO Y MANUFACTURAS DE CAUCHO.";"CAPITULO 40CAUCHO Y MANUFACTURAS DE CAUCHO.  NEUMATICOS (LLANTAS NEUMATICAS) NUEVOS DE CAUCHO.        -De los tipos utilizados en motocicletas.";"NEUMATICOS (LLANTAS NEUMATICAS) NUEVOS DE CAUCHO. ";"5.601)PIEZAS CUBIERTAS P/MOTOCICLETA DECLARADOS EN SUB ITEM";"QINGDAO";"SIN ACUERDO";37381903;0;1297983;0;29827644;1193106;69700636
"26DA000000122018";"IMPORTACION";"IC04";"IMPORTACION A CONSUMO CON DOCUMENTO DE TRANSPORTE";"16/03/2026";"16/03/2026";"2026";"MARZO";"CIUDAD DEL ESTE";6499.04;"CAMION";"V";1;"BR - BRASIL";"BR - BRASIL";"NUEVO";"KILOGRAMO";3.33;3.33;3.396;156.89;33;1.57;191.46;1244323.52;0;0;"2811.11.00.000K";"PRODUCTOS QUIMICOS";"CAPITULO 28 PRODUCTOS QUIMICOS INORGANICOS;COMPUESTOS  INORGANICOS U ORGANICOS DE METALES PRECIOSOS,DE ELEMENTOS RADIACTIVOS, DE METALES DE LAS  TIERRAS RARAS O DE ISOTOPOS";"CAPITULO 28 PRODUCTOS QUIMICOS INORGANICOS;COMPUESTOS  INORGANICOS U ORGANICOS DE METALES PRECIOSOS,DE ELEMENTOS RADIACTIVOS, DE METALES DE LAS  TIERRAS RARAS O DE ISOTOPOS  LOS DEMAS ACIDOS INORGANICOS Y LOS DEMAS COMPUESTOS OXIGENADOS INORGANICOS DE LOS ELEMENTOS NO METALICOS. -Los dem¿s ¿cidos inorg¿nicos:  -Los dem¿s ¿cidos inorg¿nicos:     --Fluoruro de hidr?geno (?cido fluorh?drico).\n";"LOS DEMAS ACIDOS INORGANICOS Y LOS DEMAS COMPUESTOS OXIGENADOS INORGANICOS DE LOS ELEMENTOS NO METALICOS. -Los dem¿s ¿cidos inorg¿nicos:";"EN: 03 FRACOS CON 1L, C/U, SIENDO 3L DE ACIDO FLUORIDRICO 48-50 PA 1L CONC 48% DENS 1.11 AF09588RA";"EXODO";"MERCOSUR";0;0;6222;0;125055;5002;136279
"26DA000000122018";"IMPORTACION";"IC04";"IMPORTACION A CONSUMO CON DOCUMENTO DE TRANSPORTE";"16/03/2026";"16/03/2026";"2026";"MARZO";"CIUDAD DEL ESTE";6499.04;"CAMION";"V";2;"BR - BRASIL";"BR - BRASIL";"NUEVO";"KILOGRAMO";11.1;11.1;11.322;240;50.49;2.4;292.89;1903475.88;0;0;"2811.11.00.000K";"PRODUCTOS QUIMICOS";"CAPITULO 28 PRODUCTOS QUIMICOS INORGANICOS;COMPUESTOS  INORGANICOS U ORGANICOS DE METALES PRECIOSOS,DE ELEMENTOS RADIACTIVOS, DE METALES DE LAS  TIERRAS RARAS O DE ISOTOPOS";"CAPITULO 28 PRODUCTOS QUIMICOS INORGANICOS;COMPUESTOS  INORGANICOS U ORGANICOS DE METALES PRECIOSOS,DE ELEMENTOS RADIACTIVOS, DE METALES DE LAS  TIERRAS RARAS O DE ISOTOPOS  LOS DEMAS ACIDOS INORGANICOS Y LOS DEMAS COMPUESTOS OXIGENADOS INORGANICOS DE LOS ELEMENTOS NO METALICOS. -Los dem¿s ¿cidos inorg¿nicos:  -Los dem¿s ¿cidos inorg¿nicos:     --Fluoruro de hidr?geno (?cido fluorh?drico).\n";"LOS DEMAS ACIDOS INORGANICOS Y LOS DEMAS COMPUESTOS OXIGENADOS INORGANICOS DE LOS ELEMENTOS NO METALICOS. -Los dem¿s ¿cidos inorg¿nicos:";"EN: 10 FRASCOS CON 1L C/U, SIENDO 10L DE ACIDO FLUORIDRICO 40% PA 1L EXERCITO/QUIMICO 40.00% DENSIDADE: 1.11";"EXODO";"MERCOSUR";0;0;9517;0;191299;7652;208468
"26DA000000122018";"IMPORTACION";"IC04";"IMPORTACION A CONSUMO CON DOCUMENTO DE TRANSPORTE";"16/03/2026";"16/03/2026";"2026";"MARZO";"CIUDAD DEL ESTE";6499.04;"CAMION";"V";3;"BR - BRASIL";"BR - BRASIL";"NUEVO";"KILOGRAMO";44.4;44.4;45.286;960;201.95;9.6;1171.55;7613940.61;0;0;"2811.11.00.000K";"PRODUCTOS QUIMICOS";"CAPITULO 28 PRODUCTOS QUIMICOS INORGANICOS;COMPUESTOS  INORGANICOS U ORGANICOS DE METALES PRECIOSOS,DE ELEMENTOS RADIACTIVOS, DE METALES DE LAS  TIERRAS RARAS O DE ISOTOPOS";"CAPITULO 28 PRODUCTOS QUIMICOS INORGANICOS;COMPUESTOS  INORGANICOS U ORGANICOS DE METALES PRECIOSOS,DE ELEMENTOS RADIACTIVOS, DE METALES DE LAS  TIERRAS RARAS O DE ISOTOPOS  LOS DEMAS ACIDOS INORGANICOS Y LOS DEMAS COMPUESTOS OXIGENADOS INORGANICOS DE LOS ELEMENTOS NO METALICOS. -Los dem¿s ¿cidos inorg¿nicos:  -Los dem¿s ¿cidos inorg¿nicos:     --Fluoruro de hidr?geno (?cido fluorh?drico).\n";"LOS DEMAS ACIDOS INORGANICOS Y LOS DEMAS COMPUESTOS OXIGENADOS INORGANICOS DE LOS ELEMENTOS NO METALICOS. -Los dem¿s ¿cidos inorg¿nicos:";"EN: 40 FRASCOS CON 1L C/U, SIENDO 40L DE ACIDO FLUORIDRICO 40% PA 1L EXERCITO/QUIMICO 40.00% DENSIDADE: 1.11";"EXODO";"MERCOSUR";0;0;38070;0;765201;30608;833879
"26DA000000122019";"IMPORTACION";"IM05";"IMPORTACION MENOR S/ DOC DE TRANS. C/ CODIGO DE BARRAS";"16/03/2026";"16/03/2026";"2026";"MARZO";"CIUDAD DEL ESTE";6499.04;"";"V";2;"BR - BRASIL";"BR - BRASIL";"NUEVO";"METROS";360;360;360;696.02;1.68;6.96;704.66;4579635.92;0;0;"5806.10.00.000W";"MANUFACTURAS DE TEJIDOS ( PRENDAS Y COMPLEMENTOS DE VESTIR)";"CAPIULO 58TEJIDOS ESPECIALES; SUPERFICIES TEXTILES CON PELOINSERTADO; ENCAJES; TAPICERIA; PASAMANERIA;BORDADOS.";"CAPIULO 58TEJIDOS ESPECIALES; SUPERFICIES TEXTILES CON PELOINSERTADO; ENCAJES; TAPICERIA; PASAMANERIA;BORDADOS.  CINTAS, EXCEPTO LOS ARTICULOS DE LA PARTIDA 5807; CINTAS SIN TRAMA, DE HILADOS O FIBRAS PARALELIZADOS Y AGLUTINADOS.        -Cintas de terciopelo, felpa, de tejido de\n chenilla o de tejidos con bucles del tipo toalla.";"CINTAS, EXCEPTO LOS ARTICULOS DE LA PARTIDA 5807; CINTAS SIN TRAMA, DE HILADOS O FIBRAS PARALELIZADOS Y AGLUTINADOS. ";"-CINTAS DE TERCIOPELO, FELPA, DE TEJIDO DE CHENIL EN:360-KGS DE FITA PARA ASIENTO,100% POLIESTER,USO EN ESTOFADOS Y POLTRONAS,MODELO FRSO1895,COLOR CINZA.-";"NELSON CORREIA";"MERCOSUR";0;0;22898;0;460254;18410;501562
"26DA000000122019";"IMPORTACION";"IM05";"IMPORTACION MENOR S/ DOC DE TRANS. C/ CODIGO DE BARRAS";"16/03/2026";"16/03/2026";"2026";"MARZO";"CIUDAD DEL ESTE";6499.04;"";"V";1;"BR - BRASIL";"BR - BRASIL";"NUEVO";"KILOGRAMO";750;750;750;1666.14;4.03;16.66;1686.82;10962733.37;0;0;"3506.91.10.000U";"CAPITULO 35  MATERIAS ALBUMINOIDEAS; PRODUCTOS A BASE DE ALMIDON O DE FECULA MODIFICADOS; COLAS; ENZ";"CAPITULO 35  MATERIAS ALBUMINOIDEAS; PRODUCTOS A BASE DE ALMIDON O DE FECULA MODIFICADOS; COLAS; ENZIMAS";"CAPITULO 35  MATERIAS ALBUMINOIDEAS; PRODUCTOS A BASE DE ALMIDON O DE FECULA MODIFICADOS; COLAS; ENZIMAS  COLAS Y DEMAS ADHESIVOS PREPARADOS, NO EXPRESADOS\nNI COMPRENDIDOS EN OTRA PARTE; PRODUCTOS DE \nCUALQUIER CLASE UTILIZADOS COMO COLAS O\nADHESIVOS, ACONDICIONADOS PARA LA VENTA AL POR \nMENOR COMO COLAS O ADHESIVOS DE PESO NETO \nINFERIOR O IGUAL A 1 Kg. -Los dem¿s:  -Los dem¿s: --Adhesivos a base de pol¿meros de las partidas 39.01 a 39.13 o de caucho       A base de caucho.";"COLAS Y DEMAS ADHESIVOS PREPARADOS, NO EXPRESADOS\nNI COMPRENDIDOS EN OTRA PARTE; PRODUCTOS DE \nCUALQUIER CLASE UTILIZADOS COMO COLAS O\nADHESIVOS, ACONDICIONADOS PARA LA VENTA AL POR \nMENOR COMO COLAS O ADHESIVOS DE PESO NETO \nINFERIOR O IGUAL A 1 Kg. -Los dem¿s:";"A BASE DE CAUCHO EN:05-UNIDADES DE ADHESIVO DETALLADOS EN SUB ITEM.-";"";"MERCOSUR";0;0;54814;0;1101755;44070;1200639
"26DA000000122020";"IMPORTACION";"IC04";"IMPORTACION A CONSUMO CON DOCUMENTO DE TRANSPORTE";"16/03/2026";"16/03/2026";"2026";"MARZO";"CAMPESTRE S.A.";6499.04;"AVION";"R";8;"CN - CHINA";"HK - HONG KONG";"NUEVO";"UNIDAD";1500;185;185;15000;7785.49;150;22935.49;149058667;0;0;"8519.81.90.000C";"ELECTRONICA";"CAPITULO 85  MAQUINAS, APARATOS Y MATERIAL ELECTRICO Y SUS PARTES; APARATOS DE GRABACION O DE REPRODUCCION  DEL SONIDO, APARATOS DE GRABACION O DE REPRODUCCION DE IMAGENES Y DE SONIDOS DE TELEVISION, Y LAS PARTES Y ACCESORIOS DE ESTOSAPARATOS.";"CAPITULO 85  MAQUINAS, APARATOS Y MATERIAL ELECTRICO Y SUS PARTES; APARATOS DE GRABACION O DE REPRODUCCION  DEL SONIDO, APARATOS DE GRABACION O DE REPRODUCCION DE IMAGENES Y DE SONIDOS DE TELEVISION, Y LAS PARTES Y ACCESORIOS DE ESTOSAPARATOS.  GIRADISCOS, TOCADISCOS, TOCACASETES Y DEMAS REPRODUCTORES DE SONIDO, SIN DISPOSITIVOS DE GRABACION DE SONIDO INCORPORADO. - Los dem¿s aparatos:  - Los dem¿s aparatos: - - Que utilizan un soporte magn¿tico, ¿ptico o semiconductor:     Los dem¿s  Los dem¿s";"GIRADISCOS, TOCADISCOS, TOCACASETES Y DEMAS REPRODUCTORES DE SONIDO, SIN DISPOSITIVOS DE GRABACION DE SONIDO INCORPORADO. - Los dem¿s aparatos:";"-LOS DEMAS EN: 1.500 UNIDADES DE GRABADOR DE VOZ CON SUS ACCESORIOS - ORIGEN CHINA";"SIN MARCA";"SIN ACUERDO";8943520;1587475;745293;0;16033496;641340;27951124
"26DA000000122020";"IMPORTACION";"IC04";"IMPORTACION A CONSUMO CON DOCUMENTO DE TRANSPORTE";"16/03/2026";"16/03/2026";"2026";"MARZO";"CAMPESTRE S.A.";6499.04;"AVION";"R";3;"CN - CHINA";"HK - HONG KONG";"NUEVO";"UNIDAD";2200;558;558;13200;6851.23;132;20183.23;131171619;0;0;"8518.30.00.000N";"ELECTRONICA";"CAPITULO 85  MAQUINAS, APARATOS Y MATERIAL ELECTRICO Y SUS PARTES; APARATOS DE GRABACION O DE REPRODUCCION  DEL SONIDO, APARATOS DE GRABACION O DE REPRODUCCION DE IMAGENES Y DE SONIDOS DE TELEVISION, Y LAS PARTES Y ACCESORIOS DE ESTOSAPARATOS.";"CAPITULO 85  MAQUINAS, APARATOS Y MATERIAL ELECTRICO Y SUS PARTES; APARATOS DE GRABACION O DE REPRODUCCION  DEL SONIDO, APARATOS DE GRABACION O DE REPRODUCCION DE IMAGENES Y DE SONIDOS DE TELEVISION, Y LAS PARTES Y ACCESORIOS DE ESTOSAPARATOS.  MICR¿FONOS Y SUS SOPORTES; ALTAVOCES (ALTOPARLANTES), INCLUSO  MONTADOS EN SUS CAJAS; AURICULARES, INCLUIDOS LOS DE CASCO, INCLUSO COMBINADOS CON MICR¿FONO, Y JUEGOS O CONJUNTOS CONSTITUIDOS POR UN MICR¿FONO Y UNO O VARIOS ALTAVOCES (ALTOPARLANTES); AMPLIFICADORES EL¿CTRICOS DE AUDIOFRECUENCIA; EQUIPOS EL¿CTRICOS PARA AMPLIFICACI¿N DE SONIDO.      -Auriculares, incluso combinados con un microfono  -Auriculares, incluidos los de casco, incluso combinados con  micr¿fono, y juegos o conjuntos \nconstituidos por un micr¿fono y uno o varios altavoces (altoparlantes)";"MICR¿FONOS Y SUS SOPORTES; ALTAVOCES (ALTOPARLANTES), INCLUSO  MONTADOS EN SUS CAJAS; AURICULARES, INCLUIDOS LOS DE CASCO, INCLUSO COMBINADOS CON MICR¿FONO, Y JUEGOS O CONJUNTOS CONSTITUIDOS POR UN MICR¿FONO Y UNO O VARIOS ALTAVOCES (ALTOPARLANTES); AMPLIFICADORES EL¿CTRICOS DE AUDIOFRECUENCIA; EQUIPOS EL¿CTRICOS PARA AMPLIFICACI¿N DE SONIDO. ";"-AURICULARES, INCLUIDOS LOS DE CASCO, INCLUSO COMBINADOS, EN: 2.200 UNIDADES DE EARPHONE MARCA: XIAOMI MODELO; REDMI BUDS 6 PLAY WHITE- ORIGEN CHINA";"XIAOMI";"SIN ACUERDO";7870297;1396978;655858;1410948;1763684;0;13097765
"26DA000000122020";"IMPORTACION";"IC04";"IMPORTACION A CONSUMO CON DOCUMENTO DE TRANSPORTE";"16/03/2026";"16/03/2026";"2026";"MARZO";"CAMPESTRE S.A.";6499.04;"AVION";"R";5;"CN - CHINA";"HK - HONG KONG";"NUEVO";"UNIDAD";1000;810;810;18000;9342.59;180;27522.59;178870413;0;0;"8528.62.00.000A";"INFORMATICA Y TELECOMUNICACIONES";"CAPITULO 85  MAQUINAS, APARATOS Y MATERIAL ELECTRICO Y SUS PARTES; APARATOS DE GRABACION O DE REPRODUCCION  DEL SONIDO, APARATOS DE GRABACION O DE REPRODUCCION DE IMAGENES Y DE SONIDOS DE TELEVISION, Y LAS PARTES Y ACCESORIOS DE ESTOSAPARATOS.";"CAPITULO 85  MAQUINAS, APARATOS Y MATERIAL ELECTRICO Y SUS PARTES; APARATOS DE GRABACION O DE REPRODUCCION  DEL SONIDO, APARATOS DE GRABACION O DE REPRODUCCION DE IMAGENES Y DE SONIDOS DE TELEVISION, Y LAS PARTES Y ACCESORIOS DE ESTOSAPARATOS.  MONITORES Y PROYECTORES, QUE NO INCORPOREN APARATO RECEPTOR DE TELEVISI¿N; APARATOS RECEPTORES DE TELEVISI¿N, INCLUSO CON APARATO RECEPTOR DE RADIODIFUSI¿N O GRABACI¿N O REPRODUCCI¿N DE SONIDO O IMAGEN INCORPORADO. - Proyectores:  - Proyectores:     -\tAptos para ser conectados directamente y dise¿ados para ser utilizados con una m¿quina autom¿tica para tratamiento o procesamiento de datos de la partida 84.71";"MONITORES Y PROYECTORES, QUE NO INCORPOREN APARATO RECEPTOR DE TELEVISI¿N; APARATOS RECEPTORES DE TELEVISI¿N, INCLUSO CON APARATO RECEPTOR DE RADIODIFUSI¿N O GRABACI¿N O REPRODUCCI¿N DE SONIDO O IMAGEN INCORPORADO. - Proyectores:";"PROYECTORES, EN: 1.000 UNIDADES DE MINI PROYECTORES , SIN MARCA - ORIGEN CHINA";"SIN MARCA";"SIN ACUERDO";3577408;1833422;894352;0;18517560;740702;25563444
"26DA000000122020";"IMPORTACION";"IC04";"IMPORTACION A CONSUMO CON DOCUMENTO DE TRANSPORTE";"16/03/2026";"16/03/2026";"2026";"MARZO";"CAMPESTRE S.A.";6499.04;"AVION";"R";1;"CN - CHINA";"HK - HONG KONG";"NUEVO";"UNIDAD";140;1500;1500;15400;7993.1;154;23547.1;153033544.78;0;0;"8504.40.40.000X";"INFORMATICA Y TELECOMUNICACIONES";"CAPITULO 85  MAQUINAS, APARATOS Y MATERIAL ELECTRICO Y SUS PARTES; APARATOS DE GRABACION O DE REPRODUCCION  DEL SONIDO, APARATOS DE GRABACION O DE REPRODUCCION DE IMAGENES Y DE SONIDOS DE TELEVISION, Y LAS PARTES Y ACCESORIOS DE ESTOSAPARATOS.";"CAPITULO 85  MAQUINAS, APARATOS Y MATERIAL ELECTRICO Y SUS PARTES; APARATOS DE GRABACION O DE REPRODUCCION  DEL SONIDO, APARATOS DE GRABACION O DE REPRODUCCION DE IMAGENES Y DE SONIDOS DE TELEVISION, Y LAS PARTES Y ACCESORIOS DE ESTOSAPARATOS.  TRANSFORMADORES ELECTRICOS, CONVERTIDORES ELECTRICOS ESTATICOS (POR EJEMPLO:\nRECTIFICADORES), BOBINAS DE REACTANCIAS (DE\nAUTOINDUCCION).    -Convertidores est¿ticos.     Equipo de accionininterrumpida de energia UPS o NO BREAK     Equipo de alimentacion ininterrumpida de energia (UPS o \"no break\")";"TRANSFORMADORES ELECTRICOS, CONVERTIDORES ELECTRICOS ESTATICOS (POR EJEMPLO:\nRECTIFICADORES), BOBINAS DE REACTANCIAS (DE\nAUTOINDUCCION). ";"EQUIPO DE ALIMENTACION ININTERRUMPIDA DE ENERGIA, EN: 140 UNIDADES DE UPS , MARCA: APS POWER MODELO: VISTA 2000 , ORIGEN CHINA";"APS POWER";"SIN ACUERDO";0;0;765168;0;15379871;615195;16760234
"26DA000000122020";"IMPORTACION";"IC04";"IMPORTACION A CONSUMO CON DOCUMENTO DE TRANSPORTE";"16/03/2026";"16/03/2026";"2026";"MARZO";"CAMPESTRE S.A.";6499.04;"AVION";"R";2;"CN - CHINA";"HK - HONG KONG";"NUEVO";"UNIDAD";8000;2200;2200;2800;1453.29;28;4281.29;27824275;0;0;"8504.40.10.000T";"CAPITULO 85  MAQUINAS, APARATOS Y MATERIAL ELECTRICO Y SUS PARTES; APARATOS DE GRABACION O DE REPROD";"CAPITULO 85  MAQUINAS, APARATOS Y MATERIAL ELECTRICO Y SUS PARTES; APARATOS DE GRABACION O DE REPRODUCCION  DEL SONIDO, APARATOS DE GRABACION O DE REPRODUCCION DE IMAGENES Y DE SONIDOS DE TELEVISION, Y LAS PARTES Y ACCESORIOS DE ESTOSAPARATOS.";"CAPITULO 85  MAQUINAS, APARATOS Y MATERIAL ELECTRICO Y SUS PARTES; APARATOS DE GRABACION O DE REPRODUCCION  DEL SONIDO, APARATOS DE GRABACION O DE REPRODUCCION DE IMAGENES Y DE SONIDOS DE TELEVISION, Y LAS PARTES Y ACCESORIOS DE ESTOSAPARATOS.  TRANSFORMADORES ELECTRICOS, CONVERTIDORES ELECTRICOS ESTATICOS (POR EJEMPLO:\nRECTIFICADORES), BOBINAS DE REACTANCIAS (DE\nAUTOINDUCCION).    -Convertidores est¿ticos.     Cargadores de acumuladores     Cargadores de acumuladores.";"TRANSFORMADORES ELECTRICOS, CONVERTIDORES ELECTRICOS ESTATICOS (POR EJEMPLO:\nRECTIFICADORES), BOBINAS DE REACTANCIAS (DE\nAUTOINDUCCION). ";"CARGADORES DE ACUMULADORES., EN: 8.000 UNIDADES DE CHARGER SIN MARCA - ORIGEN CHINA";"SIN MARCA";"SIN ACUERDO";1669457;0;139121;0;2963285;118531;4890394
"26DA000000122020";"IMPORTACION";"IC04";"IMPORTACION A CONSUMO CON DOCUMENTO DE TRANSPORTE";"16/03/2026";"16/03/2026";"2026";"MARZO";"CAMPESTRE S.A.";6499.04;"AVION";"R";9;"CN - CHINA";"HK - HONG KONG";"NUEVO";"UNIDAD";3000;895;895;3000;1557.14;30;4587.14;29812006;0;0;"3926.10.00.000B";"PLASTICOS Y SUS MANUFACTURAS";"CAPITULO 39 MATERIAS PLASTICAS Y MANUFACTURAS DE ESTAS  MATERIAS";"CAPITULO 39 MATERIAS PLASTICAS Y MANUFACTURAS DE ESTAS  MATERIAS  LAS DEMAS MANUFACTURAS DE PLASTICO Y MANUFACTURAS\nDE LAS DEMAS MATERIAS DE LAS PARTIDAS 39.01 A 39.14        -Art¿culos para oficina y articulos escolares.";"LAS DEMAS MANUFACTURAS DE PLASTICO Y MANUFACTURAS\nDE LAS DEMAS MATERIAS DE LAS PARTIDAS 39.01 A 39.14 ";"-LOS DEMAS EN: 3.000 UNIDADADES DE PORTA CELULAR DE PLASTICO PARA ESCRITORIO ORIGEN CHINA";"SIN MARCA";"SIN ACUERDO";1788720;0;149060;0;3174979;126999;5239758
"26DA000000122020";"IMPORTACION";"IC04";"IMPORTACION A CONSUMO CON DOCUMENTO DE TRANSPORTE";"16/03/2026";"16/03/2026";"2026";"MARZO";"CAMPESTRE S.A.";6499.04;"AVION";"R";4;"CN - CHINA";"HK - HONG KONG";"NUEVO";"UNIDAD";800;720;720;14400;7474.07;144;22018.07;143096317.65;0;0;"8471.60.52.000H";"INFORMATICA Y TELECOMUNICACIONES";"CALDERAS, MAQUINAS, APARATOS Y ARTEFACTOS MECANICOS; PARTES DE ESTAS MAQUINAS O APARATOS, REACTORES NUCLEARES";"CALDERAS, MAQUINAS, APARATOS Y ARTEFACTOS MECANICOS; PARTES DE ESTAS MAQUINAS O APARATOS, REACTORES NUCLEARES  MAQUINAS AUTOMATICAS PARA TRATAMIENTO O PROCESAMIENTO DE DATOS Y SUS UNIDADES; LECTORES MAGNETICOS U OPTICOS, MAQUINAS PARA REGISTRO DE DATOS SOBRE SOPORTE EN FORMA CODIFICADA Y MAQUINAS PARA TRATAMIENTO O PROCESAMIENTO DE ESTOS DATOS, NO EXPRESADOS NI COMPRENDIDOS EN OTRA PARTE.    -Unidades de entrada o salida, aunque incluyan unidades de memoria en la misma envoltura    Unidades de entrada       Teclados";"MAQUINAS AUTOMATICAS PARA TRATAMIENTO O PROCESAMIENTO DE DATOS Y SUS UNIDADES; LECTORES MAGNETICOS U OPTICOS, MAQUINAS PARA REGISTRO DE DATOS SOBRE SOPORTE EN FORMA CODIFICADA Y MAQUINAS PARA TRATAMIENTO O PROCESAMIENTO DE ESTOS DATOS, NO EXPRESADOS NI COMPRENDIDOS EN OTRA PARTE. ";"TECLADOS, EN: 800 UNIDADES DE TECLADOS CON BLUETOOTH, SIN MARCA - ORIGEN CHINA";"SIN MARCA";"SIN ACUERDO";0;1438118;715482;1452499;1815624;0;5421723
"26DA000000122020";"IMPORTACION";"IC04";"IMPORTACION A CONSUMO CON DOCUMENTO DE TRANSPORTE";"16/03/2026";"16/03/2026";"2026";"MARZO";"CAMPESTRE S.A.";6499.04;"AVION";"R";7;"CN - CHINA";"HK - HONG KONG";"NUEVO";"UNIDAD";250;1200;1200;9750;5060.57;97.5;14908.07;96888143;0;0;"8518.22.00.000Y";"CAPITULO 85  MAQUINAS, APARATOS Y MATERIAL ELECTRICO Y SUS PARTES; APARATOS DE GRABACION O DE REPROD";"CAPITULO 85  MAQUINAS, APARATOS Y MATERIAL ELECTRICO Y SUS PARTES; APARATOS DE GRABACION O DE REPRODUCCION  DEL SONIDO, APARATOS DE GRABACION O DE REPRODUCCION DE IMAGENES Y DE SONIDOS DE TELEVISION, Y LAS PARTES Y ACCESORIOS DE ESTOSAPARATOS.";"CAPITULO 85  MAQUINAS, APARATOS Y MATERIAL ELECTRICO Y SUS PARTES; APARATOS DE GRABACION O DE REPRODUCCION  DEL SONIDO, APARATOS DE GRABACION O DE REPRODUCCION DE IMAGENES Y DE SONIDOS DE TELEVISION, Y LAS PARTES Y ACCESORIOS DE ESTOSAPARATOS.  MICR¿FONOS Y SUS SOPORTES; ALTAVOCES (ALTOPARLANTES), INCLUSO  MONTADOS EN SUS CAJAS; AURICULARES, INCLUIDOS LOS DE CASCO, INCLUSO COMBINADOS CON MICR¿FONO, Y JUEGOS O CONJUNTOS CONSTITUIDOS POR UN MICR¿FONO Y UNO O VARIOS ALTAVOCES (ALTOPARLANTES); AMPLIFICADORES EL¿CTRICOS DE AUDIOFRECUENCIA; EQUIPOS EL¿CTRICOS PARA AMPLIFICACI¿N DE SONIDO. -Altavoces (altoparlantes), incluso montados en\n sus cajas  -Altavoces (altoparlantes), incluso montados en\n sus cajas   --Varios Altavoces (altoparlantes) montados en una misma caja  --Varios altavoces (altoparlantes) montados en una misma caja.";"MICR¿FONOS Y SUS SOPORTES; ALTAVOCES (ALTOPARLANTES), INCLUSO  MONTADOS EN SUS CAJAS; AURICULARES, INCLUIDOS LOS DE CASCO, INCLUSO COMBINADOS CON MICR¿FONO, Y JUEGOS O CONJUNTOS CONSTITUIDOS POR UN MICR¿FONO Y UNO O VARIOS ALTAVOCES (ALTOPARLANTES); AMPLIFICADORES EL¿CTRICOS DE AUDIOFRECUENCIA; EQUIPOS EL¿CTRICOS PARA AMPLIFICACI¿N DE SONIDO. -Altavoces (altoparlantes), incluso montados en\n sus cajas";"--VARIOS ALTAVOCES (ALTOPARLANTES) MONTADOS EN UNA MISMA CAJA, EN: 250 UNIDADES DE WIRELESS SPEAKER MARCA: JOOG , MODE: PAIR 1000 - ORIGEN CHINA";"JOOG";"SIN ACUERDO";5813289;1031859;484441;1042177;1302722;0;9674488
"26DA000000122020";"IMPORTACION";"IC04";"IMPORTACION A CONSUMO CON DOCUMENTO DE TRANSPORTE";"16/03/2026";"16/03/2026";"2026";"MARZO";"CAMPESTRE S.A.";6499.04;"AVION";"R";6;"CN - CHINA";"HK - HONG KONG";"NUEVO";"UNIDAD";800;520;520;16000;8304.52;160;24464.52;158995894.06;0;0;"8473.30.41.000K";"INFORMATICA Y TELECOMUNICACIONES";"CALDERAS, MAQUINAS, APARATOS Y ARTEFACTOS MECANICOS; PARTES DE ESTAS MAQUINAS O APARATOS, REACTORES NUCLEARES";"CALDERAS, MAQUINAS, APARATOS Y ARTEFACTOS MECANICOS; PARTES DE ESTAS MAQUINAS O APARATOS, REACTORES NUCLEARES  PARTES Y ACCESORIOS (EXCEPTO LOS ESTUCHES, FUNDAS\nY SIMILARES) IDENTIFICABLES COMO DESTINADOS,\nEXCLUSIVA O PRINCIPALMENTE, A LAS MAQUINAS O\nAPARATOS DE LAS PARTIDAS 84.69 A 84.72.    -Partes y accesorios de m¿quinas de la partida  84.71    Circuitos impresos con componentes el¿ctricos\n   o electr¿nicos montados.       Placas madre (\"Mother Board\").";"PARTES Y ACCESORIOS (EXCEPTO LOS ESTUCHES, FUNDAS\nY SIMILARES) IDENTIFICABLES COMO DESTINADOS,\nEXCLUSIVA O PRINCIPALMENTE, A LAS MAQUINAS O\nAPARATOS DE LAS PARTIDAS 84.69 A 84.72. ";"PLACAS MADRE (\"MOTHER BOARD\")., EN: 800 UNIDADES DE  PLACA MADRE MARCA: STAR , MODELO:B85 - ORIGEN CHINA";"STAR";"SIN ACUERDO";0;0;794979;1597909;1997386;0;4390274
"26DA000000122021";"IMPORTACION";"IC04";"IMPORTACION A CONSUMO CON DOCUMENTO DE TRANSPORTE";"16/03/2026";"16/03/2026";"2026";"MARZO";"EMPEDRIL S.A.";6499.04;"CAMION";"V";1;"BR - BRASIL";"BR - BRASIL";"NUEVO";"KILOGRAMO";25000;25000;25610;14828.75;1875;148.29;16852.04;109522082.04;0;0;"2526.20.00.000F";"PRODUCTOS MINERALES (CEMENTOS, CAL, SAL Y OTROS)";"CAPITULO 25 SAL; AZUFRE; TIERRAS Y PIEDRAS; YESOS, CALES Y CEMENTOS";"CAPITULO 25 SAL; AZUFRE; TIERRAS Y PIEDRAS; YESOS, CALES Y CEMENTOS  ESTEATITA NATURAL, INCLUSO DESBASTADA O \nSIMPLEMENTE TROCEADA, POR ASERRADO O DE OTRO\nMODO, EN BLOQUES O EN PLACAS CUADRADAS O RECTANGULARES; TALCO.        -Triturados o pulverizados.";"ESTEATITA NATURAL, INCLUSO DESBASTADA O \nSIMPLEMENTE TROCEADA, POR ASERRADO O DE OTRO\nMODO, EN BLOQUES O EN PLACAS CUADRADAS O RECTANGULARES; TALCO. ";"LOS DEMAS TALCOS DETALLADOS EN SUB ITEMS";"";"MERCOSUR";0;0;547610;0;11006969;440279;11994858
"26DA000000122022";"IMPORTACION";"IC04";"IMPORTACION A CONSUMO CON DOCUMENTO DE TRANSPORTE";"16/03/2026";"16/03/2026";"2026";"MARZO";"JOSE FALCON";6499.04;"CAMION";"R";1;"AR - ARGENTINA";"AR - ARGENTINA";"NUEVO";"KILOGRAMO";50000;50000;51520;28750;4000;287.5;33037.5;214712034;0;0;"1108.12.00.000B";"PRODUCTOS DE MOLINERIA (ALMIDON Y HARINAS)";"CAPITULO 11PRODUCTOS DE LA MOLINERIA; MALTA; ALMIDON YFECULA; INULINA; GLUTEN DE TRIGO";"CAPITULO 11PRODUCTOS DE LA MOLINERIA; MALTA; ALMIDON YFECULA; INULINA; GLUTEN DE TRIGO  ALMIDON Y FECULA; INULINA. -Almid¿n y f¿cula:  -Almid¿n y f¿cula:     --Almid¿n de ma¿z.";"ALMIDON Y FECULA; INULINA. -Almid¿n y f¿cula:";"ALMIDON DE MAIZ, EN: 2.000 BOLSAS POR 25 KGS C/U ALMIDON DE MAIZ USO ALIMENTICIO.";"GLUCOVIL";"MERCOSUR";0;0;1073560;0;21639759;865590;23578909
"26DA000000122023";"IMPORTACION";"IFC1";"IMPORTACION DE FRACCIONES COMPLEMENTARIAS";"16/03/2026";"16/03/2026";"2026";"MARZO";"JOSE FALCON";6499.04;"CAMION";"R";1;"AR - ARGENTINA";"AR - ARGENTINA";"NUEVO";"KILOGRAMO";1;30000;30150;4500;617.65;45;5162.65;33552268.856;0;0;"0701.90.00.000R";"HORTALIZAS, RAICES Y TUBERCULOS ALIMENTICIOS";"CAPITULO 7 LEGUMBRES Y HORTALIZAS, PLANTAS, RAICES YTUBERCULOS ALIMENTICIOS.";"CAPITULO 7 LEGUMBRES Y HORTALIZAS, PLANTAS, RAICES YTUBERCULOS ALIMENTICIOS.  PAPAS (PATATAS) FRESCAS O REFRIGERADAS.        -Las dem¿s.";"PAPAS (PATATAS) FRESCAS O REFRIGERADAS. ";"PAPAS FRESCAS PARA CONSUMO EN BOLSAS DE 20 KG APROX.-";"SIN MARCA";"MERCOSUR";0;0;0;0;0;0;0
"26DA000000122024";"EXPORTACION";"EFC1";"EXPORTACION COMPLEMENTARIA";"16/03/2026";"16/03/2026";"2026";"MARZO";"PUERTO SECO BOREAL";6499.04;"CAMION";"V";1;"PY - PARAGUAY";"AR - ARGENTINA";"NUEVO";"KILOGRAMO";620000;32620;32620;293.58;0;0;293.54;1907712.2;0;0;"2517.10.00.000P";"PRODUCTOS MINERALES (CEMENTOS, CAL, SAL Y OTROS)";"CAPITULO 25 SAL; AZUFRE; TIERRAS Y PIEDRAS; YESOS, CALES Y CEMENTOS";"CAPITULO 25 SAL; AZUFRE; TIERRAS Y PIEDRAS; YESOS, CALES Y CEMENTOS  CANTOS, GRAVA, PIEDRAS MACHACADAS, DE LOS TIPOS\nGENERALMENTE UTILIZADOS PARA HACER HORMIGON, O PARA FIRMES DE CARRETERAS, VIAS FERREAS U OTROS BALASTOS, GUIJARROS Y PEDERNAL, INCLUSO TRATADOS TERMICAMENTE; MACADAM DE ESCORIAS O DE DESECHOS INDUSTRIALES SIMILARES, INCLUSO CON\nMATERIALES COMPRENDIDOS EN LA PRIMERA PARTE DE LA\nPARTIDA; MACADAM ALQUITRANADO; GRANULOS,TASQUILES\n(FRAGMENTOS) Y POLVO DE PIEDRAS DE LAS PARTIDAS\n2515 O 2516, INCLUSO TRATADOS TERMICAMENTE.        -Cantos, grava, piedras machacadas, de los tipos generalmente utilizados para hacer hormig¿n, o para firmes de carreteras, v¿as f¿rreas u otros balastos, guijarros y pedernal, incluso tratados\nt¿rmicamente.";"CANTOS, GRAVA, PIEDRAS MACHACADAS, DE LOS TIPOS\nGENERALMENTE UTILIZADOS PARA HACER HORMIGON, O PARA FIRMES DE CARRETERAS, VIAS FERREAS U OTROS BALASTOS, GUIJARROS Y PEDERNAL, INCLUSO TRATADOS TERMICAMENTE; MACADAM DE ESCORIAS O DE DESECHOS INDUSTRIALES SIMILARES, INCLUSO CON\nMATERIALES COMPRENDIDOS EN LA PRIMERA PARTE DE LA\nPARTIDA; MACADAM ALQUITRANADO; GRANULOS,TASQUILES\n(FRAGMENTOS) Y POLVO DE PIEDRAS DE LAS PARTIDAS\n2515 O 2516, INCLUSO TRATADOS TERMICAMENTE. ";"620 TONELADAS PIEDRA TRITURADA MACHACADA A GRANEL";"MINERA SALADILLO";"MERCOSUR";0;0;0;0;0;0;0
"26DA000000122025";"IMPORTACION";"IC04";"IMPORTACION A CONSUMO CON DOCUMENTO DE TRANSPORTE";"16/03/2026";"16/03/2026";"2026";"MARZO";"CAACUPEMI";6499.04;"CAMION";"V";1;"AR - ARGENTINA";"AR - ARGENTINA";"NUEVO";"KILOGRAMO";27000;27000;27000;36720;3909.09;367.2;40996.29;266436528.56;0;0;"3907.50.10.000V";"PLASTICOS Y SUS MANUFACTURAS";"CAPITULO 39 MATERIAS PLASTICAS Y MANUFACTURAS DE ESTAS  MATERIAS";"CAPITULO 39 MATERIAS PLASTICAS Y MANUFACTURAS DE ESTAS  MATERIAS  POLIACETALES, LOS DEMAS POLIESTERES Y RESINAS\nEPOXI, EN FORMAS PRIMARIAS; POLICARBONATOS,RESINAS ALCIDICAS, POLIESTERES ALILICOS Y DEMAS POLIES-\nTERES, EN FORMAS PRIMARIAS.    -Resinas alc¿dicas.       En las formas previstas en la Nota 6a) de ¿ste\n   Cap¿tulo.";"POLIACETALES, LOS DEMAS POLIESTERES Y RESINAS\nEPOXI, EN FORMAS PRIMARIAS; POLICARBONATOS,RESINAS ALCIDICAS, POLIESTERES ALILICOS Y DEMAS POLIES-\nTERES, EN FORMAS PRIMARIAS. ";"RESINAS ALCIDICAS. CRI. TEC. LEG. R.G.I. 1 Y 6. SE TRATA DE: ALQ. MEDIA GIRASOL YGM52/46";"CRILEN S.A.";"MERCOSUR";0;0;1332183;0;26776871;1071075;29180129
"26DA000000122242";"EXPORTACION";"EFC1";"EXPORTACION COMPLEMENTARIA";"12/03/2026";"17/03/2026";"2026";"MARZO";"TER. DE CARGAS KM.12";6480.18;"CAMION";"V";1;"PY - PARAGUAY";"BR - BRASIL";"NUEVO";"KILOGRAMO";3000000;32380;32380;11478.71;825.69;0;12438.28;80602310.04;0;0;"1201.90.00.000T";"SOJA";"CAPITULO 12 SEMILLAS Y FRUTOS OLEAGINOSOS; SEMILLAS Y FRUTOS  DIVERSOS; PLANTAS INDUSTRIALES O MEDICINALES; PAJA Y FORRAJES";"CAPITULO 12 SEMILLAS Y FRUTOS OLEAGINOSOS; SEMILLAS Y FRUTOS  DIVERSOS; PLANTAS INDUSTRIALES O MEDICINALES; PAJA Y FORRAJES          Las dem¿s";" ";"SOJA EN GRANOS CLASE DE COLOR I-AMARILLA, ZAFRA 2026, DEL GRUPO DE CALIDAD II-A GRANEL.-";"SIN MARCA";"SIN ACUERDO";0;0;0;0;0;0;0
"26DA000000122243";"EXPORTACION";"EFC1";"EXPORTACION COMPLEMENTARIA";"15/03/2026";"17/03/2026";"2026";"MARZO";"TER. DE CARGAS KM.12";6499.04;"CAMION";"V";1;"PY - PARAGUAY";"BR - BRASIL";"NUEVO";"KILOGRAMO";3000000;31370;31370;11120.66;799.93;0;12015.33;78088089.71;0;0;"1201.90.00.000T";"SOJA";"CAPITULO 12 SEMILLAS Y FRUTOS OLEAGINOSOS; SEMILLAS Y FRUTOS  DIVERSOS; PLANTAS INDUSTRIALES O MEDICINALES; PAJA Y FORRAJES";"CAPITULO 12 SEMILLAS Y FRUTOS OLEAGINOSOS; SEMILLAS Y FRUTOS  DIVERSOS; PLANTAS INDUSTRIALES O MEDICINALES; PAJA Y FORRAJES          Las dem¿s";" ";"SOJA EN GRANOS CLASE DE COLOR I-AMARILLA, ZAFRA 2026, DEL GRUPO DE CALIDAD II-A GRANEL.-";"SIN MARCA";"SIN ACUERDO";0;0;0;0;0;0;0
"26DA000000122244";"EXPORTACION";"EFC1";"EXPORTACION COMPLEMENTARIA";"15/03/2026";"17/03/2026";"2026";"MARZO";"TER. DE CARGAS KM.12";6499.04;"CAMION";"V";1;"PY - PARAGUAY";"BR - BRASIL";"NUEVO";"KILOGRAMO";3000000;30680;30680;10876.06;782.34;0;11751.05;76370564.29;0;0;"1201.90.00.000T";"SOJA";"CAPITULO 12 SEMILLAS Y FRUTOS OLEAGINOSOS; SEMILLAS Y FRUTOS  DIVERSOS; PLANTAS INDUSTRIALES O MEDICINALES; PAJA Y FORRAJES";"CAPITULO 12 SEMILLAS Y FRUTOS OLEAGINOSOS; SEMILLAS Y FRUTOS  DIVERSOS; PLANTAS INDUSTRIALES O MEDICINALES; PAJA Y FORRAJES          Las dem¿s";" ";"SOJA EN GRANOS CLASE DE COLOR I-AMARILLA, ZAFRA 2026, DEL GRUPO DE CALIDAD II-A GRANEL.-";"SIN MARCA";"SIN ACUERDO";0;0;0;0;0;0;0
"26DA000000122245";"EXPORTACION";"EFC1";"EXPORTACION COMPLEMENTARIA";"11/03/2026";"17/03/2026";"2026";"MARZO";"TER. DE CARGAS KM.12";6498.1;"CAMION";"V";1;"PY - PARAGUAY";"BR - BRASIL";"NUEVO";"KILOGRAMO";1000000;31000;31000;6975;0;0;7211.7;46862374.5;0;0;"1006.20.20.000T";"CEREALES (TRIGO, ARROZ, MAIZ Y SORGO)";"CAPITULO 10  CEREALES";"CAPITULO 10  CEREALES  ARROZ.    -Arroz descascarillado (arroz cargo o arroz\n pardo).       No parboilizado.";"ARROZ. ";"ARROZ DESCASCARADO CARGO (ESBRAMADO) A GRANEL NO PARBOLIZADO ZAFRA 2025/2026.-";"SIN MARCA";"SIN ACUERDO";0;0;0;0;0;0;0
"26DA000000122246";"EXPORTACION";"EFC1";"EXPORTACION COMPLEMENTARIA";"14/03/2026";"17/03/2026";"2026";"MARZO";"TER. DE CARGAS KM.12";6499.04;"CAMION";"V";1;"PY - PARAGUAY";"BR - BRASIL";"NUEVO";"KILOGRAMO";315000;31500;31531.5;9922.5;0;0;10001.36;64999221.53;0;0;"1006.30.21.000P";"CEREALES (TRIGO, ARROZ, MAIZ Y SORGO)";"CAPITULO 10  CEREALES";"CAPITULO 10  CEREALES  ARROZ.    -Arroz semiblanqueado o blanqueado, incluso\n pulido o glaseado.    No parboilizado.       Pulido o glaseado";"ARROZ. ";"ARROZ BLANCO PULIDO TIPO 1 NO PARBOLIZADO CON MAXIMO DE 7,5% DE GRANOS QUEBRADOS  EN BIG BAGS DE 1.500 KG C/ UNO SAFRA 2025 INDUSTRIA PARAGUAYA.-";"EL PAIS";"MERCOSUR";0;0;0;0;0;0;0
"26DA000000122247";"EXPORTACION";"EFC1";"EXPORTACION COMPLEMENTARIA";"14/03/2026";"17/03/2026";"2026";"MARZO";"TER. DE CARGAS KM.12";6499.04;"CAMION";"V";1;"PY - PARAGUAY";"BR - BRASIL";"NUEVO";"KILOGRAMO";315000;31500;31531.5;9922.5;0;0;10001.36;64999221.53;0;0;"1006.30.21.000P";"CEREALES (TRIGO, ARROZ, MAIZ Y SORGO)";"CAPITULO 10  CEREALES";"CAPITULO 10  CEREALES  ARROZ.    -Arroz semiblanqueado o blanqueado, incluso\n pulido o glaseado.    No parboilizado.       Pulido o glaseado";"ARROZ. ";"ARROZ BLANCO PULIDO TIPO 1 NO PARBOLIZADO CON MAXIMO DE 7,5% DE GRANOS QUEBRADOS  EN BIG BAGS DE 1.500 KG C/ UNO SAFRA 2025 INDUSTRIA PARAGUAYA.-";"EL PAIS";"MERCOSUR";0;0;0;0;0;0;0
"26DA000000122248";"EXPORTACION";"EFC1";"EXPORTACION COMPLEMENTARIA";"16/03/2026";"18/03/2026";"2026";"MARZO";"TER. DE CARGAS KM.12";6499.04;"CAMION";"V";1;"PY - PARAGUAY";"BR - BRASIL";"NUEVO";"KILOGRAMO";1000000;32770;32770;6685.08;1507.42;0;8191.32;53235684.25;0;0;"1001.99.00.000M";"CEREALES (TRIGO, ARROZ, MAIZ Y SORGO)";"CAPITULO 10  CEREALES";"CAPITULO 10  CEREALES  TRIGO Y MORCAJO (TRANQUILLON). - Los dem¿s:\r\n  - Los dem¿s:\r\n     - - Los dem¿s\r\n";"TRIGO Y MORCAJO (TRANQUILLON). - Los dem¿s:\r\n";"TRIGO PARAGUAYO EN GRANOS COMUN (TRITICUM AESTIVUM) A GRANEL COMERCIAL SEMI-DURO SAFRA 2025.-";"SIN MARCA";"SIN ACUERDO";0;0;0;0;0;0;0
"26DA000000122249";"EXPORTACION";"EFC1";"EXPORTACION COMPLEMENTARIA";"16/03/2026";"18/03/2026";"2026";"MARZO";"TER. DE CARGAS KM.12";6499.04;"CAMION";"V";1;"PY - PARAGUAY";"BR - BRASIL";"NUEVO";"KILOGRAMO";1000000;32220;32220;11373.66;869.94;0;12236.4;79524875.6;0;0;"1201.90.00.000T";"SOJA";"CAPITULO 12 SEMILLAS Y FRUTOS OLEAGINOSOS; SEMILLAS Y FRUTOS  DIVERSOS; PLANTAS INDUSTRIALES O MEDICINALES; PAJA Y FORRAJES";"CAPITULO 12 SEMILLAS Y FRUTOS OLEAGINOSOS; SEMILLAS Y FRUTOS  DIVERSOS; PLANTAS INDUSTRIALES O MEDICINALES; PAJA Y FORRAJES          Las dem¿s";" ";"LAS DEM?S EN: SOJA EN GRANOS A GRANEL";"SIN MARCA";"MERCOSUR";0;0;0;0;0;0;0
"26DA000000122250";"EXPORTACION";"EFC1";"EXPORTACION COMPLEMENTARIA";"16/03/2026";"18/03/2026";"2026";"MARZO";"TER. DE CARGAS KM.12";6499.04;"CAMION";"V";1;"PY - PARAGUAY";"BR - BRASIL";"NUEVO";"KILOGRAMO";1000000;31640;31640;11168.92;854.28;0;12016.13;78093329.1;0;0;"1201.90.00.000T";"SOJA";"CAPITULO 12 SEMILLAS Y FRUTOS OLEAGINOSOS; SEMILLAS Y FRUTOS  DIVERSOS; PLANTAS INDUSTRIALES O MEDICINALES; PAJA Y FORRAJES";"CAPITULO 12 SEMILLAS Y FRUTOS OLEAGINOSOS; SEMILLAS Y FRUTOS  DIVERSOS; PLANTAS INDUSTRIALES O MEDICINALES; PAJA Y FORRAJES          Las dem¿s";" ";"LAS DEM?S EN: SOJA EN GRANOS A GRANEL";"SIN MARCA";"MERCOSUR";0;0;0;0;0;0;0
"26DA000000122251";"EXPORTACION";"EFC1";"EXPORTACION COMPLEMENTARIA";"16/03/2026";"18/03/2026";"2026";"MARZO";"TER. DE CARGAS KM.12";6499.04;"CAMION";"V";1;"PY - PARAGUAY";"BR - BRASIL";"NUEVO";"KILOGRAMO";3500000;32270;32270;6389.46;1000.37;0;7445.49;48388532.95;0;0;"1001.99.00.000M";"CEREALES (TRIGO, ARROZ, MAIZ Y SORGO)";"CAPITULO 10  CEREALES";"CAPITULO 10  CEREALES  TRIGO Y MORCAJO (TRANQUILLON). - Los dem¿s:\r\n  - Los dem¿s:\r\n     - - Los dem¿s\r\n";"TRIGO Y MORCAJO (TRANQUILLON). - Los dem¿s:\r\n";"TRIGO COMUN (TRITICUM AESTIVUM) EN GRANOS A GRANEL, TIPO EXPORTACION, SEMIDURO, PRODUCCION PARAGUAYA, ZAFRA 2025.-";"SIN MARCA";"MERCOSUR";0;0;0;0;0;0;0
"26DA000000122252";"EXPORTACION";"EFC1";"EXPORTACION COMPLEMENTARIA";"16/03/2026";"18/03/2026";"2026";"MARZO";"TER. DE CARGAS KM.12";6499.04;"CAMION";"V";1;"PY - PARAGUAY";"BR - BRASIL";"NUEVO";"KILOGRAMO";1000000;32900;32900;6777.4;987;0;7741.87;50314709.59;0;0;"1001.99.00.000M";"CEREALES (TRIGO, ARROZ, MAIZ Y SORGO)";"CAPITULO 10  CEREALES";"CAPITULO 10  CEREALES  TRIGO Y MORCAJO (TRANQUILLON). - Los dem¿s:\r\n  - Los dem¿s:\r\n     - - Los dem¿s\r\n";"TRIGO Y MORCAJO (TRANQUILLON). - Los dem¿s:\r\n";"TRIGO EN GRANOS A GRANEL ZAFRA 2025 COMUN (TRITICUM AESTIVUM) SEMI-DURO, PARA INDUSTRIALIZACION, PARAGUAYO. MARCA: SIN MARCA, IMPUREZA MAX. 1%, HUMEDAD MAX. 13%, TRIGUILLO MAX. 1%";"SIN MARCA";"MERCOSUR";0;0;0;0;0;0;0
"26DA000000122253";"EXPORTACION";"EFC1";"EXPORTACION COMPLEMENTARIA";"13/03/2026";"18/03/2026";"2026";"MARZO";"TER. DE CARGAS KM.12";6457.36;"CAMION";"V";1;"PY - PARAGUAY";"BR - BRASIL";"NUEVO";"KILOGRAMO";945000;31150;31150;6853;2429.7;0;9299.33;60049136.51;0;0;"1006.20.20.000T";"CEREALES (TRIGO, ARROZ, MAIZ Y SORGO)";"CAPITULO 10  CEREALES";"CAPITULO 10  CEREALES  ARROZ.    -Arroz descascarillado (arroz cargo o arroz\n pardo).       No parboilizado.";"ARROZ. ";"ARROZ DESCASCARADO CARGO ESBRAMADO, NO PARBOLIZADO VARIEDAD LARGO FINO, A GRANEL, ZAFRA 2026.-";"SIN MARCA";"SIN ACUERDO";0;0;0;0;0;0;0
"26DA000000122254";"EXPORTACION";"EFC1";"EXPORTACION COMPLEMENTARIA";"12/03/2026";"18/03/2026";"2026";"MARZO";"TER. DE CARGAS KM.12";6480.18;"CAMION";"V";1;"PY - PARAGUAY";"BR - BRASIL";"NUEVO";"KILOGRAMO";1000000;30190;30190;8453.2;0;0;8450.36;54759829.6;0;0;"1006.20.20.000T";"CEREALES (TRIGO, ARROZ, MAIZ Y SORGO)";"CAPITULO 10  CEREALES";"CAPITULO 10  CEREALES  ARROZ.    -Arroz descascarillado (arroz cargo o arroz\n pardo).       No parboilizado.";"ARROZ. ";"ARROZ DESCASCARADO CARGO ESBRAMADO A GRANEL NO PARBOLIZADO COM RENDIMENTO ENTRE 71% A 72% DE GRANOS ENTEROS ZAFRA 2025/2026 INDUSTRIA PARAGUAYA.-";"SIN MARCA";"MERCOSUR";0;0;0;0;0;0;0
"26DA000000122255";"EXPORTACION";"EFC1";"EXPORTACION COMPLEMENTARIA";"16/03/2026";"18/03/2026";"2026";"MARZO";"TER. DE CARGAS KM.12";6499.04;"CAMION";"V";1;"PY - PARAGUAY";"BR - BRASIL";"NUEVO";"KILOGRAMO";1000000;15110;15110;5409.38;876.38;0;6247.98;40605883.88;0;0;"1201.90.00.000T";"SOJA";"CAPITULO 12 SEMILLAS Y FRUTOS OLEAGINOSOS; SEMILLAS Y FRUTOS  DIVERSOS; PLANTAS INDUSTRIALES O MEDICINALES; PAJA Y FORRAJES";"CAPITULO 12 SEMILLAS Y FRUTOS OLEAGINOSOS; SEMILLAS Y FRUTOS  DIVERSOS; PLANTAS INDUSTRIALES O MEDICINALES; PAJA Y FORRAJES          Las dem¿s";" ";"SOJA PARAGUAYA (CLASE AMARILLA) EN GRANOS  A GRANEL, ZAFRA 2025/2026.-";"SIN MARCA";"MERCOSUR";0;0;0;0;0;0;0
"26DA000000122256";"EXPORTACION";"EFC1";"EXPORTACION COMPLEMENTARIA";"13/03/2026";"18/03/2026";"2026";"MARZO";"TER. DE CARGAS KM.12";6457.36;"CAMION";"V";1;"PY - PARAGUAY";"BR - BRASIL";"NUEVO";"KILOGRAMO";1000000;32940;32940;11561.94;1581.12;32.94;13360.93;86276316.24;0;0;"1201.90.00.000T";"SOJA";"CAPITULO 12 SEMILLAS Y FRUTOS OLEAGINOSOS; SEMILLAS Y FRUTOS  DIVERSOS; PLANTAS INDUSTRIALES O MEDICINALES; PAJA Y FORRAJES";"CAPITULO 12 SEMILLAS Y FRUTOS OLEAGINOSOS; SEMILLAS Y FRUTOS  DIVERSOS; PLANTAS INDUSTRIALES O MEDICINALES; PAJA Y FORRAJES          Las dem¿s";" ";"SOJA PARAGUAYA EN GRANOS, A GRANEL, COLOR AMARILLO, TIPO PADRON BASICO ZAFRA 2025/2026";"CARGILL";"MERCOSUR";0;0;0;0;0;0;0
"26DA000000122467";"EXPORTACION";"EFC1";"EXPORTACION COMPLEMENTARIA";"11/03/2026";"19/03/2026";"2026";"MARZO";"TER. DE CARGAS KM.12";6498.1;"CAMION";"V";1;"PY - PARAGUAY";"BR - BRASIL";"NUEVO";"KILOGRAMO";1000000;31400;31400;11178.4;1884;0;12979.2;84340128.7;0;0;"1201.90.00.000T";"SOJA";"CAPITULO 12 SEMILLAS Y FRUTOS OLEAGINOSOS; SEMILLAS Y FRUTOS  DIVERSOS; PLANTAS INDUSTRIALES O MEDICINALES; PAJA Y FORRAJES";"CAPITULO 12 SEMILLAS Y FRUTOS OLEAGINOSOS; SEMILLAS Y FRUTOS  DIVERSOS; PLANTAS INDUSTRIALES O MEDICINALES; PAJA Y FORRAJES          Las dem¿s";" ";"SOJA PARAGUAY (CLASE AMARILLA) EN GRANOS A GRANEL ZAFRA 2025/2026";"SIN MARCA";"SIN ACUERDO";0;0;0;0;0;0;0
"26DA000000122468";"EXPORTACION";"EFC1";"EXPORTACION COMPLEMENTARIA";"11/03/2026";"19/03/2026";"2026";"MARZO";"TER. DE CARGAS KM.12";6498.1;"CAMION";"V";1;"PY - PARAGUAY";"BR - BRASIL";"NUEVO";"KILOGRAMO";1000000;31500;31500;11214;1890;0;13020.53;84608727.84;0;0;"1201.90.00.000T";"SOJA";"CAPITULO 12 SEMILLAS Y FRUTOS OLEAGINOSOS; SEMILLAS Y FRUTOS  DIVERSOS; PLANTAS INDUSTRIALES O MEDICINALES; PAJA Y FORRAJES";"CAPITULO 12 SEMILLAS Y FRUTOS OLEAGINOSOS; SEMILLAS Y FRUTOS  DIVERSOS; PLANTAS INDUSTRIALES O MEDICINALES; PAJA Y FORRAJES          Las dem¿s";" ";"SOJA PARAGUAY (CLASE AMARILLA) EN GRANOS A GRANEL ZAFRA 2025/2026";"SIN MARCA";"SIN ACUERDO";0;0;0;0;0;0;0
"26DA000000122469";"EXPORTACION";"EC01";"EXPORTACION A CONSUMO";"27/02/2026";"19/03/2026";"2026";"MARZO";"TER. DE CARGAS KM.12";6456.71;"CAMION";"V";1;"PY - PARAGUAY";"BR - BRASIL";"NUEVO";"KILOGRAMO";1000000;1000000;1000000;356000;60000;0;416000;2685991360;0;0;"1201.90.00.000T";"SOJA";"CAPITULO 12 SEMILLAS Y FRUTOS OLEAGINOSOS; SEMILLAS Y FRUTOS  DIVERSOS; PLANTAS INDUSTRIALES O MEDICINALES; PAJA Y FORRAJES";"CAPITULO 12 SEMILLAS Y FRUTOS OLEAGINOSOS; SEMILLAS Y FRUTOS  DIVERSOS; PLANTAS INDUSTRIALES O MEDICINALES; PAJA Y FORRAJES          Las dem¿s";" ";"SOJA PARAGUAY (CLASE AMARILLA) EN GRANOS A GRANEL ZAFRA 2025/2026";"SIN MARCA";"SIN ACUERDO";0;0;0;0;0;0;0
"26DA000000122470";"EXPORTACION";"EFC1";"EXPORTACION COMPLEMENTARIA";"18/03/2026";"19/03/2026";"2026";"MARZO";"CAMPESTRE S.A.";6468.07;"CAMION";"V";1;"PY - PARAGUAY";"BR - BRASIL";"NUEVO";"METROS";2998.36;2998.362;3603.212;19189.51;198.27;28.78;19416.56;125587669.24;0;0;"6004.10.42.000V";"MANUFACTURAS DE TEJIDOS ( PRENDAS Y COMPLEMENTOS DE VESTIR)";"CAPITULO 60  GENEROS DE PUNTO";"CAPITULO 60  GENEROS DE PUNTO  TEJIDOS DE PUNTO DE ANCHURA SUPERIOR A 30 cm, CON UN CONTENIDO DE HILADOS DE\nELAST¿MEROS O DE HILOS DE CAUCHO SUPERIOR O IGUAL AL 5 % EN PESO, EXCEPTO LOS\nDE LA PARTIDA 60.01.    -Con un contenido de hilados de elast¿meros superior o igual al 5 % en peso, sin hilos de caucho    De fibras artificiales       Te¿idos";"TEJIDOS DE PUNTO DE ANCHURA SUPERIOR A 30 cm, CON UN CONTENIDO DE HILADOS DE\nELAST¿MEROS O DE HILOS DE CAUCHO SUPERIOR O IGUAL AL 5 % EN PESO, EXCEPTO LOS\nDE LA PARTIDA 60.01. ";"TEJIDO DE VISCOSA CON ELASTANO Y POLIESTER - TE¿IDO .";"LUNELLI";"MERCOSUR";0;0;0;0;0;0;0
"26DA000000122470";"EXPORTACION";"EFC1";"EXPORTACION COMPLEMENTARIA";"18/03/2026";"19/03/2026";"2026";"MARZO";"CAMPESTRE S.A.";6468.07;"CAMION";"V";9;"PY - PARAGUAY";"BR - BRASIL";"NUEVO";"METROS";12218.82;12218.823;12218.823;72684.47;750.96;109.03;73544.46;475690715.39;0;0;"6006.42.00.000U";"MANUFACTURAS DE TEJIDOS ( PRENDAS Y COMPLEMENTOS DE VESTIR)";"CAPITULO 60  GENEROS DE PUNTO";"CAPITULO 60  GENEROS DE PUNTO  LOS DEM¿S TEJIDOS DE PUNTO. -De fibras artiiciales:  -De fibras artiiciales:     -- Te¿idos\r\n";"LOS DEM¿S TEJIDOS DE PUNTO. -De fibras artiiciales:";"MALHA VISCOSE (TE¿IDO) .";"LUNELLI";"MERCOSUR";0;0;0;0;0;0;0
"26DA000000122470";"EXPORTACION";"EFC1";"EXPORTACION COMPLEMENTARIA";"18/03/2026";"19/03/2026";"2026";"MARZO";"CAMPESTRE S.A.";6468.07;"CAMION";"V";3;"PY - PARAGUAY";"BR - BRASIL";"NUEVO";"METROS";52.78;52.781;52.781;357.32;3.69;0.54;361.55;2338530.71;0;0;"6004.10.11.000H";"MANUFACTURAS DE TEJIDOS ( PRENDAS Y COMPLEMENTOS DE VESTIR)";"CAPITULO 60  GENEROS DE PUNTO";"CAPITULO 60  GENEROS DE PUNTO  TEJIDOS DE PUNTO DE ANCHURA SUPERIOR A 30 cm, CON UN CONTENIDO DE HILADOS DE\nELAST¿MEROS O DE HILOS DE CAUCHO SUPERIOR O IGUAL AL 5 % EN PESO, EXCEPTO LOS\nDE LA PARTIDA 60.01.    -Con un contenido de hilados de elast¿meros superior o igual al 5 % en peso, sin hilos de caucho    De algod¿n       Crudos o blanqueados";"TEJIDOS DE PUNTO DE ANCHURA SUPERIOR A 30 cm, CON UN CONTENIDO DE HILADOS DE\nELAST¿MEROS O DE HILOS DE CAUCHO SUPERIOR O IGUAL AL 5 % EN PESO, EXCEPTO LOS\nDE LA PARTIDA 60.01. ";"TEJIDO DE ALGOD¿N CON ELASTANO - (BLANCO O BLANQUEADO) .";"LUNELLI";"MERCOSUR";0;0;0;0;0;0;0
"26DA000000122470";"EXPORTACION";"EFC1";"EXPORTACION COMPLEMENTARIA";"18/03/2026";"19/03/2026";"2026";"MARZO";"CAMPESTRE S.A.";6468.07;"CAMION";"V";2;"PY - PARAGUAY";"BR - BRASIL";"NUEVO";"METROS";32.8;32.801;32.801;222.06;2.29;0.33;224.68;1453245.96;0;0;"6004.10.12.000Q";"MANUFACTURAS DE TEJIDOS ( PRENDAS Y COMPLEMENTOS DE VESTIR)";"CAPITULO 60  GENEROS DE PUNTO";"CAPITULO 60  GENEROS DE PUNTO  TEJIDOS DE PUNTO DE ANCHURA SUPERIOR A 30 cm, CON UN CONTENIDO DE HILADOS DE\nELAST¿MEROS O DE HILOS DE CAUCHO SUPERIOR O IGUAL AL 5 % EN PESO, EXCEPTO LOS\nDE LA PARTIDA 60.01.    -Con un contenido de hilados de elast¿meros superior o igual al 5 % en peso, sin hilos de caucho    De algod¿n       Te¿idos";"TEJIDOS DE PUNTO DE ANCHURA SUPERIOR A 30 cm, CON UN CONTENIDO DE HILADOS DE\nELAST¿MEROS O DE HILOS DE CAUCHO SUPERIOR O IGUAL AL 5 % EN PESO, EXCEPTO LOS\nDE LA PARTIDA 60.01. ";"TEJIDO DE ALGOD¿N CON ELASTANO - TE¿IDO\t\t  .";"LUNELLI";"MERCOSUR";0;0;0;0;0;0;0
"26DA000000122470";"EXPORTACION";"EFC1";"EXPORTACION COMPLEMENTARIA";"18/03/2026";"19/03/2026";"2026";"MARZO";"CAMPESTRE S.A.";6468.07;"CAMION";"V";6;"PY - PARAGUAY";"BR - BRASIL";"NUEVO";"METROS";655.74;655.744;655.744;3962.95;40.94;5.94;4009.83;25935861.14;0;0;"6004.10.41.000M";"MANUFACTURAS DE TEJIDOS ( PRENDAS Y COMPLEMENTOS DE VESTIR)";"CAPITULO 60  GENEROS DE PUNTO";"CAPITULO 60  GENEROS DE PUNTO  TEJIDOS DE PUNTO DE ANCHURA SUPERIOR A 30 cm, CON UN CONTENIDO DE HILADOS DE\nELAST¿MEROS O DE HILOS DE CAUCHO SUPERIOR O IGUAL AL 5 % EN PESO, EXCEPTO LOS\nDE LA PARTIDA 60.01.    -Con un contenido de hilados de elast¿meros superior o igual al 5 % en peso, sin hilos de caucho    De fibras artificiales       Crudos o blanqueados";"TEJIDOS DE PUNTO DE ANCHURA SUPERIOR A 30 cm, CON UN CONTENIDO DE HILADOS DE\nELAST¿MEROS O DE HILOS DE CAUCHO SUPERIOR O IGUAL AL 5 % EN PESO, EXCEPTO LOS\nDE LA PARTIDA 60.01. ";"MALHA VISCOSE (BLANCO Y OFF WHITE) .";"LUNELLI";"MERCOSUR";0;0;0;0;0;0;0
"26DA000000122470";"EXPORTACION";"EFC1";"EXPORTACION COMPLEMENTARIA";"18/03/2026";"19/03/2026";"2026";"MARZO";"CAMPESTRE S.A.";6468.07;"CAMION";"V";4;"PY - PARAGUAY";"BR - BRASIL";"NUEVO";"METROS";4.42;4.418;4.418;30.75;0.32;0.05;31.12;201286.33;0;0;"6006.22.00.000Q";"MANUFACTURAS DE TEJIDOS ( PRENDAS Y COMPLEMENTOS DE VESTIR)";"CAPITULO 60  GENEROS DE PUNTO";"CAPITULO 60  GENEROS DE PUNTO  LOS DEM¿S TEJIDOS DE PUNTO. -De algod¿n:  -De algod¿n:     -- Te¿idos\r\n";"LOS DEM¿S TEJIDOS DE PUNTO. -De algod¿n:";"MALHA ALGOD¿N (TE¿IDO)\t\t\t\t\t .";"LUNELLI";"MERCOSUR";0;0;0;0;0;0;0
"26DA000000122470";"EXPORTACION";"EFC1";"EXPORTACION COMPLEMENTARIA";"18/03/2026";"19/03/2026";"2026";"MARZO";"CAMPESTRE S.A.";6468.07;"CAMION";"V";5;"PY - PARAGUAY";"BR - BRASIL";"NUEVO";"METROS";7816.23;7816.227;7816.227;48154.64;497.52;72.23;48724.39;315152765.23;0;0;"6004.10.42.000V";"MANUFACTURAS DE TEJIDOS ( PRENDAS Y COMPLEMENTOS DE VESTIR)";"CAPITULO 60  GENEROS DE PUNTO";"CAPITULO 60  GENEROS DE PUNTO  TEJIDOS DE PUNTO DE ANCHURA SUPERIOR A 30 cm, CON UN CONTENIDO DE HILADOS DE\nELAST¿MEROS O DE HILOS DE CAUCHO SUPERIOR O IGUAL AL 5 % EN PESO, EXCEPTO LOS\nDE LA PARTIDA 60.01.    -Con un contenido de hilados de elast¿meros superior o igual al 5 % en peso, sin hilos de caucho    De fibras artificiales       Te¿idos";"TEJIDOS DE PUNTO DE ANCHURA SUPERIOR A 30 cm, CON UN CONTENIDO DE HILADOS DE\nELAST¿MEROS O DE HILOS DE CAUCHO SUPERIOR O IGUAL AL 5 % EN PESO, EXCEPTO LOS\nDE LA PARTIDA 60.01. ";"MALHA VISCOSE (TE¿IDO) .";"LUNELLI";"MERCOSUR";0;0;0;0;0;0;0
"26DA000000122470";"EXPORTACION";"EFC1";"EXPORTACION COMPLEMENTARIA";"18/03/2026";"19/03/2026";"2026";"MARZO";"CAMPESTRE S.A.";6468.07;"CAMION";"V";7;"PY - PARAGUAY";"BR - BRASIL";"NUEVO";"METROS";31.61;31.606;31.606;179.21;1.85;0.27;181.33;1172855.13;0;0;"6006.43.00.000F";"MANUFACTURAS DE TEJIDOS ( PRENDAS Y COMPLEMENTOS DE VESTIR)";"CAPITULO 60  GENEROS DE PUNTO";"CAPITULO 60  GENEROS DE PUNTO  LOS DEM¿S TEJIDOS DE PUNTO. -De fibras artiiciales:  -De fibras artiiciales:     -- Con hilados de distintos colores\r\n";"LOS DEM¿S TEJIDOS DE PUNTO. -De fibras artiiciales:";"MALHA VISCOSE (MESCLA) .";"LUNELLI";"MERCOSUR";0;0;0;0;0;0;0
"26DA000000122470";"EXPORTACION";"EFC1";"EXPORTACION COMPLEMENTARIA";"18/03/2026";"19/03/2026";"2026";"MARZO";"CAMPESTRE S.A.";6468.07;"CAMION";"V";8;"PY - PARAGUAY";"BR - BRASIL";"NUEVO";"METROS";1255.09;1255.093;1255.093;7352.24;75.96;11.03;7439.23;48117460.39;0;0;"6006.41.00.000G";"MANUFACTURAS DE TEJIDOS ( PRENDAS Y COMPLEMENTOS DE VESTIR)";"CAPITULO 60  GENEROS DE PUNTO";"CAPITULO 60  GENEROS DE PUNTO  LOS DEM¿S TEJIDOS DE PUNTO. -De fibras artiiciales:  -De fibras artiiciales:     --Crudos o blanqueados\r\n";"LOS DEM¿S TEJIDOS DE PUNTO. -De fibras artiiciales:";"MALHA VISCOSE (BLANCO Y OFF WHITE) .";"LUNELLI";"MERCOSUR";0;0;0;0;0;0;0
"26DA000000122471";"EXPORTACION";"EM01";"EXPORTACION MAQUILA";"18/03/2026";"19/03/2026";"2026";"MARZO";"CAMPESTRE S.A.";6468.07;"CAMION";"V";6;"PY - PARAGUAY";"BR - BRASIL";"NUEVO";"METROS";4.42;4.418;4.418;30.75;0;0;30.75;198893.15;0;0;"6006.22.00.000Q";"MANUFACTURAS DE TEJIDOS ( PRENDAS Y COMPLEMENTOS DE VESTIR)";"CAPITULO 60  GENEROS DE PUNTO";"CAPITULO 60  GENEROS DE PUNTO  LOS DEM¿S TEJIDOS DE PUNTO. -De algod¿n:  -De algod¿n:     -- Te¿idos\r\n";"LOS DEM¿S TEJIDOS DE PUNTO. -De algod¿n:";"MALHA ALGOD¿N (TE¿IDO)\t\t\t\t\t .";"LUNELLI";"MERCOSUR";0;0;0;0;0;0;0
"26DA000000122471";"EXPORTACION";"EM01";"EXPORTACION MAQUILA";"18/03/2026";"19/03/2026";"2026";"MARZO";"CAMPESTRE S.A.";6468.07;"CAMION";"V";2;"PY - PARAGUAY";"BR - BRASIL";"NUEVO";"METROS";1255.09;1255.093;1255.093;7352.24;0;0;7352.24;47554802.98;0;0;"6006.41.00.000G";"MANUFACTURAS DE TEJIDOS ( PRENDAS Y COMPLEMENTOS DE VESTIR)";"CAPITULO 60  GENEROS DE PUNTO";"CAPITULO 60  GENEROS DE PUNTO  LOS DEM¿S TEJIDOS DE PUNTO. -De fibras artiiciales:  -De fibras artiiciales:     --Crudos o blanqueados\r\n";"LOS DEM¿S TEJIDOS DE PUNTO. -De fibras artiiciales:";"MALHA VISCOSE (BLANCO Y OFF WHITE) .";"LUNELLI";"MERCOSUR";0;0;0;0;0;0;0
"26DA000000122471";"EXPORTACION";"EM01";"EXPORTACION MAQUILA";"18/03/2026";"19/03/2026";"2026";"MARZO";"CAMPESTRE S.A.";6468.07;"CAMION";"V";1;"PY - PARAGUAY";"BR - BRASIL";"NUEVO";"METROS";12218.82;12218.823;12218.823;72684.47;0;0;72684.47;470128239.87;0;0;"6006.42.00.000U";"MANUFACTURAS DE TEJIDOS ( PRENDAS Y COMPLEMENTOS DE VESTIR)";"CAPITULO 60  GENEROS DE PUNTO";"CAPITULO 60  GENEROS DE PUNTO  LOS DEM¿S TEJIDOS DE PUNTO. -De fibras artiiciales:  -De fibras artiiciales:     -- Te¿idos\r\n";"LOS DEM¿S TEJIDOS DE PUNTO. -De fibras artiiciales:";"MALHA VISCOSE (TE¿IDO) .";"LUNELLI";"MERCOSUR";0;0;0;0;0;0;0
"26DA000000122471";"EXPORTACION";"EM01";"EXPORTACION MAQUILA";"18/03/2026";"19/03/2026";"2026";"MARZO";"CAMPESTRE S.A.";6468.07;"CAMION";"V";4;"PY - PARAGUAY";"BR - BRASIL";"NUEVO";"METROS";655.74;655.744;655.744;3962.95;0;0;3962.95;25632638.01;0;0;"6004.10.41.000M";"MANUFACTURAS DE TEJIDOS ( PRENDAS Y COMPLEMENTOS DE VESTIR)";"CAPITULO 60  GENEROS DE PUNTO";"CAPITULO 60  GENEROS DE PUNTO  TEJIDOS DE PUNTO DE ANCHURA SUPERIOR A 30 cm, CON UN CONTENIDO DE HILADOS DE\nELAST¿MEROS O DE HILOS DE CAUCHO SUPERIOR O IGUAL AL 5 % EN PESO, EXCEPTO LOS\nDE LA PARTIDA 60.01.    -Con un contenido de hilados de elast¿meros superior o igual al 5 % en peso, sin hilos de caucho    De fibras artificiales       Crudos o blanqueados";"TEJIDOS DE PUNTO DE ANCHURA SUPERIOR A 30 cm, CON UN CONTENIDO DE HILADOS DE\nELAST¿MEROS O DE HILOS DE CAUCHO SUPERIOR O IGUAL AL 5 % EN PESO, EXCEPTO LOS\nDE LA PARTIDA 60.01. ";"MALHA VISCOSE (BLANCO Y OFF WHITE) .";"LUNELLI";"MERCOSUR";0;0;0;0;0;0;0
"26DA000000122471";"EXPORTACION";"EM01";"EXPORTACION MAQUILA";"18/03/2026";"19/03/2026";"2026";"MARZO";"CAMPESTRE S.A.";6468.07;"CAMION";"V";5;"PY - PARAGUAY";"BR - BRASIL";"NUEVO";"METROS";7816.23;7816.227;7816.23;48154.64;0;0;48154.64;311467582.34;0;0;"6004.10.42.000V";"MANUFACTURAS DE TEJIDOS ( PRENDAS Y COMPLEMENTOS DE VESTIR)";"CAPITULO 60  GENEROS DE PUNTO";"CAPITULO 60  GENEROS DE PUNTO  TEJIDOS DE PUNTO DE ANCHURA SUPERIOR A 30 cm, CON UN CONTENIDO DE HILADOS DE\nELAST¿MEROS O DE HILOS DE CAUCHO SUPERIOR O IGUAL AL 5 % EN PESO, EXCEPTO LOS\nDE LA PARTIDA 60.01.    -Con un contenido de hilados de elast¿meros superior o igual al 5 % en peso, sin hilos de caucho    De fibras artificiales       Te¿idos";"TEJIDOS DE PUNTO DE ANCHURA SUPERIOR A 30 cm, CON UN CONTENIDO DE HILADOS DE\nELAST¿MEROS O DE HILOS DE CAUCHO SUPERIOR O IGUAL AL 5 % EN PESO, EXCEPTO LOS\nDE LA PARTIDA 60.01. ";"MALHA VISCOSE (TE¿IDO) .";"LUNELLI";"MERCOSUR";0;0;0;0;0;0;0
"26DA000000122471";"EXPORTACION";"EM01";"EXPORTACION MAQUILA";"18/03/2026";"19/03/2026";"2026";"MARZO";"CAMPESTRE S.A.";6468.07;"CAMION";"V";9;"PY - PARAGUAY";"BR - BRASIL";"NUEVO";"METROS";2998.36;2998.362;3603.209;19189.51;0;0;19189.51;124119093.95;0;0;"6004.10.42.000V";"MANUFACTURAS DE TEJIDOS ( PRENDAS Y COMPLEMENTOS DE VESTIR)";"CAPITULO 60  GENEROS DE PUNTO";"CAPITULO 60  GENEROS DE PUNTO  TEJIDOS DE PUNTO DE ANCHURA SUPERIOR A 30 cm, CON UN CONTENIDO DE HILADOS DE\nELAST¿MEROS O DE HILOS DE CAUCHO SUPERIOR O IGUAL AL 5 % EN PESO, EXCEPTO LOS\nDE LA PARTIDA 60.01.    -Con un contenido de hilados de elast¿meros superior o igual al 5 % en peso, sin hilos de caucho    De fibras artificiales       Te¿idos";"TEJIDOS DE PUNTO DE ANCHURA SUPERIOR A 30 cm, CON UN CONTENIDO DE HILADOS DE\nELAST¿MEROS O DE HILOS DE CAUCHO SUPERIOR O IGUAL AL 5 % EN PESO, EXCEPTO LOS\nDE LA PARTIDA 60.01. ";"TEJIDO DE VISCOSA CON ELASTANO Y POLIESTER - TE¿IDO .";"LUNELLI";"MERCOSUR";0;0;0;0;0;0;0
"26DA000000122471";"EXPORTACION";"EM01";"EXPORTACION MAQUILA";"18/03/2026";"19/03/2026";"2026";"MARZO";"CAMPESTRE S.A.";6468.07;"CAMION";"V";3;"PY - PARAGUAY";"BR - BRASIL";"NUEVO";"METROS";31.61;31.606;31.606;179.21;0;0;179.21;1159142.82;0;0;"6006.43.00.000F";"MANUFACTURAS DE TEJIDOS ( PRENDAS Y COMPLEMENTOS DE VESTIR)";"CAPITULO 60  GENEROS DE PUNTO";"CAPITULO 60  GENEROS DE PUNTO  LOS DEM¿S TEJIDOS DE PUNTO. -De fibras artiiciales:  -De fibras artiiciales:     -- Con hilados de distintos colores\r\n";"LOS DEM¿S TEJIDOS DE PUNTO. -De fibras artiiciales:";"MALHA VISCOSE (MESCLA) .";"LUNELLI";"MERCOSUR";0;0;0;0;0;0;0
"26DA000000122471";"EXPORTACION";"EM01";"EXPORTACION MAQUILA";"18/03/2026";"19/03/2026";"2026";"MARZO";"CAMPESTRE S.A.";6468.07;"CAMION";"V";7;"PY - PARAGUAY";"BR - BRASIL";"NUEVO";"METROS";52.78;52.781;52.781;357.32;0;0;357.32;2311170.77;0;0;"6004.10.11.000H";"MANUFACTURAS DE TEJIDOS ( PRENDAS Y COMPLEMENTOS DE VESTIR)";"CAPITULO 60  GENEROS DE PUNTO";"CAPITULO 60  GENEROS DE PUNTO  TEJIDOS DE PUNTO DE ANCHURA SUPERIOR A 30 cm, CON UN CONTENIDO DE HILADOS DE\nELAST¿MEROS O DE HILOS DE CAUCHO SUPERIOR O IGUAL AL 5 % EN PESO, EXCEPTO LOS\nDE LA PARTIDA 60.01.    -Con un contenido de hilados de elast¿meros superior o igual al 5 % en peso, sin hilos de caucho    De algod¿n       Crudos o blanqueados";"TEJIDOS DE PUNTO DE ANCHURA SUPERIOR A 30 cm, CON UN CONTENIDO DE HILADOS DE\nELAST¿MEROS O DE HILOS DE CAUCHO SUPERIOR O IGUAL AL 5 % EN PESO, EXCEPTO LOS\nDE LA PARTIDA 60.01. ";"TEJIDO DE ALGOD¿N CON ELASTANO - (BLANCO O BLANQUEADO) .";"LUNELLI";"MERCOSUR";0;0;0;0;0;0;0
"26DA000000122471";"EXPORTACION";"EM01";"EXPORTACION MAQUILA";"18/03/2026";"19/03/2026";"2026";"MARZO";"CAMPESTRE S.A.";6468.07;"CAMION";"V";8;"PY - PARAGUAY";"BR - BRASIL";"NUEVO";"METROS";32.8;32.801;32.801;222.06;0;0;222.06;1436299.62;0;0;"6004.10.12.000Q";"MANUFACTURAS DE TEJIDOS ( PRENDAS Y COMPLEMENTOS DE VESTIR)";"CAPITULO 60  GENEROS DE PUNTO";"CAPITULO 60  GENEROS DE PUNTO  TEJIDOS DE PUNTO DE ANCHURA SUPERIOR A 30 cm, CON UN CONTENIDO DE HILADOS DE\nELAST¿MEROS O DE HILOS DE CAUCHO SUPERIOR O IGUAL AL 5 % EN PESO, EXCEPTO LOS\nDE LA PARTIDA 60.01.    -Con un contenido de hilados de elast¿meros superior o igual al 5 % en peso, sin hilos de caucho    De algod¿n       Te¿idos";"TEJIDOS DE PUNTO DE ANCHURA SUPERIOR A 30 cm, CON UN CONTENIDO DE HILADOS DE\nELAST¿MEROS O DE HILOS DE CAUCHO SUPERIOR O IGUAL AL 5 % EN PESO, EXCEPTO LOS\nDE LA PARTIDA 60.01. ";"TEJIDO DE ALGOD¿N CON ELASTANO - TE¿IDO\t\t  .";"LUNELLI";"MERCOSUR";0;0;0;0;0;0;0
"26DA000000122472";"EXPORTACION";"EFC1";"EXPORTACION COMPLEMENTARIA";"18/03/2026";"19/03/2026";"2026";"MARZO";"CAMPESTRE S.A.";6468.07;"CAMION";"V";1;"PY - PARAGUAY";"BR - BRASIL";"NUEVO";"UNIDAD";5036;9568.4;10072;26305.04;0;0;26305.04;170142840.07;0;0;"6301.40.00.000X";"MANUFACTURAS DE TEJIDOS ( PRENDAS Y COMPLEMENTOS DE VESTIR)";"CAPITULO 63LOS DEMAS ARTICULOS TEXTILES CONFECCIONADOS; JUEGOS O SURTIDOS;PRENDERIA Y TRAPOS";"CAPITULO 63LOS DEMAS ARTICULOS TEXTILES CONFECCIONADOS; JUEGOS O SURTIDOS;PRENDERIA Y TRAPOS  MANTAS.        -Mantas de fibras sint¿ticas(excepto las el¿ctricas)";"MANTAS. ";"MANTA (701185, 78)";"CORTTEX";"MERCOSUR";0;0;0;0;0;0;0
"26DA000000122473";"EXPORTACION";"EC03";"EXPORTACION A CONSUMO C/DIT CON TRANFORMACION";"18/03/2026";"19/03/2026";"2026";"MARZO";"CAMPESTRE S.A.";6468.07;"CAMION";"V";1;"PY - PARAGUAY";"BR - BRASIL";"NUEVO";"UNIDAD";5036;9568.4;10072;26305.04;0;0;26305.04;170142840.07;0;0;"6301.40.00.000X";"MANUFACTURAS DE TEJIDOS ( PRENDAS Y COMPLEMENTOS DE VESTIR)";"CAPITULO 63LOS DEMAS ARTICULOS TEXTILES CONFECCIONADOS; JUEGOS O SURTIDOS;PRENDERIA Y TRAPOS";"CAPITULO 63LOS DEMAS ARTICULOS TEXTILES CONFECCIONADOS; JUEGOS O SURTIDOS;PRENDERIA Y TRAPOS  MANTAS.        -Mantas de fibras sint¿ticas(excepto las el¿ctricas)";"MANTAS. ";"MANTA (701185, 78)";"CORTTEX";"MERCOSUR";0;0;0;0;0;0;0
"26DA000000122474";"EXPORTACION";"EFC1";"EXPORTACION COMPLEMENTARIA";"16/03/2026";"19/03/2026";"2026";"MARZO";"CAMPESTRE S.A.";6499.04;"CAMION";"V";1;"PY - PARAGUAY";"BR - BRASIL";"NUEVO";"KILOGRAMO";25000;25000;25430;80000;0;0;80000;519923200;0;0;"0402.21.10.000N";"LACTEOS Y DERIVADOS";"CAPITULO 4  LECHE Y PRODUCTOS LACTEOS; HUEVOS DE AVE; MIEL  NATURAL; PRODUCTOS COMESTIBLES DE ORIGEN ANIMAL  NO EXPRESADOS NI COMPRENDIDOS EN OTRA PARTE.";"CAPITULO 4  LECHE Y PRODUCTOS LACTEOS; HUEVOS DE AVE; MIEL  NATURAL; PRODUCTOS COMESTIBLES DE ORIGEN ANIMAL  NO EXPRESADOS NI COMPRENDIDOS EN OTRA PARTE.  LECHE Y NATA (CREMA), CONCENTRADAS O CON ADICION\nDE AZUCAR U OTRO EDULCORANTE. -En polvo, gr¿nulos o dem¿s formas s¿lidas, con\n un contenido de materias grasas superior al 1,5%\n en peso:  -En polvo, gr¿nulos o dem¿s formas s¿lidas, con\n un contenido de materias grasas superior al 1,5%\n en peso: --Sin adici¿n de az¿car ni otro edulcorante.\n       Leche entera.";"LECHE Y NATA (CREMA), CONCENTRADAS O CON ADICION\nDE AZUCAR U OTRO EDULCORANTE. -En polvo, gr¿nulos o dem¿s formas s¿lidas, con\n un contenido de materias grasas superior al 1,5%\n en peso:";"LECHE EN POLVO EN 1.000 BOLSAS DE 25 KGS.";"CHORTITZER";"MERCOSUR";0;0;0;0;0;0;0
"26DA000000122475";"IMPORTACION";"IC04";"IMPORTACION A CONSUMO CON DOCUMENTO DE TRANSPORTE";"18/03/2026";"19/03/2026";"2026";"MARZO";"TERPORT - VILLETA";6468.07;"ACUATICO";"V";1;"CN - CHINA";"CN - CHINA";"NUEVO";"KILOGRAMO";138000;138000;139500;123805;16955;1238.05;141998.05;918453327.26;0;0;"3907.61.00.000L";"PLASTICOS Y SUS MANUFACTURAS";"CAPITULO 39 MATERIAS PLASTICAS Y MANUFACTURAS DE ESTAS  MATERIAS";"CAPITULO 39 MATERIAS PLASTICAS Y MANUFACTURAS DE ESTAS  MATERIAS  POLIACETALES, LOS DEMAS POLIESTERES Y RESINAS\nEPOXI, EN FORMAS PRIMARIAS; POLICARBONATOS,RESINAS ALCIDICAS, POLIESTERES ALILICOS Y DEMAS POLIES-\nTERES, EN FORMAS PRIMARIAS.        -- Con un ¿ndice de viscosidad superior o igual a 78 ml/g\r\n";"POLIACETALES, LOS DEMAS POLIESTERES Y RESINAS\nEPOXI, EN FORMAS PRIMARIAS; POLICARBONATOS,RESINAS ALCIDICAS, POLIESTERES ALILICOS Y DEMAS POLIES-\nTERES, EN FORMAS PRIMARIAS. ";"TEREFTALATO DE POLIETILENO (PET)";"MANUCHAR";"SIN ACUERDO";0;0;4592267;0;92304559;3692182;100589008
"26DA000000122476";"IMPORTACION";"IC04";"IMPORTACION A CONSUMO CON DOCUMENTO DE TRANSPORTE";"18/03/2026";"19/03/2026";"2026";"MARZO";"TERPORT - VILLETA";6468.07;"ACUATICO";"V";1;"CN - CHINA";"CN - CHINA";"NUEVO";"KILOGRAMO";138000;138000;139500;123805;16955;1238.05;141998.05;918453327.26;0;0;"3907.61.00.000L";"PLASTICOS Y SUS MANUFACTURAS";"CAPITULO 39 MATERIAS PLASTICAS Y MANUFACTURAS DE ESTAS  MATERIAS";"CAPITULO 39 MATERIAS PLASTICAS Y MANUFACTURAS DE ESTAS  MATERIAS  POLIACETALES, LOS DEMAS POLIESTERES Y RESINAS\nEPOXI, EN FORMAS PRIMARIAS; POLICARBONATOS,RESINAS ALCIDICAS, POLIESTERES ALILICOS Y DEMAS POLIES-\nTERES, EN FORMAS PRIMARIAS.        -- Con un ¿ndice de viscosidad superior o igual a 78 ml/g\r\n";"POLIACETALES, LOS DEMAS POLIESTERES Y RESINAS\nEPOXI, EN FORMAS PRIMARIAS; POLICARBONATOS,RESINAS ALCIDICAS, POLIESTERES ALILICOS Y DEMAS POLIES-\nTERES, EN FORMAS PRIMARIAS. ";"TEREFTALATO DE POLIETILENO (PET)";"MANUCHAR";"SIN ACUERDO";0;0;4592267;0;92304559;3692182;100589008
"26DA000000122477";"EXPORTACION";"EFC1";"EXPORTACION COMPLEMENTARIA";"18/03/2026";"19/03/2026";"2026";"MARZO";"TERPORT";6468.07;"CAMION";"V";1;"CN - CHINA";"BO - BOLIVIA";"NUEVO";"LITROS";997887;29400;29400;24546.63;0;0;24546.63;158769321.1;0;0;"2710.19.21.100N";"COMBUSTIBLES Y DEMAS PRODUCTOS DERIVADOS DEL PETROLEO";"CAPITULO 27 COMBUSTIBLES MINERALES, ACEITES MINERALES  Y PRODUCTOS DE SU DESTILACION; MATERIAS BITUMINOSAS; CERAS MINERALES.";"CAPITULO 27 COMBUSTIBLES MINERALES, ACEITES MINERALES  Y PRODUCTOS DE SU DESTILACION; MATERIAS BITUMINOSAS; CERAS MINERALES.  ACEITES DE PETR¿LEO O DE MINERAL BITUMINOSO, EXCEPTO LOS ACEITES CRUDOS; PREPARACIONES NO EXPRESADAS NI COMPRENDIDAS EN OTRA PARTE, CON UN CONTENIDO DE ACEITES DE PETR¿LEO O DE MINERAL \nBITUMINOSO SUPERIOR O IGUAL AL 70 % EN PESO,  EN LAS QUE ESTOS ACEITES CONSTITUYAN EL ELEMENTO BASE; DESECHOS DE ACEITES. - Aceites de petr¿leo o de mineral bituminoso (excepto los aceites crudos) y preparaciones no expresadas ni comprendidas en otra parte, con un contenido de aceites de petr¿leo o de mineral bituminoso superior o igual al 70 % en peso, en las que estos aceites constituyan el elemento base, excepto las que contengan biodi¿sel  y los desechos de aceites:  - Aceites de petr¿leo o de mineral bituminoso (excepto los aceites crudos) y preparaciones no expresadas ni comprendidas en otra parte, con un contenido de aceites de petr¿leo o de mineral bituminoso superior o igual al 70 % en peso, en las que estos aceites constituyan el elemento base, excepto las que contengan biodi¿sel  y los desechos de aceites: --Los demas    Otros aceites combustibles ---- Gasoleo (\"gas oil\")  Tipo A\r\n";"ACEITES DE PETR¿LEO O DE MINERAL BITUMINOSO, EXCEPTO LOS ACEITES CRUDOS; PREPARACIONES NO EXPRESADAS NI COMPRENDIDAS EN OTRA PARTE, CON UN CONTENIDO DE ACEITES DE PETR¿LEO O DE MINERAL \nBITUMINOSO SUPERIOR O IGUAL AL 70 % EN PESO,  EN LAS QUE ESTOS ACEITES CONSTITUYAN EL ELEMENTO BASE; DESECHOS DE ACEITES. - Aceites de petr¿leo o de mineral bituminoso (excepto los aceites crudos) y preparaciones no expresadas ni comprendidas en otra parte, con un contenido de aceites de petr¿leo o de mineral bituminoso superior o igual al 70 % en peso, en las que estos aceites constituyan el elemento base, excepto las que contengan biodi¿sel  y los desechos de aceites:";"GAS OIL TIPO I  A GRANEL., ENTREGADO A YPFB POR CUENTA Y ORDEN DE TRAFIGURA PTE LTD.-";"SIN MARCA";"SIN ACUERDO";0;0;0;0;0;0;0
"26DA000000122478";"IMPORTACION";"IC04";"IMPORTACION A CONSUMO CON DOCUMENTO DE TRANSPORTE";"18/03/2026";"19/03/2026";"2026";"MARZO";"AEROP. PETTIROSSI";6468.07;"AVION";"N";1;"CN - CHINA";"CN - CHINA";"NUEVO";"UNIDAD";30;4;4;129.25;115;1.3;245.55;1588234;0;0;"8716.90.90.000M";"VEHICULOS";"CAPITULO 87 VEHICULOS AUTOMOVILES, TRACTORES, CICLOS Y DEMAS  VEHICULOS TERRESTRES, SUS PARTES Y ACCESORIOS";"CAPITULO 87 VEHICULOS AUTOMOVILES, TRACTORES, CICLOS Y DEMAS  VEHICULOS TERRESTRES, SUS PARTES Y ACCESORIOS  REMOLQUES Y SEMIRREMOLQUES PARA CUALQUIER \nVEHICULO; LOS DEMAS VEHICULOS NO AUTOMOVILES;\nSUS PARTES.    -Partes.       Las dem¿s.";"REMOLQUES Y SEMIRREMOLQUES PARA CUALQUIER \nVEHICULO; LOS DEMAS VEHICULOS NO AUTOMOVILES;\nSUS PARTES. ";"DETALLADOS EN SUBITEM";"";"SIN ACUERDO";228706;0;7941;0;182488;7300;426435
"26DA000000122688";"EXPORTACION";"EC01";"EXPORTACION A CONSUMO";"13/03/2026";"17/03/2026";"2026";"MARZO";"PUERTO SECO BOREAL";6457.36;"CAMION";"V";1;"PY - PARAGUAY";"UY - URUGUAY";"NUEVO";"KILOGRAMO";22176;22176;26208;8568;0;0;8568;55326660.48;0;0;"0803.90.00.000K";"FRUTAS Y FRUTOS COMESTIBLES";"CAPITULO 8FRUTOS COMESTIBLES; CORTEZAS DE AGRIOS (CITRICOS)  O DE MELONES";"CAPITULO 8FRUTOS COMESTIBLES; CORTEZAS DE AGRIOS (CITRICOS)  O DE MELONES  BANANAS, INCLUIDOS LOS PL¿TANOS ¿PLANTAINS¿, FRESCOS O SECOS.        - Los dem¿s\r\n";"BANANAS, INCLUIDOS LOS PL¿TANOS ¿PLANTAINS¿, FRESCOS O SECOS. ";"LAS DEMAS EN 1.008 CAJAS DE MADERA CON 22 KILOS NETO Y 26 KILOS BRUTO C/U APROXIMADAMENTE CONTENIENDO; BANANAS FRESCAS EN SU ESTADO NATURAL PARA CONSUMO EN 28 PALLETS";"SAN JOSE";"MERCOSUR";0;0;0;0;0;0;0
"26DA000000122689";"EXPORTACION";"EFC1";"EXPORTACION COMPLEMENTARIA";"16/03/2026";"17/03/2026";"2026";"MARZO";"PUERTO SECO BOREAL";6499.04;"CAMION";"V";1;"PY - PARAGUAY";"UY - URUGUAY";"NUEVO";"KILOGRAMO";22176;22176;26208;8568;0;0;8513.05;55326660.48;0;0;"0803.90.00.000K";"FRUTAS Y FRUTOS COMESTIBLES";"CAPITULO 8FRUTOS COMESTIBLES; CORTEZAS DE AGRIOS (CITRICOS)  O DE MELONES";"CAPITULO 8FRUTOS COMESTIBLES; CORTEZAS DE AGRIOS (CITRICOS)  O DE MELONES  BANANAS, INCLUIDOS LOS PL¿TANOS ¿PLANTAINS¿, FRESCOS O SECOS.        - Los dem¿s\r\n";"BANANAS, INCLUIDOS LOS PL¿TANOS ¿PLANTAINS¿, FRESCOS O SECOS. ";"LAS DEMAS EN 1.008 CAJAS DE MADERA CON 22 KILOS NETO Y 26 KILOS BRUTO C/U APROXIMADAMENTE CONTENIENDO; BANANAS FRESCAS EN SU ESTADO NATURAL PARA CONSUMO EN 28 PALLETS";"SAN JOSE";"MERCOSUR";0;0;0;0;0;0;0
"26DA000000122690";"IMPORTACION";"IDA3";"INGRESO A DEPOSITO ADUANERO C/ DOCUMENTO DE TRANSPORTE";"09/07/2025";"17/03/2026";"2026";"MARZO";"TERPORT - VILLETA";7710.7;"ACUATICO";"R";1;"CN - CHINA";"CN - CHINA";"NUEVO";"UNIDAD";720;25632;28152;67680;17650;123.05;85453.05;658902832.64;0;0;"8418.10.00.000D";"CALDERAS, MAQUINAS, APARATOS Y ARTEFACTOS MECANICOS; PARTES DE ESTAS MAQUINAS O APARATOS, REACTORES NUCLEARES";"CALDERAS, MAQUINAS, APARATOS Y ARTEFACTOS MECANICOS; PARTES DE ESTAS MAQUINAS O APARATOS, REACTORES NUCLEARES";"CALDERAS, MAQUINAS, APARATOS Y ARTEFACTOS MECANICOS; PARTES DE ESTAS MAQUINAS O APARATOS, REACTORES NUCLEARES  REFRIGERADORES, CONGELADORES Y DEMAS MATERIAL, MAQUINAS Y APARATOS PARA LA PRODUCCION DE FRIO, AUNQUE NO SEAN ELECTRICOS; BOMBAS DE CALOR, EXCEPTO LAS MAQUINAS Y APARATOS PARA EL\nACONDICIONAMIENTO DE AIRE DE LA PARTIDA NRO. 84.15.      -Combinaciones de refrigerador y congelador\nconservador con puertas exteriores separadas.  -Combinaciones de refrigerador y congelador con puertas o cajones exteriores separados, o de combinaciones de estos elementos";"REFRIGERADORES, CONGELADORES Y DEMAS MATERIAL, MAQUINAS Y APARATOS PARA LA PRODUCCION DE FRIO, AUNQUE NO SEAN ELECTRICOS; BOMBAS DE CALOR, EXCEPTO LAS MAQUINAS Y APARATOS PARA EL\nACONDICIONAMIENTO DE AIRE DE LA PARTIDA NRO. 84.15. ";"MIDEA REFRIGERATORS MODEL MDRT294FGG28";"MIDEA";"SIN ACUERDO";0;0;0;0;0;0;0
"26DA000000122691";"IMPORTACION";"IC04";"IMPORTACION A CONSUMO CON DOCUMENTO DE TRANSPORTE";"17/03/2026";"17/03/2026";"2026";"MARZO";"PUERTO SECO BOREAL";6487.88;"CAMION";"V";1;"AR - ARGENTINA";"AR - ARGENTINA";"NUEVO";"KILOGRAMO";28000;28000;28092.4;5060;1990;50.6;7100.6;46067840.73;0;0;"2508.10.00.000M";"PRODUCTOS MINERALES (CEMENTOS, CAL, SAL Y OTROS)";"CAPITULO 25 SAL; AZUFRE; TIERRAS Y PIEDRAS; YESOS, CALES Y CEMENTOS";"CAPITULO 25 SAL; AZUFRE; TIERRAS Y PIEDRAS; YESOS, CALES Y CEMENTOS  LAS DEMAS ARCILLAS (CON EXCLUSION DE LAS ARCILLAS\nDILATADAS DE LA PARTIDA 6806), ANDALUCITA,\nCIANITA Y SILIMANITA, INCLUSO CALCINADAS;\nMULLITA; TIERRAS DE CHAMOTA O DE DINAS.        -Bentonita.";"LAS DEMAS ARCILLAS (CON EXCLUSION DE LAS ARCILLAS\nDILATADAS DE LA PARTIDA 6806), ANDALUCITA,\nCIANITA Y SILIMANITA, INCLUSO CALCINADAS;\nMULLITA; TIERRAS DE CHAMOTA O DE DINAS. ";"-BENTONITA. DETALLADOS EN SUB-ITEMS";"";"MERCOSUR";0;0;230339;0;4629818;185193;5045350
"26DA000000122692";"IMPORTACION";"ZF2I";"IMPORTACION DE ZONA FRANCA";"17/03/2026";"17/03/2026";"2026";"MARZO";"ZA FRCA TRANS TRADE";6487.88;"";"V";1;"CN - CHINA";"CN - CHINA";"NUEVO";"UNIDAD";1;55;55;168.53;8.05;0.34;176.92;1147835;0;0;"8418.21.00.000E";"CALDERAS, MAQUINAS, APARATOS Y ARTEFACTOS MECANICOS; PARTES DE ESTAS MAQUINAS O APARATOS, REACTORES NUCLEARES";"CALDERAS, MAQUINAS, APARATOS Y ARTEFACTOS MECANICOS; PARTES DE ESTAS MAQUINAS O APARATOS, REACTORES NUCLEARES";"CALDERAS, MAQUINAS, APARATOS Y ARTEFACTOS MECANICOS; PARTES DE ESTAS MAQUINAS O APARATOS, REACTORES NUCLEARES  REFRIGERADORES, CONGELADORES Y DEMAS MATERIAL, MAQUINAS Y APARATOS PARA LA PRODUCCION DE FRIO, AUNQUE NO SEAN ELECTRICOS; BOMBAS DE CALOR, EXCEPTO LAS MAQUINAS Y APARATOS PARA EL\nACONDICIONAMIENTO DE AIRE DE LA PARTIDA NRO. 84.15. -Refrigeradores dom¿sticos.  -Refrigeradores dom¿sticos.     --De compresion.";"REFRIGERADORES, CONGELADORES Y DEMAS MATERIAL, MAQUINAS Y APARATOS PARA LA PRODUCCION DE FRIO, AUNQUE NO SEAN ELECTRICOS; BOMBAS DE CALOR, EXCEPTO LAS MAQUINAS Y APARATOS PARA EL\nACONDICIONAMIENTO DE AIRE DE LA PARTIDA NRO. 84.15. -Refrigeradores dom¿sticos.";"DE COMPRESION, EN: (01) UNA UNIDAD HELADERA COMBI BMF WD-315R DEFROST SS (MUESTRA DE PRODUCTO).-";"BMF";"SIN ACUERDO";206610;0;5739;0;136018;5441;353808
"26DA000000122692";"IMPORTACION";"ZF2I";"IMPORTACION DE ZONA FRANCA";"17/03/2026";"17/03/2026";"2026";"MARZO";"ZA FRCA TRANS TRADE";6487.88;"";"V";8;"CN - CHINA";"CN - CHINA";"NUEVO";"UNIDAD";8;0.8;0.8;113.4;5.41;0.22;119.03;772252;0;0;"8473.40.90.000Q";"INFORMATICA Y TELECOMUNICACIONES";"CALDERAS, MAQUINAS, APARATOS Y ARTEFACTOS MECANICOS; PARTES DE ESTAS MAQUINAS O APARATOS, REACTORES NUCLEARES";"CALDERAS, MAQUINAS, APARATOS Y ARTEFACTOS MECANICOS; PARTES DE ESTAS MAQUINAS O APARATOS, REACTORES NUCLEARES  PARTES Y ACCESORIOS (EXCEPTO LOS ESTUCHES, FUNDAS\nY SIMILARES) IDENTIFICABLES COMO DESTINADOS,\nEXCLUSIVA O PRINCIPALMENTE, A LAS MAQUINAS O\nAPARATOS DE LAS PARTIDAS 84.69 A 84.72.    -Partes y accesorios de m¿quinas de la partida  84.72       Los dem¿s";"PARTES Y ACCESORIOS (EXCEPTO LOS ESTUCHES, FUNDAS\nY SIMILARES) IDENTIFICABLES COMO DESTINADOS,\nEXCLUSIVA O PRINCIPALMENTE, A LAS MAQUINAS O\nAPARATOS DE LAS PARTIDAS 84.69 A 84.72. ";"LOS DEMAS, EN: (08) OCHO UNIDADES, PIEZAS DE REPUESTO PARA CONTADORES DE DINERO - QUANTA - QTCDD30.-";"";"SIN ACUERDO";15445;0;3861;7916;9895;0;37117
"26DA000000122692";"IMPORTACION";"ZF2I";"IMPORTACION DE ZONA FRANCA";"17/03/2026";"17/03/2026";"2026";"MARZO";"ZA FRCA TRANS TRADE";6487.88;"";"V";4;"CN - CHINA";"CN - CHINA";"NUEVO";"KILOGRAMO";0.1;0.1;0.1;5.7;0.27;0.01;5.98;38798;0;0;"4819.20.00.000C";"PAPEL Y CARTON";"CAPITULO 48 PAPEL Y CARTON; MANUFACTURAS DE PASTA DECELULOSA, DE PAPEL O DE CARTON";"CAPITULO 48 PAPEL Y CARTON; MANUFACTURAS DE PASTA DECELULOSA, DE PAPEL O DE CARTON  CAJAS, SACOS (BOLSAS); BOLSITAS, CUCURUCHOS Y \nDEMAS ENVASES DE PAPEL, CARTON, GUATA DE CELULOSA\nO NAPAS DE FIBRAS DE CELULOSA; CARTONAJES PARA\nOFICINA, TIENDA O SIMILARES.        -Cajas y cartonajes, plegables, de papel o\n cart¿n, sin corrugar.";"CAJAS, SACOS (BOLSAS); BOLSITAS, CUCURUCHOS Y \nDEMAS ENVASES DE PAPEL, CARTON, GUATA DE CELULOSA\nO NAPAS DE FIBRAS DE CELULOSA; CARTONAJES PARA\nOFICINA, TIENDA O SIMILARES. ";"CAJAS Y CARTONAJES, EN: (10) DIEZ UNIDADES, CAJAS DE CARTON VACIAS - QUANTA.-";"";"SIN ACUERDO";5587;0;194;0;4458;178;10417
"26DA000000122692";"IMPORTACION";"ZF2I";"IMPORTACION DE ZONA FRANCA";"17/03/2026";"17/03/2026";"2026";"MARZO";"ZA FRCA TRANS TRADE";6487.88;"";"V";5;"CN - CHINA";"CN - CHINA";"NUEVO";"UNIDAD";1003;342.5;342.5;19392.1;926.64;39.31;20358.05;132080585.43;0;0;"8471.90.12.000L";"INFORMATICA Y TELECOMUNICACIONES";"CALDERAS, MAQUINAS, APARATOS Y ARTEFACTOS MECANICOS; PARTES DE ESTAS MAQUINAS O APARATOS, REACTORES NUCLEARES";"CALDERAS, MAQUINAS, APARATOS Y ARTEFACTOS MECANICOS; PARTES DE ESTAS MAQUINAS O APARATOS, REACTORES NUCLEARES  MAQUINAS AUTOMATICAS PARA TRATAMIENTO O PROCESAMIENTO DE DATOS Y SUS UNIDADES; LECTORES MAGNETICOS U OPTICOS, MAQUINAS PARA REGISTRO DE DATOS SOBRE SOPORTE EN FORMA CODIFICADA Y MAQUINAS PARA TRATAMIENTO O PROCESAMIENTO DE ESTOS DATOS, NO EXPRESADOS NI COMPRENDIDOS EN OTRA PARTE.    -Los dem¿s    Lectores o grabadores       Lectores de c¿digos de barras";"MAQUINAS AUTOMATICAS PARA TRATAMIENTO O PROCESAMIENTO DE DATOS Y SUS UNIDADES; LECTORES MAGNETICOS U OPTICOS, MAQUINAS PARA REGISTRO DE DATOS SOBRE SOPORTE EN FORMA CODIFICADA Y MAQUINAS PARA TRATAMIENTO O PROCESAMIENTO DE ESTOS DATOS, NO EXPRESADOS NI COMPRENDIDOS EN OTRA PARTE. ";"LECTORES DE CODIGOS DE BARRAS, EN: (1.003) MIL TRES UNIDADES, LECTORES DE CODIGOS DE BARRAS, MARCA QUANTA.-";"";"SIN ACUERDO";0;1327410;660403;1340684;1675855;0;5004352
"26DA000000122692";"IMPORTACION";"ZF2I";"IMPORTACION DE ZONA FRANCA";"17/03/2026";"17/03/2026";"2026";"MARZO";"ZA FRCA TRANS TRADE";6487.88;"";"V";6;"CN - CHINA";"CN - CHINA";"NUEVO";"UNIDAD";50;600;600;20475;978.38;41.51;21494.89;139456266.93;0;0;"8472.90.30.000J";"BIENES DE CAPITAL";"CALDERAS, MAQUINAS, APARATOS Y ARTEFACTOS MECANICOS; PARTES DE ESTAS MAQUINAS O APARATOS, REACTORES NUCLEARES";"CALDERAS, MAQUINAS, APARATOS Y ARTEFACTOS MECANICOS; PARTES DE ESTAS MAQUINAS O APARATOS, REACTORES NUCLEARES  LAS DEMAS MAQUINAS Y APARATOS DE OFICINA (POR\nEJEMPLO: COPIADORAS HECTOGRAFICAS, MIMEOGRAFOS, MAQUINAS DE IMPRIMIR DIRECCIONES, DISTRIBUIDORES AUTOMATICOS DE BILLETES DE BANCO, MAQUINAS DE CLASIFICAR, CONTAR O ENCARTUCHAR MONEDAS, SACAPUNTAS, PERFORADORAS, GRAPADORAS).    -Los dem¿s.       M¿quinas de clasificar y contar monedas o \n  billetes de banco.";"LAS DEMAS MAQUINAS Y APARATOS DE OFICINA (POR\nEJEMPLO: COPIADORAS HECTOGRAFICAS, MIMEOGRAFOS, MAQUINAS DE IMPRIMIR DIRECCIONES, DISTRIBUIDORES AUTOMATICOS DE BILLETES DE BANCO, MAQUINAS DE CLASIFICAR, CONTAR O ENCARTUCHAR MONEDAS, SACAPUNTAS, PERFORADORAS, GRAPADORAS). ";"MAQUINAS DE CLASIFICAR Y CONTAR MONEDAS O BILLETES DE BANCO, EN: (50) CINCUENTA UNIDADES, CONTA/DECT DINERO QUANTA QTCDD30 PROF/2SENSORES/AUTENTIFICADOR.-";"QUANTA";"SIN ACUERDO";0;0;697281;0;14015355;560614;15273250
"26DA000000122692";"IMPORTACION";"ZF2I";"IMPORTACION DE ZONA FRANCA";"17/03/2026";"17/03/2026";"2026";"MARZO";"ZA FRCA TRANS TRADE";6487.88;"";"V";12;"CN - CHINA";"CN - CHINA";"NUEVO";"UNIDAD";610;6185.78;6185.78;14275.8;682.16;28.94;14986.9;97233208;0;0;"9010.60.00.000J";"CAPITULO 90  INSTRUMENTOS Y APARATOS DE OPTICA, DEFOTOGRAFIA O DE CINEMATOGRAFIA, DE MEDIDA, DE  CON";"CAPITULO 90  INSTRUMENTOS Y APARATOS DE OPTICA, DEFOTOGRAFIA O DE CINEMATOGRAFIA, DE MEDIDA, DE  CONTROL O DE PRECISION; INSTRUMENTOS Y APARATOS MEDICOQUIRURGICOS; PARTES Y ACCESORIOS DE ESTOSINSTRUMENTOS O APARATOS";"CAPITULO 90  INSTRUMENTOS Y APARATOS DE OPTICA, DEFOTOGRAFIA O DE CINEMATOGRAFIA, DE MEDIDA, DE  CONTROL O DE PRECISION; INSTRUMENTOS Y APARATOS MEDICOQUIRURGICOS; PARTES Y ACCESORIOS DE ESTOSINSTRUMENTOS O APARATOS  APARATOS Y MATERIAL PARA LABORATORIO  \nFOTOGRAFICO O CINEMATOGRAFICO (INCLUIDOS LOS\nAPARATOS DE PROYECTAR O REALIZAR ESQUEMAS (TRAZAS) DE CIRCUITOS SOBRE SUPERFICIES SENSIBILIZADAS DE MATERIAL SEMICONDUCTOR), NO EXPRESADOS NI COMPRENDIDOS EN OTRA PARTE DE ESTE CAPITULO; NEGATOSCOPIOS; PANTALLAS DE PROYECCION.        -Pantallas de proyeccion";"APARATOS Y MATERIAL PARA LABORATORIO  \nFOTOGRAFICO O CINEMATOGRAFICO (INCLUIDOS LOS\nAPARATOS DE PROYECTAR O REALIZAR ESQUEMAS (TRAZAS) DE CIRCUITOS SOBRE SUPERFICIES SENSIBILIZADAS DE MATERIAL SEMICONDUCTOR), NO EXPRESADOS NI COMPRENDIDOS EN OTRA PARTE DE ESTE CAPITULO; NEGATOSCOPIOS; PANTALLAS DE PROYECCION. ";"PANTALLAS DE PROYECCION, EN: (610) SEISCIENTOS DIEZ UNIDADES, PANTALLAS DE PROYECCION - QUANTA.-";"";"SIN ACUERDO";5833992;0;486166;0;10355337;414213;17089708
"26DA000000122692";"IMPORTACION";"ZF2I";"IMPORTACION DE ZONA FRANCA";"17/03/2026";"17/03/2026";"2026";"MARZO";"ZA FRCA TRANS TRADE";6487.88;"";"V";9;"CN - CHINA";"CN - CHINA";"NUEVO";"UNIDAD";370;2379.77;2379.77;15855;757.62;32.14;16644.76;107989205;0;0;"8516.60.00.000U";"CAPITULO 85  MAQUINAS, APARATOS Y MATERIAL ELECTRICO Y SUS PARTES; APARATOS DE GRABACION O DE REPROD";"CAPITULO 85  MAQUINAS, APARATOS Y MATERIAL ELECTRICO Y SUS PARTES; APARATOS DE GRABACION O DE REPRODUCCION  DEL SONIDO, APARATOS DE GRABACION O DE REPRODUCCION DE IMAGENES Y DE SONIDOS DE TELEVISION, Y LAS PARTES Y ACCESORIOS DE ESTOSAPARATOS.";"CAPITULO 85  MAQUINAS, APARATOS Y MATERIAL ELECTRICO Y SUS PARTES; APARATOS DE GRABACION O DE REPRODUCCION  DEL SONIDO, APARATOS DE GRABACION O DE REPRODUCCION DE IMAGENES Y DE SONIDOS DE TELEVISION, Y LAS PARTES Y ACCESORIOS DE ESTOSAPARATOS.  CALENTADORES ELECTRICOS DE AGUA DE CALENTAMIENTO\nINSTANTANEO O ACUMULACION Y CALENTADORES\nELECTRICOS DE INMERSION; APARATOS ELECTRICOS\nPARA LA CALEFACCION DE ESPACIOS O SUELOS;APARATOS ELECTROTERMICOS P/ EL CUIDADO DEL CABELLO (POR EJEMPLO: SECADORES, RIZADORES,CALIENTATENACILLAS) O DE SECAR LAS MANOS; PLANCHAS ELECTRICAS; LOS DEMASAPARATOS ELECTROTERMICOS DE USO DOMESTICO;\nRESISTENCIAS CALENTADORAS, EXCEPTO LAS DE LA\nPARTIDA 85.45.        -Los dem¿s hornos; cocinas, calentadores (inclu¿das las mesas de cocci¿n), parrillas y asadores";"CALENTADORES ELECTRICOS DE AGUA DE CALENTAMIENTO\nINSTANTANEO O ACUMULACION Y CALENTADORES\nELECTRICOS DE INMERSION; APARATOS ELECTRICOS\nPARA LA CALEFACCION DE ESPACIOS O SUELOS;APARATOS ELECTROTERMICOS P/ EL CUIDADO DEL CABELLO (POR EJEMPLO: SECADORES, RIZADORES,CALIENTATENACILLAS) O DE SECAR LAS MANOS; PLANCHAS ELECTRICAS; LOS DEMASAPARATOS ELECTROTERMICOS DE USO DOMESTICO;\nRESISTENCIAS CALENTADORAS, EXCEPTO LAS DE LA\nPARTIDA 85.45. ";"LOS DEMAS HORNOS, COCINAS, CALENTADORES, PARRILLAS Y ASADORES, EN: (370) TRESCIENTOS SETENTA UNIDADES, COCINAS - QUANTA.-";"";"SIN ACUERDO";6479352;1150085;539946;1161586;1451982;0;10782951
"26DA000000122692";"IMPORTACION";"ZF2I";"IMPORTACION DE ZONA FRANCA";"17/03/2026";"17/03/2026";"2026";"MARZO";"ZA FRCA TRANS TRADE";6487.88;"";"V";2;"CN - CHINA";"CN - CHINA";"NUEVO";"UNIDAD";1702;3232;3232;16238.6;775.95;32.92;17047.47;110601939;0;0;"8423.10.00.000G";"CALDERAS, MAQUINAS, APARATOS Y ARTEFACTOS MECANICOS; PARTES DE ESTAS MAQUINAS O APARATOS, REACTORES NUCLEARES";"CALDERAS, MAQUINAS, APARATOS Y ARTEFACTOS MECANICOS; PARTES DE ESTAS MAQUINAS O APARATOS, REACTORES NUCLEARES";"CALDERAS, MAQUINAS, APARATOS Y ARTEFACTOS MECANICOS; PARTES DE ESTAS MAQUINAS O APARATOS, REACTORES NUCLEARES  APARATOS E INSTRUMENTOS DE PESAR, INCLUIDAS LAS BASCULAS O BALANZAS PARA COMPROBAR O CONTAR PIEZAS FABRICADAS, EXCEPTO LAS BALANZAS SENSIBLES A UN PESO INFERIOR O IGUAL A 5 cg.; PESAS PARA TODA CLASE DE BASCULAS O BALANZAS.        -De pesar personas, incluidos los pesabeb¿s; balanzas domesticas";"APARATOS E INSTRUMENTOS DE PESAR, INCLUIDAS LAS BASCULAS O BALANZAS PARA COMPROBAR O CONTAR PIEZAS FABRICADAS, EXCEPTO LAS BALANZAS SENSIBLES A UN PESO INFERIOR O IGUAL A 5 cg.; PESAS PARA TODA CLASE DE BASCULAS O BALANZAS. ";"PARA PESAR PERSONAS, INCLUIDOS LOS PESABEBES, BALANZAS DOMESTICAS, EN: (1.702) MIL SETECIENTOS DOS UNIDADES, BALANZAS DIGITALES - QUANTA.-";"";"SIN ACUERDO";6636116;0;553010;1177911;1472388;0;9839425
"26DA000000122692";"IMPORTACION";"ZF2I";"IMPORTACION DE ZONA FRANCA";"17/03/2026";"17/03/2026";"2026";"MARZO";"ZA FRCA TRANS TRADE";6487.88;"";"V";3;"CN - CHINA";"CN - CHINA";"NUEVO";"UNIDAD";95;0.4;0.4;53.37;2.55;0.1;56.02;363451.04;0;0;"8423.90.29.000H";"BIENES DE CAPITAL";"CALDERAS, MAQUINAS, APARATOS Y ARTEFACTOS MECANICOS; PARTES DE ESTAS MAQUINAS O APARATOS, REACTORES NUCLEARES";"CALDERAS, MAQUINAS, APARATOS Y ARTEFACTOS MECANICOS; PARTES DE ESTAS MAQUINAS O APARATOS, REACTORES NUCLEARES  APARATOS E INSTRUMENTOS DE PESAR, INCLUIDAS LAS BASCULAS O BALANZAS PARA COMPROBAR O CONTAR PIEZAS FABRICADAS, EXCEPTO LAS BALANZAS SENSIBLES A UN PESO INFERIOR O IGUAL A 5 cg.; PESAS PARA TODA CLASE DE BASCULAS O BALANZAS.    -Pesas para toda clase de basculas o balanzas; partes de aparatos o instrumentos de pesar.    Partes.       Las dem¿s.";"APARATOS E INSTRUMENTOS DE PESAR, INCLUIDAS LAS BASCULAS O BALANZAS PARA COMPROBAR O CONTAR PIEZAS FABRICADAS, EXCEPTO LAS BALANZAS SENSIBLES A UN PESO INFERIOR O IGUAL A 5 cg.; PESAS PARA TODA CLASE DE BASCULAS O BALANZAS. ";"PARTES, EN: (95) NOVENTA Y CINCO UNIDADES, PIEZAS DE REPUESTO PARA BALANZAS DIGITALES - QUANTA.-";"";"SIN ACUERDO";0;0;1817;0;36527;1461;39805
"26DA000000122692";"IMPORTACION";"ZF2I";"IMPORTACION DE ZONA FRANCA";"17/03/2026";"17/03/2026";"2026";"MARZO";"ZA FRCA TRANS TRADE";6487.88;"";"V";11;"CN - CHINA";"CN - CHINA";"NUEVO";"UNIDAD";600;0.2;0.2;480;22.93;0.97;503.9;3269242;0;0;"8517.71.90.000B";"INFORMATICA Y TELECOMUNICACIONES";"CAPITULO 85  MAQUINAS, APARATOS Y MATERIAL ELECTRICO Y SUS PARTES; APARATOS DE GRABACION O DE REPRODUCCION  DEL SONIDO, APARATOS DE GRABACION O DE REPRODUCCION DE IMAGENES Y DE SONIDOS DE TELEVISION, Y LAS PARTES Y ACCESORIOS DE ESTOSAPARATOS.";"CAPITULO 85  MAQUINAS, APARATOS Y MATERIAL ELECTRICO Y SUS PARTES; APARATOS DE GRABACION O DE REPRODUCCION  DEL SONIDO, APARATOS DE GRABACION O DE REPRODUCCION DE IMAGENES Y DE SONIDOS DE TELEVISION, Y LAS PARTES Y ACCESORIOS DE ESTOSAPARATOS.  TEL¿FONOS, INCLUIDOS LOS TEL¿FONOS CELULARES (M¿VILES)* Y LOS DE OTRAS REDES INAL¿MBRICAS; LOS DEM¿S APARATOS DE TRANSMISI¿N O RECEPCI¿N DE VOZ, IMAGEN U OTROS DATOS, INCLUIDOS LOS DE COMUNICACI¿N EN RED CON O SIN 84.43, 85.25, 85.27 U 85.28 - -\tPartes:  - -\tPartes:     Las demas ";"TEL¿FONOS, INCLUIDOS LOS TEL¿FONOS CELULARES (M¿VILES)* Y LOS DE OTRAS REDES INAL¿MBRICAS; LOS DEM¿S APARATOS DE TRANSMISI¿N O RECEPCI¿N DE VOZ, IMAGEN U OTROS DATOS, INCLUIDOS LOS DE COMUNICACI¿N EN RED CON O SIN 84.43, 85.25, 85.27 U 85.28 - -\tPartes:";"PARTES, EN: (600) SEISCIENTAS UNIDADES, PIEZAS DE REPUESTOS PARA AURICULARES - QUANTA - QTASP40.-";"QUANTA";"SIN ACUERDO";65385;33510;16346;33845;42306;0;191392
"26DA000000122692";"IMPORTACION";"ZF2I";"IMPORTACION DE ZONA FRANCA";"17/03/2026";"17/03/2026";"2026";"MARZO";"ZA FRCA TRANS TRADE";6487.88;"";"V";13;"CN - CHINA";"CN - CHINA";"NUEVO";"UNIDAD";6;0.8;0.8;18.9;0.96;0.08;19.94;129368;0;0;"9010.90.90.000P";"CAPITULO 90  INSTRUMENTOS Y APARATOS DE OPTICA, DEFOTOGRAFIA O DE CINEMATOGRAFIA, DE MEDIDA, DE  CON";"CAPITULO 90  INSTRUMENTOS Y APARATOS DE OPTICA, DEFOTOGRAFIA O DE CINEMATOGRAFIA, DE MEDIDA, DE  CONTROL O DE PRECISION; INSTRUMENTOS Y APARATOS MEDICOQUIRURGICOS; PARTES Y ACCESORIOS DE ESTOSINSTRUMENTOS O APARATOS";"CAPITULO 90  INSTRUMENTOS Y APARATOS DE OPTICA, DEFOTOGRAFIA O DE CINEMATOGRAFIA, DE MEDIDA, DE  CONTROL O DE PRECISION; INSTRUMENTOS Y APARATOS MEDICOQUIRURGICOS; PARTES Y ACCESORIOS DE ESTOSINSTRUMENTOS O APARATOS  APARATOS Y MATERIAL PARA LABORATORIO  \nFOTOGRAFICO O CINEMATOGRAFICO (INCLUIDOS LOS\nAPARATOS DE PROYECTAR O REALIZAR ESQUEMAS (TRAZAS) DE CIRCUITOS SOBRE SUPERFICIES SENSIBILIZADAS DE MATERIAL SEMICONDUCTOR), NO EXPRESADOS NI COMPRENDIDOS EN OTRA PARTE DE ESTE CAPITULO; NEGATOSCOPIOS; PANTALLAS DE PROYECCION.    -Partes y accesorios.       Los dem¿s.";"APARATOS Y MATERIAL PARA LABORATORIO  \nFOTOGRAFICO O CINEMATOGRAFICO (INCLUIDOS LOS\nAPARATOS DE PROYECTAR O REALIZAR ESQUEMAS (TRAZAS) DE CIRCUITOS SOBRE SUPERFICIES SENSIBILIZADAS DE MATERIAL SEMICONDUCTOR), NO EXPRESADOS NI COMPRENDIDOS EN OTRA PARTE DE ESTE CAPITULO; NEGATOSCOPIOS; PANTALLAS DE PROYECCION. ";"PARTES, EN: (06) SEIS UNIDADES, PARTES Y PIEZAS DE REPUESTOS PARA PANTALLAS DE PROYECCION - QUANTA.-";"";"SIN ACUERDO";18629;0;647;0;14864;595;34735
"26DA000000122692";"IMPORTACION";"ZF2I";"IMPORTACION DE ZONA FRANCA";"17/03/2026";"17/03/2026";"2026";"MARZO";"ZA FRCA TRANS TRADE";6487.88;"";"V";7;"CN - CHINA";"CN - CHINA";"NUEVO";"UNIDAD";15;0.5;0.5;31.5;1.5;0.06;33.06;214489.31;0;0;"8473.30.19.000R";"INFORMATICA Y TELECOMUNICACIONES";"CALDERAS, MAQUINAS, APARATOS Y ARTEFACTOS MECANICOS; PARTES DE ESTAS MAQUINAS O APARATOS, REACTORES NUCLEARES";"CALDERAS, MAQUINAS, APARATOS Y ARTEFACTOS MECANICOS; PARTES DE ESTAS MAQUINAS O APARATOS, REACTORES NUCLEARES  PARTES Y ACCESORIOS (EXCEPTO LOS ESTUCHES, FUNDAS\nY SIMILARES) IDENTIFICABLES COMO DESTINADOS,\nEXCLUSIVA O PRINCIPALMENTE, A LAS MAQUINAS O\nAPARATOS DE LAS PARTIDAS 84.69 A 84.72.    -Partes y accesorios de m¿quinas de la partida  84.71    Gabinetes, incluso con m¿dulo \"display\" \n   num¿rico, fuente de alimentaci¿n incorporada o\n   ambas.       Los dem¿s.";"PARTES Y ACCESORIOS (EXCEPTO LOS ESTUCHES, FUNDAS\nY SIMILARES) IDENTIFICABLES COMO DESTINADOS,\nEXCLUSIVA O PRINCIPALMENTE, A LAS MAQUINAS O\nAPARATOS DE LAS PARTIDAS 84.69 A 84.72. ";"LAS DEMAS, EN: (15) QUINCE UNIDADES, PIEZAS DE REPUESTOS PARA LECTORES DE CODIGOS DE BARRAS - QUANTA.-";"";"SIN ACUERDO";0;0;1072;2156;2695;0;5923
"26DA000000122692";"IMPORTACION";"ZF2I";"IMPORTACION DE ZONA FRANCA";"17/03/2026";"17/03/2026";"2026";"MARZO";"ZA FRCA TRANS TRADE";6487.88;"";"V";10;"CN - CHINA";"CN - CHINA";"NUEVO";"UNIDAD";75;42.15;42.15;493.6;23.58;1;518.18;3361890;0;0;"8516.90.00.000L";"CAPITULO 85  MAQUINAS, APARATOS Y MATERIAL ELECTRICO Y SUS PARTES; APARATOS DE GRABACION O DE REPROD";"CAPITULO 85  MAQUINAS, APARATOS Y MATERIAL ELECTRICO Y SUS PARTES; APARATOS DE GRABACION O DE REPRODUCCION  DEL SONIDO, APARATOS DE GRABACION O DE REPRODUCCION DE IMAGENES Y DE SONIDOS DE TELEVISION, Y LAS PARTES Y ACCESORIOS DE ESTOSAPARATOS.";"CAPITULO 85  MAQUINAS, APARATOS Y MATERIAL ELECTRICO Y SUS PARTES; APARATOS DE GRABACION O DE REPRODUCCION  DEL SONIDO, APARATOS DE GRABACION O DE REPRODUCCION DE IMAGENES Y DE SONIDOS DE TELEVISION, Y LAS PARTES Y ACCESORIOS DE ESTOSAPARATOS.  CALENTADORES ELECTRICOS DE AGUA DE CALENTAMIENTO\nINSTANTANEO O ACUMULACION Y CALENTADORES\nELECTRICOS DE INMERSION; APARATOS ELECTRICOS\nPARA LA CALEFACCION DE ESPACIOS O SUELOS;APARATOS ELECTROTERMICOS P/ EL CUIDADO DEL CABELLO (POR EJEMPLO: SECADORES, RIZADORES,CALIENTATENACILLAS) O DE SECAR LAS MANOS; PLANCHAS ELECTRICAS; LOS DEMASAPARATOS ELECTROTERMICOS DE USO DOMESTICO;\nRESISTENCIAS CALENTADORAS, EXCEPTO LAS DE LA\nPARTIDA 85.45.        -Partes.";"CALENTADORES ELECTRICOS DE AGUA DE CALENTAMIENTO\nINSTANTANEO O ACUMULACION Y CALENTADORES\nELECTRICOS DE INMERSION; APARATOS ELECTRICOS\nPARA LA CALEFACCION DE ESPACIOS O SUELOS;APARATOS ELECTROTERMICOS P/ EL CUIDADO DEL CABELLO (POR EJEMPLO: SECADORES, RIZADORES,CALIENTATENACILLAS) O DE SECAR LAS MANOS; PLANCHAS ELECTRICAS; LOS DEMASAPARATOS ELECTROTERMICOS DE USO DOMESTICO;\nRESISTENCIAS CALENTADORAS, EXCEPTO LAS DE LA\nPARTIDA 85.45. ";"PARTES, EN: (75) SETENTA Y CINCO UNIDADES, PIEZAS DE REPUESTOS PARA COCINAS - QUANTA.-";"";"SIN ACUERDO";484112;38628;16809;0;390144;15606;945299
"26DA000000122693";"IMPORTACION";"IC04";"IMPORTACION A CONSUMO CON DOCUMENTO DE TRANSPORTE";"17/03/2026";"17/03/2026";"2026";"MARZO";"PUERTOS Y ESTIBAJES";6487.88;"CAMION";"N";1;"CN - CHINA";"CN - CHINA";"NUEVO";"UNIDAD";19;4573;5800;73000;7176.25;219;80395.25;521594734.57;0;0;"8443.39.90.000X";"CALDERAS, MAQUINAS, APARATOS Y ARTEFACTOS MECANICOS; PARTES DE ESTAS MAQUINAS O APARATOS, REACTORES NUCLEARES";"CALDERAS, MAQUINAS, APARATOS Y ARTEFACTOS MECANICOS; PARTES DE ESTAS MAQUINAS O APARATOS, REACTORES NUCLEARES";"CALDERAS, MAQUINAS, APARATOS Y ARTEFACTOS MECANICOS; PARTES DE ESTAS MAQUINAS O APARATOS, REACTORES NUCLEARES  M¿QUINAS Y APARATOS PARA IMPRIMIR MEDIANTE PLANCHAS, CILINDROS Y DEM¿S ELEMENTOS IMPRESORES DE LA PARTIDA 84.42; LAS DEM¿S M¿QUINAS IMPRESORAS, COPIADORAS Y DE FAX, INCLUSO COMBINADAS ENTRE S¿; PARTES Y ACCESORIOS. - Las dem¿s m¿quinas impresoras, copiadoras y de fax, incluso combinadas entre s¿:  - Las dem¿s m¿quinas impresoras, copiadoras y de fax, incluso combinadas entre s¿: - - Las dem¿s          Los dem¿s";"M¿QUINAS Y APARATOS PARA IMPRIMIR MEDIANTE PLANCHAS, CILINDROS Y DEM¿S ELEMENTOS IMPRESORES DE LA PARTIDA 84.42; LAS DEM¿S M¿QUINAS IMPRESORAS, COPIADORAS Y DE FAX, INCLUSO COMBINADAS ENTRE S¿; PARTES Y ACCESORIOS. - Las dem¿s m¿quinas impresoras, copiadoras y de fax, incluso combinadas entre s¿:";"LOS DEMAS MAQUINAS COPIADORAS EN:";"";"SIN ACUERDO";0;0;2607974;0;52420271;2096811;57125056
"26DA000000122694";"IMPORTACION";"IM05";"IMPORTACION MENOR S/ DOC DE TRANS. C/ CODIGO DE BARRAS";"17/03/2026";"17/03/2026";"2026";"MARZO";"CIUDAD DEL ESTE";6487.88;"";"V";1;"BR - BRASIL";"BR - BRASIL";"NUEVO";"UNIDAD";1316;72.36;79.72;1329.84;3.03;13.3;1346.17;8733783.98;0;0;"8536.20.00.000D";"CAPITULO 85  MAQUINAS, APARATOS Y MATERIAL ELECTRICO Y SUS PARTES; APARATOS DE GRABACION O DE REPROD";"CAPITULO 85  MAQUINAS, APARATOS Y MATERIAL ELECTRICO Y SUS PARTES; APARATOS DE GRABACION O DE REPRODUCCION  DEL SONIDO, APARATOS DE GRABACION O DE REPRODUCCION DE IMAGENES Y DE SONIDOS DE TELEVISION, Y LAS PARTES Y ACCESORIOS DE ESTOSAPARATOS.";"CAPITULO 85  MAQUINAS, APARATOS Y MATERIAL ELECTRICO Y SUS PARTES; APARATOS DE GRABACION O DE REPRODUCCION  DEL SONIDO, APARATOS DE GRABACION O DE REPRODUCCION DE IMAGENES Y DE SONIDOS DE TELEVISION, Y LAS PARTES Y ACCESORIOS DE ESTOSAPARATOS.  APARATOS PARA CORTE, SECCIONAMIENTO, PROTECCI¿N,  DERIVACI¿N, EMPALME O CONEXI¿N DE CIRCUITOS EL¿CTRICOS (POR EJEMPLO: INTERRUPTORES, CONMUTADORES, REL¿S, CORTACIRCUITOS, SUPRESORES DE SOBRETENSI¿N TRANSITORIA, CLAVIJAS Y TOMAS DE CORRIENTE (ENCHUFES), PORTAL¿MPARAS Y DEM¿S CONECTORES, CAJAS DE EMPALME), PARA UNA TENSI¿N INFERIOR O IGUAL A 1.000 VOLTIOS; CONECTORES DE FIBRAS ¿PTICAS, HACES O CABLES DE FIBRAS ¿PTICAS.      -Disyuntores  -Disyuntores.";"APARATOS PARA CORTE, SECCIONAMIENTO, PROTECCI¿N,  DERIVACI¿N, EMPALME O CONEXI¿N DE CIRCUITOS EL¿CTRICOS (POR EJEMPLO: INTERRUPTORES, CONMUTADORES, REL¿S, CORTACIRCUITOS, SUPRESORES DE SOBRETENSI¿N TRANSITORIA, CLAVIJAS Y TOMAS DE CORRIENTE (ENCHUFES), PORTAL¿MPARAS Y DEM¿S CONECTORES, CAJAS DE EMPALME), PARA UNA TENSI¿N INFERIOR O IGUAL A 1.000 VOLTIOS; CONECTORES DE FIBRAS ¿PTICAS, HACES O CABLES DE FIBRAS ¿PTICAS. ";"1316 UN DISJUNTOR MONOPOLAR CURVA C 70A EN DIFERENTES MODELOS";"MAJE DO NE IND";"MERCOSUR";0;0;43669;0;877745;35110;956524
"26DA000000122694";"IMPORTACION";"IM05";"IMPORTACION MENOR S/ DOC DE TRANS. C/ CODIGO DE BARRAS";"17/03/2026";"17/03/2026";"2026";"MARZO";"CIUDAD DEL ESTE";6487.88;"";"V";2;"BR - BRASIL";"BR - BRASIL";"NUEVO";"UNIDAD";40;72.36;79.72;1162.05;2.66;11.62;1176.33;7631899.14;0;0;"9026.10.29.000H";"REPUESTOS (AUTOPARTE)";"CAPITULO 90  INSTRUMENTOS Y APARATOS DE OPTICA, DEFOTOGRAFIA O DE CINEMATOGRAFIA, DE MEDIDA, DE  CONTROL O DE PRECISION; INSTRUMENTOS Y APARATOS MEDICOQUIRURGICOS; PARTES Y ACCESORIOS DE ESTOSINSTRUMENTOS O APARATOS";"CAPITULO 90  INSTRUMENTOS Y APARATOS DE OPTICA, DEFOTOGRAFIA O DE CINEMATOGRAFIA, DE MEDIDA, DE  CONTROL O DE PRECISION; INSTRUMENTOS Y APARATOS MEDICOQUIRURGICOS; PARTES Y ACCESORIOS DE ESTOSINSTRUMENTOS O APARATOS  INSTRUMENTOS Y APARATOS PARA LA MEDIDA O CONTROL DEL CAUDAL, NIVEL, PRESION U OTRAS CARACTERISTICAS VARIABLES DE LIQUIDOS O GASES (POR EJEMPLO: CAUDALIMETROS, INDICADORES DE NIVEL, MANOMETROS, CONTADORES DE CALOR), EXCEPTO LOS INSTRUMENTOS Y APARATOS DE LAS PARTIDAS 90.14, 90.15, 90.28 O 90.32.    -Para medida o control del caudal o nivel de l¿quidos.    Para medida o control de nivel       Los dem¿s";"INSTRUMENTOS Y APARATOS PARA LA MEDIDA O CONTROL DEL CAUDAL, NIVEL, PRESION U OTRAS CARACTERISTICAS VARIABLES DE LIQUIDOS O GASES (POR EJEMPLO: CAUDALIMETROS, INDICADORES DE NIVEL, MANOMETROS, CONTADORES DE CALOR), EXCEPTO LOS INSTRUMENTOS Y APARATOS DE LAS PARTIDAS 90.14, 90.15, 90.28 O 90.32. ";"40 UN INTERRUPTOR P/ CONTROLE AUTOM. DO NIVEL DE LIQUIDOS COM 6 UN";"MAJE DO NE IND";"AAP.CE 74";0;0;38159;0;767006;30680;835845
"26DA000000122695";"IMPORTACION";"IC04";"IMPORTACION A CONSUMO CON DOCUMENTO DE TRANSPORTE";"17/03/2026";"17/03/2026";"2026";"MARZO";"AEROP. PETTIROSSI";6487.88;"AVION";"V";1;"CH - SUIZA";"CH - SUIZA";"NUEVO";"UNIDAD";1;1.18;1.18;1345.1;135.57;17.5;1531.28;9934761;33.11;0;"8538.90.10.000Z";"INFORMATICA Y TELECOMUNICACIONES";"CAPITULO 85  MAQUINAS, APARATOS Y MATERIAL ELECTRICO Y SUS PARTES; APARATOS DE GRABACION O DE REPRODUCCION  DEL SONIDO, APARATOS DE GRABACION O DE REPRODUCCION DE IMAGENES Y DE SONIDOS DE TELEVISION, Y LAS PARTES Y ACCESORIOS DE ESTOSAPARATOS.";"CAPITULO 85  MAQUINAS, APARATOS Y MATERIAL ELECTRICO Y SUS PARTES; APARATOS DE GRABACION O DE REPRODUCCION  DEL SONIDO, APARATOS DE GRABACION O DE REPRODUCCION DE IMAGENES Y DE SONIDOS DE TELEVISION, Y LAS PARTES Y ACCESORIOS DE ESTOSAPARATOS.  PARTES IDENTIFICABLES COMO DESTINADAS, EXCLUSIVA\nO PRINCIPALMENTE, A LOS APARTOS DE LAS PARTIDAS\n85.35, 85.36 U 85.37.    -Los dem¿s       Circuitos impresos con componentes el¿ctricos o electr¿nicos montados";"PARTES IDENTIFICABLES COMO DESTINADAS, EXCLUSIVA\nO PRINCIPALMENTE, A LOS APARTOS DE LAS PARTIDAS\n85.35, 85.36 U 85.37. ";"CONTROL PCB TESTED SEAL MODULE BT / 0087593";"KOMAX AG";"SIN ACUERDO";198695;0;49674;0;1018313;40733;1307415
"26DA000000122696";"IMPORTACION";"IC04";"IMPORTACION A CONSUMO CON DOCUMENTO DE TRANSPORTE";"17/03/2026";"17/03/2026";"2026";"MARZO";"CIUDAD DEL ESTE";6487.88;"CAMION";"V";2;"BR - BRASIL";"BR - BRASIL";"NUEVO";"UNIDAD";17;55;55;1999.2;107.59;4.99;2111.78;13700975.23;0;0;"8413.70.90.000J";"BIENES DE CAPITAL";"CALDERAS, MAQUINAS, APARATOS Y ARTEFACTOS MECANICOS; PARTES DE ESTAS MAQUINAS O APARATOS, REACTORES NUCLEARES";"CALDERAS, MAQUINAS, APARATOS Y ARTEFACTOS MECANICOS; PARTES DE ESTAS MAQUINAS O APARATOS, REACTORES NUCLEARES  BOMBAS PARA LIQUIDOS, INCLUSO CON DISPOSITIVO\nMEDIDOR INCORPORADO;ELEVADORES DE LIQUIDOS.    -Las dem¿s bombas centr¿fugas.       Las dem¿s.";"BOMBAS PARA LIQUIDOS, INCLUSO CON DISPOSITIVO\nMEDIDOR INCORPORADO;ELEVADORES DE LIQUIDOS. ";"LOS DEMAS EN:17)UNIDADES MOTOBOMBA";"BRUDDEN";"SIN ACUERDO";0;0;68505;0;1376948;55078;1500531
"26DA000000122696";"IMPORTACION";"IC04";"IMPORTACION A CONSUMO CON DOCUMENTO DE TRANSPORTE";"17/03/2026";"17/03/2026";"2026";"MARZO";"CIUDAD DEL ESTE";6487.88;"CAMION";"V";4;"BR - BRASIL";"BR - BRASIL";"NUEVO";"UNIDAD";8;10;10;67.52;3.63;0.16;71.31;462651;0;0;"8409.91.90.000P";"REPUESTOS (AUTOPARTE)";"CALDERAS, MAQUINAS, APARATOS Y ARTEFACTOS MECANICOS; PARTES DE ESTAS MAQUINAS O APARATOS, REACTORES NUCLEARES";"CALDERAS, MAQUINAS, APARATOS Y ARTEFACTOS MECANICOS; PARTES DE ESTAS MAQUINAS O APARATOS, REACTORES NUCLEARES  PARTES IDENTIFICABLES COMO DESTINADAS, EXCLUSIVA\nO PRINCIPALMENTE, A LOS MOTORES DE LAS PARTIDAS \n84.07 U 84.08. -Las dem¿s.  -Las dem¿s. --Identificables como destinadas, exclusiva o\n  principalmente, a los motores de ¿mbolo\n  (pist¿n) de encendido por chispa.       Las dem¿s.";"PARTES IDENTIFICABLES COMO DESTINADAS, EXCLUSIVA\nO PRINCIPALMENTE, A LOS MOTORES DE LAS PARTIDAS \n84.07 U 84.08. -Las dem¿s.";"LOS DEMAS EN:08)UNIDADES DIAFRAGMA / JUNTAS";"BRUDDEN";"SIN ACUERDO";46265;0;2313;0;51123;2045;101746
"26DA000000122696";"IMPORTACION";"IC04";"IMPORTACION A CONSUMO CON DOCUMENTO DE TRANSPORTE";"17/03/2026";"17/03/2026";"2026";"MARZO";"CIUDAD DEL ESTE";6487.88;"CAMION";"V";1;"BR - BRASIL";"BR - BRASIL";"NUEVO";"UNIDAD";490;1324.362;1679.71;18172;977.99;45.42;19195.41;124537516.63;0;0;"8424.41.00.000E";"BIENES DE CAPITAL";"CALDERAS, MAQUINAS, APARATOS Y ARTEFACTOS MECANICOS; PARTES DE ESTAS MAQUINAS O APARATOS, REACTORES NUCLEARES";"CALDERAS, MAQUINAS, APARATOS Y ARTEFACTOS MECANICOS; PARTES DE ESTAS MAQUINAS O APARATOS, REACTORES NUCLEARES  APARATOS MECANICOS (INCLUSO MANUALES) PARA \nPROYECTAR, DISPERSAR O PULVERIZAR MATERIAS\nLIQUIDAS O EN POLVO; EXTINTORES, INCLUSO \nCARGADOS; PISTOLAS AEROGRAFICAS Y APARATOS \nSIMILARES; MAQUINAS Y APARATOS DE CHORRO DE \nARENA O DE VAPOR Y APARATOS DE CHORRO SIMILARES.        -- Pulverizadores port¿tiles\r\n";"APARATOS MECANICOS (INCLUSO MANUALES) PARA \nPROYECTAR, DISPERSAR O PULVERIZAR MATERIAS\nLIQUIDAS O EN POLVO; EXTINTORES, INCLUSO \nCARGADOS; PISTOLAS AEROGRAFICAS Y APARATOS \nSIMILARES; MAQUINAS Y APARATOS DE CHORRO DE \nARENA O DE VAPOR Y APARATOS DE CHORRO SIMILARES. ";"PULVERIZADORES PORT?TILES 490)UNIDADES DETALLADOS EN SUB ITEM.-";"";"SIN ACUERDO";0;0;622688;0;12516021;500641;13639350
"26DA000000122696";"IMPORTACION";"IC04";"IMPORTACION A CONSUMO CON DOCUMENTO DE TRANSPORTE";"17/03/2026";"17/03/2026";"2026";"MARZO";"CIUDAD DEL ESTE";6487.88;"CAMION";"V";5;"BR - BRASIL";"BR - BRASIL";"NUEVO";"UNIDAD";64;1;1;298.48;16.06;0.74;315.28;2045498.81;0;0;"8467.99.00.000J";"BIENES DE CAPITAL";"CALDERAS, MAQUINAS, APARATOS Y ARTEFACTOS MECANICOS; PARTES DE ESTAS MAQUINAS O APARATOS, REACTORES NUCLEARES";"CALDERAS, MAQUINAS, APARATOS Y ARTEFACTOS MECANICOS; PARTES DE ESTAS MAQUINAS O APARATOS, REACTORES NUCLEARES  HERRAMIENTAS NEUM¿TICAS, HIDR¿ULICAS O CON MOTOR INCORPORADO,INCLUSO EL¿CTRICO, DE USO MANUAL. -Partes.  -Partes.     --Las dem¿s.";"HERRAMIENTAS NEUM¿TICAS, HIDR¿ULICAS O CON MOTOR INCORPORADO,INCLUSO EL¿CTRICO, DE USO MANUAL. -Partes.";"LOS DEMAS EN:";"";"SIN ACUERDO";0;0;10227;0;205573;8223;224023
"26DA000000122696";"IMPORTACION";"IC04";"IMPORTACION A CONSUMO CON DOCUMENTO DE TRANSPORTE";"17/03/2026";"17/03/2026";"2026";"MARZO";"CIUDAD DEL ESTE";6487.88;"CAMION";"V";9;"BR - BRASIL";"BR - BRASIL";"NUEVO";"UNIDAD";4;40;40;412;22.17;1.02;435.19;2823460.5;0;0;"8467.81.00.000Z";"BIENES DE CAPITAL";"CALDERAS, MAQUINAS, APARATOS Y ARTEFACTOS MECANICOS; PARTES DE ESTAS MAQUINAS O APARATOS, REACTORES NUCLEARES";"CALDERAS, MAQUINAS, APARATOS Y ARTEFACTOS MECANICOS; PARTES DE ESTAS MAQUINAS O APARATOS, REACTORES NUCLEARES  HERRAMIENTAS NEUM¿TICAS, HIDR¿ULICAS O CON MOTOR INCORPORADO,INCLUSO EL¿CTRICO, DE USO MANUAL. -Las dem¿s herramientas.  -Las dem¿s herramientas.     --Sierras o tronzadoras, de cadena.";"HERRAMIENTAS NEUM¿TICAS, HIDR¿ULICAS O CON MOTOR INCORPORADO,INCLUSO EL¿CTRICO, DE USO MANUAL. -Las dem¿s herramientas.";"--SIERRAS O TRONZADORAS, DE CADENA. EN:04)UNIDADES MOTOSIERRA";"BRUDDEN";"SIN ACUERDO";0;0;14117;0;283758;11350;309225
"26DA000000122696";"IMPORTACION";"IC04";"IMPORTACION A CONSUMO CON DOCUMENTO DE TRANSPORTE";"17/03/2026";"17/03/2026";"2026";"MARZO";"CIUDAD DEL ESTE";6487.88;"CAMION";"V";6;"BR - BRASIL";"BR - BRASIL";"NUEVO";"UNIDAD";13;35;35;3140;168.99;7.84;3316.83;21519195.02;0;0;"8413.70.90.000J";"BIENES DE CAPITAL";"CALDERAS, MAQUINAS, APARATOS Y ARTEFACTOS MECANICOS; PARTES DE ESTAS MAQUINAS O APARATOS, REACTORES NUCLEARES";"CALDERAS, MAQUINAS, APARATOS Y ARTEFACTOS MECANICOS; PARTES DE ESTAS MAQUINAS O APARATOS, REACTORES NUCLEARES  BOMBAS PARA LIQUIDOS, INCLUSO CON DISPOSITIVO\nMEDIDOR INCORPORADO;ELEVADORES DE LIQUIDOS.    -Las dem¿s bombas centr¿fugas.       Las dem¿s.";"BOMBAS PARA LIQUIDOS, INCLUSO CON DISPOSITIVO\nMEDIDOR INCORPORADO;ELEVADORES DE LIQUIDOS. ";"LOS DEMAS EN:13)UNIDADES MOTOBOMBA.-";"BRUDDEN";"SIN ACUERDO";0;0;107596;0;2162679;86507;2356782
"26DA000000122696";"IMPORTACION";"IC04";"IMPORTACION A CONSUMO CON DOCUMENTO DE TRANSPORTE";"17/03/2026";"17/03/2026";"2026";"MARZO";"CIUDAD DEL ESTE";6487.88;"CAMION";"V";7;"BR - BRASIL";"BR - BRASIL";"NUEVO";"UNIDAD";168;5;5;359.1;19.32;0.89;379.31;2460918;0;0;"8424.90.10.000Y";"CALDERAS, MAQUINAS, APARATOS Y ARTEFACTOS MECANICOS; PARTES DE ESTAS MAQUINAS O APARATOS, REACTORES NUCLEARES";"CALDERAS, MAQUINAS, APARATOS Y ARTEFACTOS MECANICOS; PARTES DE ESTAS MAQUINAS O APARATOS, REACTORES NUCLEARES";"CALDERAS, MAQUINAS, APARATOS Y ARTEFACTOS MECANICOS; PARTES DE ESTAS MAQUINAS O APARATOS, REACTORES NUCLEARES  APARATOS MECANICOS (INCLUSO MANUALES) PARA \nPROYECTAR, DISPERSAR O PULVERIZAR MATERIAS\nLIQUIDAS O EN POLVO; EXTINTORES, INCLUSO \nCARGADOS; PISTOLAS AEROGRAFICAS Y APARATOS \nSIMILARES; MAQUINAS Y APARATOS DE CHORRO DE \nARENA O DE VAPOR Y APARATOS DE CHORRO SIMILARES.    -Partes.    De aparatos de la subpartida 8424.10 o del ¿tem 8424.89.10";"APARATOS MECANICOS (INCLUSO MANUALES) PARA \nPROYECTAR, DISPERSAR O PULVERIZAR MATERIAS\nLIQUIDAS O EN POLVO; EXTINTORES, INCLUSO \nCARGADOS; PISTOLAS AEROGRAFICAS Y APARATOS \nSIMILARES; MAQUINAS Y APARATOS DE CHORRO DE \nARENA O DE VAPOR Y APARATOS DE CHORRO SIMILARES. ";"DE APARATOS DE LA SUBPARTIDA 8424.10 O DEL ?TEM 84 EN:168)UNIDADES DETALLADOS EN SUB ITEM.-";"";"SIN ACUERDO";310076;0;12305;0;278330;11133;611844
"26DA000000122696";"IMPORTACION";"IC04";"IMPORTACION A CONSUMO CON DOCUMENTO DE TRANSPORTE";"17/03/2026";"17/03/2026";"2026";"MARZO";"CIUDAD DEL ESTE";6487.88;"CAMION";"V";8;"BR - BRASIL";"BR - BRASIL";"NUEVO";"UNIDAD";20;0.01;0.01;0.4;0.02;0;0.42;2725;0;0;"4016.93.00.000E";"REPUESTOS (AUTOPARTE)";"CAPITULO 40CAUCHO Y MANUFACTURAS DE CAUCHO.";"CAPITULO 40CAUCHO Y MANUFACTURAS DE CAUCHO.  LAS DEMAS MANUFACTURAS DE CAUCHO VULCANIZADO SIN \nENDURECER. -Las dem¿s:  -Las dem¿s:   --Juntas o empaquetaduras.  untas o empaquetaduras.";"LAS DEMAS MANUFACTURAS DE CAUCHO VULCANIZADO SIN \nENDURECER. -Las dem¿s:";"UNTAS O EMPAQUETADURAS. EN:20)UNIDADES DIAFRAGMA DE CUBIERTA";"BRUDDEN";"SIN ACUERDO";273;0;14;0;301;12;600
"26DA000000122696";"IMPORTACION";"IC04";"IMPORTACION A CONSUMO CON DOCUMENTO DE TRANSPORTE";"17/03/2026";"17/03/2026";"2026";"MARZO";"CIUDAD DEL ESTE";6487.88;"CAMION";"V";11;"BR - BRASIL";"BR - BRASIL";"NUEVO";"UNIDAD";2;1;1;2;0.11;0;2.11;13690;0;0;"7326.90.90.000Y";"MANUFACTURAS DE FUNDICION DE HIERRO";"CAPITULO 73 MANUFACTURAS DE FUNDICION, DE HIERRO O DE  ACERO.";"CAPITULO 73 MANUFACTURAS DE FUNDICION, DE HIERRO O DE  ACERO.  LAS DEMAS MANUFACTURAS DE HIERRO O ACERO.    -Las dem¿s       Las dem¿s";"LAS DEMAS MANUFACTURAS DE HIERRO O ACERO. ";"LOS DEMAS EN:05)UNIDADES ANILLO DEL PISTON";"BRUDDEN";"SIN ACUERDO";821;0;68;0;1458;58;2405
"26DA000000122696";"IMPORTACION";"IC04";"IMPORTACION A CONSUMO CON DOCUMENTO DE TRANSPORTE";"17/03/2026";"17/03/2026";"2026";"MARZO";"CIUDAD DEL ESTE";6487.88;"CAMION";"V";3;"BR - BRASIL";"BR - BRASIL";"NUEVO";"UNIDAD";9;35;35;255.75;13.76;0.63;270.14;1752635;0;0;"8507.20.10.000V";"CAPITULO 85  MAQUINAS, APARATOS Y MATERIAL ELECTRICO Y SUS PARTES; APARATOS DE GRABACION O DE REPROD";"CAPITULO 85  MAQUINAS, APARATOS Y MATERIAL ELECTRICO Y SUS PARTES; APARATOS DE GRABACION O DE REPRODUCCION  DEL SONIDO, APARATOS DE GRABACION O DE REPRODUCCION DE IMAGENES Y DE SONIDOS DE TELEVISION, Y LAS PARTES Y ACCESORIOS DE ESTOSAPARATOS.";"CAPITULO 85  MAQUINAS, APARATOS Y MATERIAL ELECTRICO Y SUS PARTES; APARATOS DE GRABACION O DE REPRODUCCION  DEL SONIDO, APARATOS DE GRABACION O DE REPRODUCCION DE IMAGENES Y DE SONIDOS DE TELEVISION, Y LAS PARTES Y ACCESORIOS DE ESTOSAPARATOS.  ACUMULADORES ELECTRICOS, INCLUIDOS SUS\nSEPARADORES, AUNQUE SEAN CUADRADOS O RECTANGULARES.    -Los dem¿s acumuladores de plomo.     De peso inferior o igual a 1000 Kg.     De peso inferior o igual a 1000 Kg.\n";"ACUMULADORES ELECTRICOS, INCLUIDOS SUS\nSEPARADORES, AUNQUE SEAN CUADRADOS O RECTANGULARES. ";"DE PESO INFERIOR O IGUAL A 1000 KG. EN:09)UNIDADES BAETRIAS.-";"BRUDDEN";"SIN ACUERDO";283927;0;8763;0;204533;8181;505404
"26DA000000122696";"IMPORTACION";"IC04";"IMPORTACION A CONSUMO CON DOCUMENTO DE TRANSPORTE";"17/03/2026";"17/03/2026";"2026";"MARZO";"CIUDAD DEL ESTE";6487.88;"CAMION";"V";13;"BR - BRASIL";"BR - BRASIL";"NUEVO";"UNIDAD";7;900;900;6500;349.82;16.24;6866.06;44546173.35;0;0;"8433.20.90.000E";"BIENES DE CAPITAL";"CALDERAS, MAQUINAS, APARATOS Y ARTEFACTOS MECANICOS; PARTES DE ESTAS MAQUINAS O APARATOS, REACTORES NUCLEARES";"CALDERAS, MAQUINAS, APARATOS Y ARTEFACTOS MECANICOS; PARTES DE ESTAS MAQUINAS O APARATOS, REACTORES NUCLEARES  MAQUINAS, APARATOS Y ARTEFACTOS DE COSECHAR O\nTRILLAR, INCLUIDAS LAS PRENSAS PARA PAJA O PARA\nFORRAJE; CORTADORAS DE CESPED Y GUADA¿ADORAS;\nMAQUINAS PARA LA LIMPIEZA O LA CLASIFICACION DE\nHUEVOS, FRUTOS O DEMAS PRODUCTOS AGRICOLAS,\nEXCEPTO LAS DE LA PARTIDA 8437.    -Guada¿adoras, incluidas las barras de corte \n para montar sobre un tractor.       Los dem¿s.";"MAQUINAS, APARATOS Y ARTEFACTOS DE COSECHAR O\nTRILLAR, INCLUIDAS LAS PRENSAS PARA PAJA O PARA\nFORRAJE; CORTADORAS DE CESPED Y GUADA¿ADORAS;\nMAQUINAS PARA LA LIMPIEZA O LA CLASIFICACION DE\nHUEVOS, FRUTOS O DEMAS PRODUCTOS AGRICOLAS,\nEXCEPTO LAS DE LA PARTIDA 8437. ";"LOS DEMAS EN:02)UNIDADES TRATOR CORTADOR DE GRAMA 05)UNIDAD CORTADOR CESPED.-";"BRUDDEN";"SIN ACUERDO";0;0;222731;0;4476890;179076;4878697
"26DA000000122696";"IMPORTACION";"IC04";"IMPORTACION A CONSUMO CON DOCUMENTO DE TRANSPORTE";"17/03/2026";"17/03/2026";"2026";"MARZO";"CIUDAD DEL ESTE";6487.88;"CAMION";"V";10;"BR - BRASIL";"BR - BRASIL";"NUEVO";"UNIDAD";2;1;1;11.2;0.6;0.02;11.82;76686.74;0;0;"8467.91.00.000N";"BIENES DE CAPITAL";"CALDERAS, MAQUINAS, APARATOS Y ARTEFACTOS MECANICOS; PARTES DE ESTAS MAQUINAS O APARATOS, REACTORES NUCLEARES";"CALDERAS, MAQUINAS, APARATOS Y ARTEFACTOS MECANICOS; PARTES DE ESTAS MAQUINAS O APARATOS, REACTORES NUCLEARES  HERRAMIENTAS NEUM¿TICAS, HIDR¿ULICAS O CON MOTOR INCORPORADO,INCLUSO EL¿CTRICO, DE USO MANUAL. -Partes.  -Partes.     --De sierras o tronzadoras, de cadena.";"HERRAMIENTAS NEUM¿TICAS, HIDR¿ULICAS O CON MOTOR INCORPORADO,INCLUSO EL¿CTRICO, DE USO MANUAL. -Partes.";"--DE SIERRAS O TRONZADORAS, DE CADENA. EN:02)UNIDADES ESPADA";"BRUDDEN";"SIN ACUERDO";0;0;383;0;7707;308;8398
"26DA000000122696";"IMPORTACION";"IC04";"IMPORTACION A CONSUMO CON DOCUMENTO DE TRANSPORTE";"17/03/2026";"17/03/2026";"2026";"MARZO";"CIUDAD DEL ESTE";6487.88;"CAMION";"V";12;"BR - BRASIL";"BR - BRASIL";"NUEVO";"UNIDAD";112;20;20;91.03;4.94;0.32;96.29;624717.97;0;0;"8424.90.90.000B";"BIENES DE CAPITAL";"CALDERAS, MAQUINAS, APARATOS Y ARTEFACTOS MECANICOS; PARTES DE ESTAS MAQUINAS O APARATOS, REACTORES NUCLEARES";"CALDERAS, MAQUINAS, APARATOS Y ARTEFACTOS MECANICOS; PARTES DE ESTAS MAQUINAS O APARATOS, REACTORES NUCLEARES  APARATOS MECANICOS (INCLUSO MANUALES) PARA \nPROYECTAR, DISPERSAR O PULVERIZAR MATERIAS\nLIQUIDAS O EN POLVO; EXTINTORES, INCLUSO \nCARGADOS; PISTOLAS AEROGRAFICAS Y APARATOS \nSIMILARES; MAQUINAS Y APARATOS DE CHORRO DE \nARENA O DE VAPOR Y APARATOS DE CHORRO SIMILARES.    -Partes.       Las dem¿s.";"APARATOS MECANICOS (INCLUSO MANUALES) PARA \nPROYECTAR, DISPERSAR O PULVERIZAR MATERIAS\nLIQUIDAS O EN POLVO; EXTINTORES, INCLUSO \nCARGADOS; PISTOLAS AEROGRAFICAS Y APARATOS \nSIMILARES; MAQUINAS Y APARATOS DE CHORRO DE \nARENA O DE VAPOR Y APARATOS DE CHORRO SIMILARES. ";"LOS DEMAS EN:110)UNIDADES DETALLADOS EN SUB ITEM.-";"";"SIN ACUERDO";0;0;3124;0;62784;2511;68419
"26DA000000122697";"IMPORTACION";"IM05";"IMPORTACION MENOR S/ DOC DE TRANS. C/ CODIGO DE BARRAS";"17/03/2026";"17/03/2026";"2026";"MARZO";"CIUDAD DEL ESTE";6487.88;"";"V";2;"BR - BRASIL";"BR - BRASIL";"NUEVO";"KILOGRAMO";500;500;500;1225.71;11.45;12.26;1249.42;8106069.33;0;0;"6802.93.90.000T";"MANUFACTURAS DE PIEDRAS, YESO, CEMENTO Y AMIANTO";"CAPITULO 68  MANUFACTURAS DE PIEDRA, YESO, CEMENTO, AMIANTO,  MICA O MATERIAS ANALOGAS.";"CAPITULO 68  MANUFACTURAS DE PIEDRA, YESO, CEMENTO, AMIANTO,  MICA O MATERIAS ANALOGAS.  PIEDRA DE TALLA O  DE CONSTRUCCION TRABAJADA (EXCLUIDA LA PIZARRA) Y SUS MANUFACTURAS, EXCEPTO  LAS DE LA PARTIDA 6801; CUBOS, DADOS Y ARTICULOS SIMILARES PARA MOSAICOS,DE PIEDRA NATURAL (INCLUIDA LA PIZARRA), AUNQUE ESTEN SOBRE SOPORTE; GRANULOS, TASQUILES(FRAGMENTOS) Y POLVO DE PIEDRA NATURAL (INCLUIDA  LA PIZARRA), COLOREADOS ARTIFICIALMENTE. -Las dem¿s:  -Las dem¿s: --Granito.       Los dem¿s.";"PIEDRA DE TALLA O  DE CONSTRUCCION TRABAJADA (EXCLUIDA LA PIZARRA) Y SUS MANUFACTURAS, EXCEPTO  LAS DE LA PARTIDA 6801; CUBOS, DADOS Y ARTICULOS SIMILARES PARA MOSAICOS,DE PIEDRA NATURAL (INCLUIDA LA PIZARRA), AUNQUE ESTEN SOBRE SOPORTE; GRANULOS, TASQUILES(FRAGMENTOS) Y POLVO DE PIEDRA NATURAL (INCLUIDA  LA PIZARRA), COLOREADOS ARTIFICIALMENTE. -Las dem¿s:";"LOS DEMAS EN:108 M2 DE GRANITO EN PRANCHAS.-";"GRANITO";"MERCOSUR";0;0;40530;0;814660;32586;887776
"26DA000000122697";"IMPORTACION";"IM05";"IMPORTACION MENOR S/ DOC DE TRANS. C/ CODIGO DE BARRAS";"17/03/2026";"17/03/2026";"2026";"MARZO";"CIUDAD DEL ESTE";6487.88;"";"V";4;"BR - BRASIL";"BR - BRASIL";"NUEVO";"KILOGRAMO";450;450;450;85.74;0.8;0.86;87.39;566983.55;0;0;"6811.82.00.000F";"MANUFACTURAS DE PIEDRAS, YESO, CEMENTO Y AMIANTO";"CAPITULO 68  MANUFACTURAS DE PIEDRA, YESO, CEMENTO, AMIANTO,  MICA O MATERIAS ANALOGAS.";"CAPITULO 68  MANUFACTURAS DE PIEDRA, YESO, CEMENTO, AMIANTO,  MICA O MATERIAS ANALOGAS.  MANUFACTURAS DE AMIANTO CEMENTO, CELULOSA CEMENTO\nO SIMILARES. - Que no contengan amianto (asbesto):  - Que no contengan amianto (asbesto):     - - Las dem¿s placas, paneles, losetas, tejas y art¿culos similares";"MANUFACTURAS DE AMIANTO CEMENTO, CELULOSA CEMENTO\nO SIMILARES. - Que no contengan amianto (asbesto):";"50 UNIDADES DE TELHA VOGATEX.-";"ETERNIT";"MERCOSUR";0;0;2835;0;56982;2279;62096
"26DA000000122697";"IMPORTACION";"IM05";"IMPORTACION MENOR S/ DOC DE TRANS. C/ CODIGO DE BARRAS";"17/03/2026";"17/03/2026";"2026";"MARZO";"CIUDAD DEL ESTE";6487.88;"";"V";5;"BR - BRASIL";"BR - BRASIL";"NUEVO";"KILOGRAMO";500;500;500;359.33;3.36;3.59;366.28;2376376.44;0;0;"6902.20.10.000L";"PRODUCTOS CERAMICOS";"CAPITULO 69 PRODUCTOS CERAMICOS";"CAPITULO 69 PRODUCTOS CERAMICOS  LADRILLOS, PLACAS, BALDOSAS Y PIEZAS CERAMICAS ANALOGAS PARA CONSTRUCCION, REFRACTARIOS, EXCEPTO\nLOS DE HARINAS SILICEAS FOSILES O DE TIERRAS \nSILICEAS ANALOGAS.    -Con un contenido de al¿mina (Al2O3), de s¿lice (SiO2) o de una mezcla o combinaci¿n de estos productos, superior al 50 % en peso.       Ladrillos silicoaluminosos.";"LADRILLOS, PLACAS, BALDOSAS Y PIEZAS CERAMICAS ANALOGAS PARA CONSTRUCCION, REFRACTARIOS, EXCEPTO\nLOS DE HARINAS SILICEAS FOSILES O DE TIERRAS \nSILICEAS ANALOGAS. ";"1280 UNIDADES DE PLAQUETA REFRATARIO.-";"GABRIELLA";"MERCOSUR";0;0;11882;0;238826;9553;260261
"26DA000000122697";"IMPORTACION";"IM05";"IMPORTACION MENOR S/ DOC DE TRANS. C/ CODIGO DE BARRAS";"17/03/2026";"17/03/2026";"2026";"MARZO";"CIUDAD DEL ESTE";6487.88;"";"V";6;"BR - BRASIL";"BR - BRASIL";"NUEVO";"KILOGRAMO";500;500;500;363.47;3.4;3.64;370.51;2403856.19;0;0;"2522.20.00.000G";"PRODUCTOS MINERALES (CEMENTOS, CAL, SAL Y OTROS)";"CAPITULO 25 SAL; AZUFRE; TIERRAS Y PIEDRAS; YESOS, CALES Y CEMENTOS";"CAPITULO 25 SAL; AZUFRE; TIERRAS Y PIEDRAS; YESOS, CALES Y CEMENTOS  CAL VIVA, CAL APAGADA Y CAL HIDRAULICA, EXCEPTO EL OXIDO Y EL HIDROXIDO DE CALCIO DE LA PARTIDA 2825.        -Cal apagada.";"CAL VIVA, CAL APAGADA Y CAL HIDRAULICA, EXCEPTO EL OXIDO Y EL HIDROXIDO DE CALCIO DE LA PARTIDA 2825. ";"365 BOLSAS DE CAL HIDRATADA.-";"TANCAL";"MERCOSUR";0;0;12019;0;241588;9664;263271
"26DA000000122697";"IMPORTACION";"IM05";"IMPORTACION MENOR S/ DOC DE TRANS. C/ CODIGO DE BARRAS";"17/03/2026";"17/03/2026";"2026";"MARZO";"CIUDAD DEL ESTE";6487.88;"";"V";1;"BR - BRASIL";"BR - BRASIL";"NUEVO";"KILOGRAMO";500;500;500;45.34;0.42;0.45;46.21;299828.26;0;0;"3824.50.00.000P";"PRODUCTOS QUIMICOS";"CAPITULO 38PRODUCTOS DIVERSOS DE LA INDUSTRIA QUIMICA";"CAPITULO 38PRODUCTOS DIVERSOS DE LA INDUSTRIA QUIMICA  PREPARACIONES AGLUTINANTES PARA MOLDES O NUCLEOS DE FUNDICION; PRODUCTOS QUIMICOS Y PREPARACIONES DE LA INDUSTRIA QUIMICA O DE LAS INDUSTRIAS CONEXAS (INCLUIDAS LAS MEZCLAS DE PRODUCTOS NATURALES), NO EXPRESADOS NI COMPRENDIDOS EN OTRA PARTE, PRODUCTOS RESIDUALES DE LA INDUSTRIA QUIMICA O DE LAS INDUSTRIAS CONEXAS, NO EXPRESADOS NI COMPRENDIDOS EN OTRA PARTE.        -Morteros y hormigones, no refractarios.";"PREPARACIONES AGLUTINANTES PARA MOLDES O NUCLEOS DE FUNDICION; PRODUCTOS QUIMICOS Y PREPARACIONES DE LA INDUSTRIA QUIMICA O DE LAS INDUSTRIAS CONEXAS (INCLUIDAS LAS MEZCLAS DE PRODUCTOS NATURALES), NO EXPRESADOS NI COMPRENDIDOS EN OTRA PARTE, PRODUCTOS RESIDUALES DE LA INDUSTRIA QUIMICA O DE LAS INDUSTRIAS CONEXAS, NO EXPRESADOS NI COMPRENDIDOS EN OTRA PARTE. ";"37 BOLSAS DE ARGAMASSA.-";"HIPERMASSA";"MERCOSUR";0;0;1499;0;30133;1205;32837
"26DA000000122697";"IMPORTACION";"IM05";"IMPORTACION MENOR S/ DOC DE TRANS. C/ CODIGO DE BARRAS";"17/03/2026";"17/03/2026";"2026";"MARZO";"CIUDAD DEL ESTE";6487.88;"";"V";3;"BR - BRASIL";"BR - BRASIL";"NUEVO";"METRO CUADRADO";137.76;500;500;356.42;3.33;3.56;363.31;2357104.94;0;0;"6907.22.00.000T";"PRODUCTOS CERAMICOS";"CAPITULO 69 PRODUCTOS CERAMICOS";"CAPITULO 69 PRODUCTOS CERAMICOS  PLACAS Y BALDOSAS, DE CERAMICA, SIN BARNIZAR NI ESMALTAR, PARA PAVIMENTACION O REVESTIMIENTO; CUBOS, DADOS Y ARTICULOS SIMILARES, DE CERAMICA, PARA MOSAICOS, SIN BARNIZAR NI ESMALTAR, INCLUSO CON SOPORTE.        -- Con un coeficiente de absorci¿n de agua superior al 0,5 % pero inferior o igual al 10 %, en peso\r\n";"PLACAS Y BALDOSAS, DE CERAMICA, SIN BARNIZAR NI ESMALTAR, PARA PAVIMENTACION O REVESTIMIENTO; CUBOS, DADOS Y ARTICULOS SIMILARES, DE CERAMICA, PARA MOSAICOS, SIN BARNIZAR NI ESMALTAR, INCLUSO CON SOPORTE. ";"137,76 M2 DE PISO CERAMICO CON 76X76 CM.-";"EMBRAMACO";"MERCOSUR";0;0;11786;0;236889;9476;258151
"26DA000000122698";"IMPORTACION";"IC04";"IMPORTACION A CONSUMO CON DOCUMENTO DE TRANSPORTE";"17/03/2026";"17/03/2026";"2026";"MARZO";"PUERTOS Y ESTIBAJES";6487.88;"ACUATICO";"V";1;"US - ESTADOS UNIDOS DE AMERICA";"US - ESTADOS UNIDOS DE AMERICA";"NUEVO";"KILOGRAMO";27000;27000;27573;22794;2746;100;25640;166349243.2;0;0;"3901.20.29.000V";"PLASTICOS Y SUS MANUFACTURAS";"CAPITULO 39 MATERIAS PLASTICAS Y MANUFACTURAS DE ESTAS  MATERIAS";"CAPITULO 39 MATERIAS PLASTICAS Y MANUFACTURAS DE ESTAS  MATERIAS  POLIMEROS DE ETILENO EN FORMAS PRIMARIAS.    -Polietileno de densidad superior o igual a 0,94.    Sin carga.       Los dem¿s.";"POLIMEROS DE ETILENO EN FORMAS PRIMARIAS. ";"POLIMEROS DE ETILENO EN FORMAS PRIMARIAS EN: 27.000 KILOS POLIETILENO DE ALTA DENSIDAD Y ALTO MOLECULAR ALATHON L5005";"VINMAR";"SIN ACUERDO";0;0;831746;0;16718099;668724;18218569
"26DA000000122699";"IMPORTACION";"IC04";"IMPORTACION A CONSUMO CON DOCUMENTO DE TRANSPORTE";"17/03/2026";"17/03/2026";"2026";"MARZO";"AEROP. PETTIROSSI";6487.88;"AVION";"V";3;"CN - CHINA";"CN - CHINA";"NUEVO";"UNIDAD";124;124;168;4811.2;873.33;48.11;5732.64;37192680;0;0;"8517.79.00.000J";"INFORMATICA Y TELECOMUNICACIONES";"CAPITULO 85  MAQUINAS, APARATOS Y MATERIAL ELECTRICO Y SUS PARTES; APARATOS DE GRABACION O DE REPRODUCCION  DEL SONIDO, APARATOS DE GRABACION O DE REPRODUCCION DE IMAGENES Y DE SONIDOS DE TELEVISION, Y LAS PARTES Y ACCESORIOS DE ESTOSAPARATOS.";"CAPITULO 85  MAQUINAS, APARATOS Y MATERIAL ELECTRICO Y SUS PARTES; APARATOS DE GRABACION O DE REPRODUCCION  DEL SONIDO, APARATOS DE GRABACION O DE REPRODUCCION DE IMAGENES Y DE SONIDOS DE TELEVISION, Y LAS PARTES Y ACCESORIOS DE ESTOSAPARATOS.  TEL¿FONOS, INCLUIDOS LOS TEL¿FONOS CELULARES (M¿VILES)* Y LOS DE OTRAS REDES INAL¿MBRICAS; LOS DEM¿S APARATOS DE TRANSMISI¿N O RECEPCI¿N DE VOZ, IMAGEN U OTROS DATOS, INCLUIDOS LOS DE COMUNICACI¿N EN RED CON O SIN 84.43, 85.25, 85.27 U 85.28 - -\tPartes:  - -\tPartes:     --Las dem¿s";"TEL¿FONOS, INCLUIDOS LOS TEL¿FONOS CELULARES (M¿VILES)* Y LOS DE OTRAS REDES INAL¿MBRICAS; LOS DEM¿S APARATOS DE TRANSMISI¿N O RECEPCI¿N DE VOZ, IMAGEN U OTROS DATOS, INCLUIDOS LOS DE COMUNICACI¿N EN RED CON O SIN 84.43, 85.25, 85.27 U 85.28 - -\tPartes:";"124) UNIDADES DE SFP+ MODULE(850NM,300M,LC)";"H3C";"SIN ACUERDO";743854;381225;185963;0;3850372;154015;5315429
"26DA000000122699";"IMPORTACION";"IC04";"IMPORTACION A CONSUMO CON DOCUMENTO DE TRANSPORTE";"17/03/2026";"17/03/2026";"2026";"MARZO";"AEROP. PETTIROSSI";6487.88;"AVION";"V";4;"CN - CHINA";"CN - CHINA";"NUEVO";"UNIDAD";30;188;255;30011.7;5447.73;300.11;35759.54;232003605;0;0;"8517.62.34.000W";"INFORMATICA Y TELECOMUNICACIONES";"CAPITULO 85  MAQUINAS, APARATOS Y MATERIAL ELECTRICO Y SUS PARTES; APARATOS DE GRABACION O DE REPRODUCCION  DEL SONIDO, APARATOS DE GRABACION O DE REPRODUCCION DE IMAGENES Y DE SONIDOS DE TELEVISION, Y LAS PARTES Y ACCESORIOS DE ESTOSAPARATOS.";"CAPITULO 85  MAQUINAS, APARATOS Y MATERIAL ELECTRICO Y SUS PARTES; APARATOS DE GRABACION O DE REPRODUCCION  DEL SONIDO, APARATOS DE GRABACION O DE REPRODUCCION DE IMAGENES Y DE SONIDOS DE TELEVISION, Y LAS PARTES Y ACCESORIOS DE ESTOSAPARATOS.  TEL¿FONOS, INCLUIDOS LOS TEL¿FONOS CELULARES (M¿VILES)* Y LOS DE OTRAS REDES INAL¿MBRICAS; LOS DEM¿S APARATOS DE TRANSMISI¿N O RECEPCI¿N DE VOZ, IMAGEN U OTROS DATOS, INCLUIDOS LOS DE COMUNICACI¿N EN RED CON O SIN 84.43, 85.25, 85.27 U 85.28 - Los dem¿s aparatos de transmisi¿n o recepci¿n de voz, imagen u otros datos, incluidos los de comunicaci¿n en red con o sin cable (tales como redes locales (LAN) o extendidas (WAN))  - Los dem¿s aparatos de transmisi¿n o recepci¿n de voz, imagen u otros datos, incluidos los de comunicaci¿n en red con o sin cable (tales como redes locales (LAN) o extendidas (WAN)) - - Aparatos para la recepci¿n, conversi¿n y transmisi¿n o regeneraci¿n de voz, imagen u otros datos, incluidos los de conmutaci¿n o encaminamiento (¿switching and routing apparatus¿)   Los dem¿s aparatos de conmutaci¿n   Aparatos para conmutaci¿n de paquetes de datos (¿switches¿)";"TEL¿FONOS, INCLUIDOS LOS TEL¿FONOS CELULARES (M¿VILES)* Y LOS DE OTRAS REDES INAL¿MBRICAS; LOS DEM¿S APARATOS DE TRANSMISI¿N O RECEPCI¿N DE VOZ, IMAGEN U OTROS DATOS, INCLUIDOS LOS DE COMUNICACI¿N EN RED CON O SIN 84.43, 85.25, 85.27 U 85.28 - Los dem¿s aparatos de transmisi¿n o recepci¿n de voz, imagen u otros datos, incluidos los de comunicaci¿n en red con o sin cable (tales como redes locales (LAN) o extendidas (WAN))";"30) UNIDADES DE H3C S5560X-30C-PWR-EI L3 ETHERNET SWITCH WITH 24*10/100/1000BASE-T PORTS,4*10G/1G BASE-X SFP+ PORTS AND 1*SLOT,POE,WITHOUT POWER SUPPLIES";"H3C";"SIN ACUERDO";4640072;2378037;1160018;0;24018173;960727;33157027
"26DA000000122699";"IMPORTACION";"IC04";"IMPORTACION A CONSUMO CON DOCUMENTO DE TRANSPORTE";"17/03/2026";"17/03/2026";"2026";"MARZO";"AEROP. PETTIROSSI";6487.88;"AVION";"V";1;"CN - CHINA";"CN - CHINA";"NUEVO";"UNIDAD";4;0.72;3;1.52;0.27;0.01;1.8;11679;0;0;"8544.20.00.000M";"CAPITULO 85  MAQUINAS, APARATOS Y MATERIAL ELECTRICO Y SUS PARTES; APARATOS DE GRABACION O DE REPROD";"CAPITULO 85  MAQUINAS, APARATOS Y MATERIAL ELECTRICO Y SUS PARTES; APARATOS DE GRABACION O DE REPRODUCCION  DEL SONIDO, APARATOS DE GRABACION O DE REPRODUCCION DE IMAGENES Y DE SONIDOS DE TELEVISION, Y LAS PARTES Y ACCESORIOS DE ESTOSAPARATOS.";"CAPITULO 85  MAQUINAS, APARATOS Y MATERIAL ELECTRICO Y SUS PARTES; APARATOS DE GRABACION O DE REPRODUCCION  DEL SONIDO, APARATOS DE GRABACION O DE REPRODUCCION DE IMAGENES Y DE SONIDOS DE TELEVISION, Y LAS PARTES Y ACCESORIOS DE ESTOSAPARATOS.  HILOS, CABLES (INCLUIDOS LOS COAXIALES) Y DEMAS\nCONDUCTORES AISLADOS PARA ELECTRICIDAD, AUNQUE\nESTEN LAQUEADOS; ANODIZADOS O LLEVEN PIEZAS DE\nCONEXION; CABLES DE FIBRAS OPTICAS CONSTITUIDOS\nPOR FIBRAS ENFUNDADAS INDIVIDUALMENTE, INCLUSO\nPROVISTOS DE CONDUCTORES ELECTRICOS O CON PIEZAS\nDE CONEXION INCORPORADAS.        -Cables y dem¿s conductores el¿ctricos,\n coaxiales.";"HILOS, CABLES (INCLUIDOS LOS COAXIALES) Y DEMAS\nCONDUCTORES AISLADOS PARA ELECTRICIDAD, AUNQUE\nESTEN LAQUEADOS; ANODIZADOS O LLEVEN PIEZAS DE\nCONEXION; CABLES DE FIBRAS OPTICAS CONSTITUIDOS\nPOR FIBRAS ENFUNDADAS INDIVIDUALMENTE, INCLUSO\nPROVISTOS DE CONDUCTORES ELECTRICOS O CON PIEZAS\nDE CONEXION INCORPORADAS. ";"4) UNIDADES DE CORD,2.0M,1.0MM^2,BLACK,C14C(3P)STM 250V10A,227 IEC 53(RVV)&H05VV- F&SJT,C13,CCC/UL/EU/KC AC JUMPER";"H3C";"SIN ACUERDO";701;0;58;0;1244;50;2053
"26DA000000122699";"IMPORTACION";"IC04";"IMPORTACION A CONSUMO CON DOCUMENTO DE TRANSPORTE";"17/03/2026";"17/03/2026";"2026";"MARZO";"AEROP. PETTIROSSI";6487.88;"AVION";"V";5;"CN - CHINA";"CN - CHINA";"NUEVO";"UNIDAD";2;5;9;5405.82;981.29;54.08;6441.19;41789668;0;0;"8517.62.34.000W";"INFORMATICA Y TELECOMUNICACIONES";"CAPITULO 85  MAQUINAS, APARATOS Y MATERIAL ELECTRICO Y SUS PARTES; APARATOS DE GRABACION O DE REPRODUCCION  DEL SONIDO, APARATOS DE GRABACION O DE REPRODUCCION DE IMAGENES Y DE SONIDOS DE TELEVISION, Y LAS PARTES Y ACCESORIOS DE ESTOSAPARATOS.";"CAPITULO 85  MAQUINAS, APARATOS Y MATERIAL ELECTRICO Y SUS PARTES; APARATOS DE GRABACION O DE REPRODUCCION  DEL SONIDO, APARATOS DE GRABACION O DE REPRODUCCION DE IMAGENES Y DE SONIDOS DE TELEVISION, Y LAS PARTES Y ACCESORIOS DE ESTOSAPARATOS.  TEL¿FONOS, INCLUIDOS LOS TEL¿FONOS CELULARES (M¿VILES)* Y LOS DE OTRAS REDES INAL¿MBRICAS; LOS DEM¿S APARATOS DE TRANSMISI¿N O RECEPCI¿N DE VOZ, IMAGEN U OTROS DATOS, INCLUIDOS LOS DE COMUNICACI¿N EN RED CON O SIN 84.43, 85.25, 85.27 U 85.28 - Los dem¿s aparatos de transmisi¿n o recepci¿n de voz, imagen u otros datos, incluidos los de comunicaci¿n en red con o sin cable (tales como redes locales (LAN) o extendidas (WAN))  - Los dem¿s aparatos de transmisi¿n o recepci¿n de voz, imagen u otros datos, incluidos los de comunicaci¿n en red con o sin cable (tales como redes locales (LAN) o extendidas (WAN)) - - Aparatos para la recepci¿n, conversi¿n y transmisi¿n o regeneraci¿n de voz, imagen u otros datos, incluidos los de conmutaci¿n o encaminamiento (¿switching and routing apparatus¿)   Los dem¿s aparatos de conmutaci¿n   Aparatos para conmutaci¿n de paquetes de datos (¿switches¿)";"TEL¿FONOS, INCLUIDOS LOS TEL¿FONOS CELULARES (M¿VILES)* Y LOS DE OTRAS REDES INAL¿MBRICAS; LOS DEM¿S APARATOS DE TRANSMISI¿N O RECEPCI¿N DE VOZ, IMAGEN U OTROS DATOS, INCLUIDOS LOS DE COMUNICACI¿N EN RED CON O SIN 84.43, 85.25, 85.27 U 85.28 - Los dem¿s aparatos de transmisi¿n o recepci¿n de voz, imagen u otros datos, incluidos los de comunicaci¿n en red con o sin cable (tales como redes locales (LAN) o extendidas (WAN))";"2) UNIDADES DE H3C S6530X-48X8C L3 ETHERNET SWITCH WITH 48*SFP+ PORTS,8*QSFP28 PORTS,WITHOUT POWER SUPPLIES";"H3C";"SIN ACUERDO";835793;428344;208948;0;4326275;173051;5972411
"26DA000000122699";"IMPORTACION";"IC04";"IMPORTACION A CONSUMO CON DOCUMENTO DE TRANSPORTE";"17/03/2026";"17/03/2026";"2026";"MARZO";"AEROP. PETTIROSSI";6487.88;"AVION";"V";2;"CN - CHINA";"CN - CHINA";"NUEVO";"UNIDAD";60;0.72;16;442.8;80.37;4.42;527.59;3422940;0;0;"8544.20.00.000M";"CAPITULO 85  MAQUINAS, APARATOS Y MATERIAL ELECTRICO Y SUS PARTES; APARATOS DE GRABACION O DE REPROD";"CAPITULO 85  MAQUINAS, APARATOS Y MATERIAL ELECTRICO Y SUS PARTES; APARATOS DE GRABACION O DE REPRODUCCION  DEL SONIDO, APARATOS DE GRABACION O DE REPRODUCCION DE IMAGENES Y DE SONIDOS DE TELEVISION, Y LAS PARTES Y ACCESORIOS DE ESTOSAPARATOS.";"CAPITULO 85  MAQUINAS, APARATOS Y MATERIAL ELECTRICO Y SUS PARTES; APARATOS DE GRABACION O DE REPRODUCCION  DEL SONIDO, APARATOS DE GRABACION O DE REPRODUCCION DE IMAGENES Y DE SONIDOS DE TELEVISION, Y LAS PARTES Y ACCESORIOS DE ESTOSAPARATOS.  HILOS, CABLES (INCLUIDOS LOS COAXIALES) Y DEMAS\nCONDUCTORES AISLADOS PARA ELECTRICIDAD, AUNQUE\nESTEN LAQUEADOS; ANODIZADOS O LLEVEN PIEZAS DE\nCONEXION; CABLES DE FIBRAS OPTICAS CONSTITUIDOS\nPOR FIBRAS ENFUNDADAS INDIVIDUALMENTE, INCLUSO\nPROVISTOS DE CONDUCTORES ELECTRICOS O CON PIEZAS\nDE CONEXION INCORPORADAS.        -Cables y dem¿s conductores el¿ctricos,\n coaxiales.";"HILOS, CABLES (INCLUIDOS LOS COAXIALES) Y DEMAS\nCONDUCTORES AISLADOS PARA ELECTRICIDAD, AUNQUE\nESTEN LAQUEADOS; ANODIZADOS O LLEVEN PIEZAS DE\nCONEXION; CABLES DE FIBRAS OPTICAS CONSTITUIDOS\nPOR FIBRAS ENFUNDADAS INDIVIDUALMENTE, INCLUSO\nPROVISTOS DE CONDUCTORES ELECTRICOS O CON PIEZAS\nDE CONEXION INCORPORADAS. ";"60) UNIDADES DE CORD,2.0M,3*0.75MM^2,BLACK,C14C(3P) STM250V10A,H05RR- F,C15C(3P)STF250V10A,EU";"H3C";"SIN ACUERDO";205376;0;17115;0;364543;14582;601616
"26DA000000122700";"IMPORTACION";"IC04";"IMPORTACION A CONSUMO CON DOCUMENTO DE TRANSPORTE";"17/03/2026";"17/03/2026";"2026";"MARZO";"PAKSA";6487.88;"CAMION";"V";4;"BR - BRASIL";"BR - BRASIL";"NUEVO";"KILOGRAMO";5625;5625;5975;12768.75;737.53;127.68;13633.96;88455496.4;0;0;"3907.91.00.000D";"PLASTICOS Y SUS MANUFACTURAS";"CAPITULO 39 MATERIAS PLASTICAS Y MANUFACTURAS DE ESTAS  MATERIAS";"CAPITULO 39 MATERIAS PLASTICAS Y MANUFACTURAS DE ESTAS  MATERIAS  POLIACETALES, LOS DEMAS POLIESTERES Y RESINAS\nEPOXI, EN FORMAS PRIMARIAS; POLICARBONATOS,RESINAS ALCIDICAS, POLIESTERES ALILICOS Y DEMAS POLIES-\nTERES, EN FORMAS PRIMARIAS. -Los dem¿s poli¿steres:  -Los dem¿s poli¿steres:     --No saturados.";"POLIACETALES, LOS DEMAS POLIESTERES Y RESINAS\nEPOXI, EN FORMAS PRIMARIAS; POLICARBONATOS,RESINAS ALCIDICAS, POLIESTERES ALILICOS Y DEMAS POLIES-\nTERES, EN FORMAS PRIMARIAS. -Los dem¿s poli¿steres:";"NO SATURADOS, EN: (5.625)KG NETO DE POLYLITE 10228-20.";"POLYNT";"MERCOSUR";0;0;442277;0;8889777;355591;9687645
"26DA000000122700";"IMPORTACION";"IC04";"IMPORTACION A CONSUMO CON DOCUMENTO DE TRANSPORTE";"17/03/2026";"17/03/2026";"2026";"MARZO";"PAKSA";6487.88;"CAMION";"V";5;"BR - BRASIL";"BR - BRASIL";"NUEVO";"KILOGRAMO";16875;16875;18600;31218.75;1803.22;312.18;33334.15;216267965.1;0;0;"3907.91.00.000D";"PLASTICOS Y SUS MANUFACTURAS";"CAPITULO 39 MATERIAS PLASTICAS Y MANUFACTURAS DE ESTAS  MATERIAS";"CAPITULO 39 MATERIAS PLASTICAS Y MANUFACTURAS DE ESTAS  MATERIAS  POLIACETALES, LOS DEMAS POLIESTERES Y RESINAS\nEPOXI, EN FORMAS PRIMARIAS; POLICARBONATOS,RESINAS ALCIDICAS, POLIESTERES ALILICOS Y DEMAS POLIES-\nTERES, EN FORMAS PRIMARIAS. -Los dem¿s poli¿steres:  -Los dem¿s poli¿steres:     --No saturados.";"POLIACETALES, LOS DEMAS POLIESTERES Y RESINAS\nEPOXI, EN FORMAS PRIMARIAS; POLICARBONATOS,RESINAS ALCIDICAS, POLIESTERES ALILICOS Y DEMAS POLIES-\nTERES, EN FORMAS PRIMARIAS. -Los dem¿s poli¿steres:";"NO SATURADOS, EN: (16.875)KG NETO DE POLYLITE 10316-10.";"POLYNT";"MERCOSUR";0;0;1081340;0;21734931;869397;23685668
"26DA000000122700";"IMPORTACION";"IC04";"IMPORTACION A CONSUMO CON DOCUMENTO DE TRANSPORTE";"17/03/2026";"17/03/2026";"2026";"MARZO";"PAKSA";6487.88;"CAMION";"V";6;"BR - BRASIL";"BR - BRASIL";"NUEVO";"KILOGRAMO";400;400;426;2132;123.17;21.35;2276.52;14769788.58;0;0;"3907.91.00.000D";"PLASTICOS Y SUS MANUFACTURAS";"CAPITULO 39 MATERIAS PLASTICAS Y MANUFACTURAS DE ESTAS  MATERIAS";"CAPITULO 39 MATERIAS PLASTICAS Y MANUFACTURAS DE ESTAS  MATERIAS  POLIACETALES, LOS DEMAS POLIESTERES Y RESINAS\nEPOXI, EN FORMAS PRIMARIAS; POLICARBONATOS,RESINAS ALCIDICAS, POLIESTERES ALILICOS Y DEMAS POLIES-\nTERES, EN FORMAS PRIMARIAS. -Los dem¿s poli¿steres:  -Los dem¿s poli¿steres:     --No saturados.";"POLIACETALES, LOS DEMAS POLIESTERES Y RESINAS\nEPOXI, EN FORMAS PRIMARIAS; POLICARBONATOS,RESINAS ALCIDICAS, POLIESTERES ALILICOS Y DEMAS POLIES-\nTERES, EN FORMAS PRIMARIAS. -Los dem¿s poli¿steres:";"NO SATURADOS, EN: (400)KG NETO DE NORPOL NGA 20000-S.";"POLYNT";"MERCOSUR";0;0;73849;0;1484364;59375;1617588
"26DA000000122700";"IMPORTACION";"IC04";"IMPORTACION A CONSUMO CON DOCUMENTO DE TRANSPORTE";"17/03/2026";"17/03/2026";"2026";"MARZO";"PAKSA";6487.88;"CAMION";"V";1;"BR - BRASIL";"BR - BRASIL";"NUEVO";"KILOGRAMO";100;100;105.2;587;33.9;5.86;626.76;4066343.67;0;0;"3206.19.90.000K";"COLORANTES Y PINTURAS";"CAPITULO 32 EXTRACTOS CURTIENTES O TINTOREOS; TANINOS Y SUSDERIVADOS; PIGMENTOS Y DEMAS MATERIAS COLORANTES;  PINTURAS Y BARNICES; MASTIQUES; TINTAS";"CAPITULO 32 EXTRACTOS CURTIENTES O TINTOREOS; TANINOS Y SUSDERIVADOS; PIGMENTOS Y DEMAS MATERIAS COLORANTES;  PINTURAS Y BARNICES; MASTIQUES; TINTAS  LAS DEMAS MATERIAS COLORANTES; PREPARACIONES A\nQUE SE REFIERE LA NOTA 3 DE ESTE CAPITULO, \nEXCEPTO LAS DE LAS PARTIDAS 3203, 3204 O 3205;\nPRODUCTOS INORGANICOS DE LOS UTILIZADOS COMO LUMINOFOROS, AUNQUE SEAN DE CONSTITUCION\nQUIMICA DEFINIDA. -Pigmentos y preparaciones a base de di¿xido de titanio:  -Pigmentos y preparaciones a base de di¿xido de titanio: --Los dem¿s.       Las dem¿s.";"LAS DEMAS MATERIAS COLORANTES; PREPARACIONES A\nQUE SE REFIERE LA NOTA 3 DE ESTE CAPITULO, \nEXCEPTO LAS DE LAS PARTIDAS 3203, 3204 O 3205;\nPRODUCTOS INORGANICOS DE LOS UTILIZADOS COMO LUMINOFOROS, AUNQUE SEAN DE CONSTITUCION\nQUIMICA DEFINIDA. -Pigmentos y preparaciones a base de di¿xido de titanio:";"LAS DEMAS, EN: (100)KG NETO DE CENTERGEL PNR BRANCO 28017.";"POLYNT";"MERCOSUR";0;0;20332;0;408668;16347;445347
"26DA000000122700";"IMPORTACION";"IC04";"IMPORTACION A CONSUMO CON DOCUMENTO DE TRANSPORTE";"17/03/2026";"17/03/2026";"2026";"MARZO";"PAKSA";6487.88;"CAMION";"V";2;"BR - BRASIL";"BR - BRASIL";"NUEVO";"KILOGRAMO";125;125;131.5;678.75;39.2;6.78;724.73;4701961.27;0;0;"3206.49.90.000C";"COLORANTES Y PINTURAS";"CAPITULO 32 EXTRACTOS CURTIENTES O TINTOREOS; TANINOS Y SUSDERIVADOS; PIGMENTOS Y DEMAS MATERIAS COLORANTES;  PINTURAS Y BARNICES; MASTIQUES; TINTAS";"CAPITULO 32 EXTRACTOS CURTIENTES O TINTOREOS; TANINOS Y SUSDERIVADOS; PIGMENTOS Y DEMAS MATERIAS COLORANTES;  PINTURAS Y BARNICES; MASTIQUES; TINTAS  LAS DEMAS MATERIAS COLORANTES; PREPARACIONES A\nQUE SE REFIERE LA NOTA 3 DE ESTE CAPITULO, \nEXCEPTO LAS DE LAS PARTIDAS 3203, 3204 O 3205;\nPRODUCTOS INORGANICOS DE LOS UTILIZADOS COMO LUMINOFOROS, AUNQUE SEAN DE CONSTITUCION\nQUIMICA DEFINIDA. -Las dem¿s materias colorantes y las dem¿s \n preparaciones:  -Las dem¿s materias colorantes y las dem¿s \n preparaciones: - - Las dem¿s          Las dem¿s";"LAS DEMAS MATERIAS COLORANTES; PREPARACIONES A\nQUE SE REFIERE LA NOTA 3 DE ESTE CAPITULO, \nEXCEPTO LAS DE LAS PARTIDAS 3203, 3204 O 3205;\nPRODUCTOS INORGANICOS DE LOS UTILIZADOS COMO LUMINOFOROS, AUNQUE SEAN DE CONSTITUCION\nQUIMICA DEFINIDA. -Las dem¿s materias colorantes y las dem¿s \n preparaciones:";"LAS DEMAS, EN: (125)KG NETO DE CENTERGEL PNR PRETO 28029..";"POLYNT";"MERCOSUR";0;0;23510;0;472547;18902;514959
"26DA000000122700";"IMPORTACION";"IC04";"IMPORTACION A CONSUMO CON DOCUMENTO DE TRANSPORTE";"17/03/2026";"17/03/2026";"2026";"MARZO";"PAKSA";6487.88;"CAMION";"V";3;"BR - BRASIL";"BR - BRASIL";"NUEVO";"KILOGRAMO";220;220;234.3;917.4;52.98;9.17;979.55;6355202.85;0;0;"3907.91.00.000D";"PLASTICOS Y SUS MANUFACTURAS";"CAPITULO 39 MATERIAS PLASTICAS Y MANUFACTURAS DE ESTAS  MATERIAS";"CAPITULO 39 MATERIAS PLASTICAS Y MANUFACTURAS DE ESTAS  MATERIAS  POLIACETALES, LOS DEMAS POLIESTERES Y RESINAS\nEPOXI, EN FORMAS PRIMARIAS; POLICARBONATOS,RESINAS ALCIDICAS, POLIESTERES ALILICOS Y DEMAS POLIES-\nTERES, EN FORMAS PRIMARIAS. -Los dem¿s poli¿steres:  -Los dem¿s poli¿steres:     --No saturados.";"POLIACETALES, LOS DEMAS POLIESTERES Y RESINAS\nEPOXI, EN FORMAS PRIMARIAS; POLICARBONATOS,RESINAS ALCIDICAS, POLIESTERES ALILICOS Y DEMAS POLIES-\nTERES, EN FORMAS PRIMARIAS. -Los dem¿s poli¿steres:";"NO SATURADOS, EN: (220)KG NETO DE NORPOL GD 20000-S.";"POLYNT";"MERCOSUR";0;0;31776;0;638698;25548;696022
"26DA000000122701";"EXPORTACION";"EFC1";"EXPORTACION COMPLEMENTARIA";"13/03/2026";"17/03/2026";"2026";"MARZO";"SANTA HELENA";6457.36;"CAMION";"V";1;"PY - PARAGUAY";"BR - BRASIL";"NUEVO";"KILOGRAMO";1500000;32700;32700;5643.74;1373.4;13.35;7029.78;45393835.09;0;0;"1005.90.10.000N";"CEREALES (TRIGO, ARROZ, MAIZ Y SORGO)";"CAPITULO 10  CEREALES";"CAPITULO 10  CEREALES  MAIZ.    -Los dem¿s.       En grano";"MAIZ. ";"MAIZ PARAGUAYO EN GRANOS A GRANEL";"S-M";"SIN ACUERDO";0;0;0;0;0;0;0
"26DA000000122907";"IMPORTACION";"IC04";"IMPORTACION A CONSUMO CON DOCUMENTO DE TRANSPORTE";"18/03/2026";"18/03/2026";"2026";"MARZO";"CIUDAD DEL ESTE";6468.07;"CAMION";"R";1;"BR - BRASIL";"BR - BRASIL";"NUEVO";"UNIDAD";1;9059;9059;25512;1200;255;26967;174424443.69;0;0;"8716.39.00.000X";"VEHICULOS";"CAPITULO 87 VEHICULOS AUTOMOVILES, TRACTORES, CICLOS Y DEMAS  VEHICULOS TERRESTRES, SUS PARTES Y ACCESORIOS";"CAPITULO 87 VEHICULOS AUTOMOVILES, TRACTORES, CICLOS Y DEMAS  VEHICULOS TERRESTRES, SUS PARTES Y ACCESORIOS  REMOLQUES Y SEMIRREMOLQUES PARA CUALQUIER \nVEHICULO; LOS DEMAS VEHICULOS NO AUTOMOVILES;\nSUS PARTES. -Los dem¿s remolques y semirremolques para el\n transporte de mercanc¿as.  -Los dem¿s remolques y semirremolques para el\n transporte de mercanc¿as.     --Los dem¿s";"REMOLQUES Y SEMIRREMOLQUES PARA CUALQUIER \nVEHICULO; LOS DEMAS VEHICULOS NO AUTOMOVILES;\nSUS PARTES. -Los dem¿s remolques y semirremolques para el\n transporte de mercanc¿as.";"01 UNIDAD DE SEMIRREMOLQUE LONADO MARCA VIDEIRA MODELO 3EAG ANIO DE FABRICACION 2026 ANIO MODELO 2026";"VIDEIRA";"AAP.CE 74";0;0;872122;0;17529657;701186;19102965
"26DA000000122908";"IMPORTACION";"IC04";"IMPORTACION A CONSUMO CON DOCUMENTO DE TRANSPORTE";"12/03/2026";"18/03/2026";"2026";"MARZO";"PTO SEGURO FLUVIAL";6480.18;"ACUATICO";"V";3;"CN - CHINA";"CN - CHINA";"NUEVO";"KILOGRAMO";248660;248660;248660;126729.02;27828.72;854.78;155412.52;1007101104;0;0;"7208.37.00.000Y";"FUNDICION DE HIERRO Y ACERO";"Capitulos 72 METALES COMUNES Y MANUFACTURAS DE ESTOS METALES.";"Capitulos 72 METALES COMUNES Y MANUFACTURAS DE ESTOS METALES.  PRODUCTOS LAMINADOS PLANOS DE HIERRO O DE ACERO\nSIN ALEAR, DE ANCHURA SUPERIOR O IGUAL A 600 mm.,\nLAMINADOS EN CALIENTE, SIN CHAPAR NI REVESTIR. -Los dem¿s, enrollados, simplemente laminados en caliente:  -Los dem¿s, enrollados, simplemente laminados en caliente:     --De espesor superior o igual a 4,75 mm pero inferior o igual a 10 mm";"PRODUCTOS LAMINADOS PLANOS DE HIERRO O DE ACERO\nSIN ALEAR, DE ANCHURA SUPERIOR O IGUAL A 600 mm.,\nLAMINADOS EN CALIENTE, SIN CHAPAR NI REVESTIR. -Los dem¿s, enrollados, simplemente laminados en caliente:";"DE ESPESOR SUPERIOR O IGUAL A 4,75 MM PERO INFERIOR O IGUAL A 10 MM; EN: BOBINA DE ACERO LAMINADO EN CALIENTE";"";"SIN ACUERDO";0;0;5035506;0;101213661;4048546;110297713
"26DA000000122908";"IMPORTACION";"IC04";"IMPORTACION A CONSUMO CON DOCUMENTO DE TRANSPORTE";"12/03/2026";"18/03/2026";"2026";"MARZO";"PTO SEGURO FLUVIAL";6480.18;"ACUATICO";"V";1;"CN - CHINA";"CN - CHINA";"NUEVO";"KILOGRAMO";10150;10150;10150;5313.63;1166.83;35.83;6516.29;42226732;0;0;"7208.39.10.000G";"FUNDICION DE HIERRO Y ACERO";"Capitulos 72 METALES COMUNES Y MANUFACTURAS DE ESTOS METALES.";"Capitulos 72 METALES COMUNES Y MANUFACTURAS DE ESTOS METALES.  PRODUCTOS LAMINADOS PLANOS DE HIERRO O DE ACERO\nSIN ALEAR, DE ANCHURA SUPERIOR O IGUAL A 600 mm.,\nLAMINADOS EN CALIENTE, SIN CHAPAR NI REVESTIR. -Los dem¿s, enrollados, simplemente laminados en caliente:  -Los dem¿s, enrollados, simplemente laminados en caliente: --De espesor inferior a 3 mm       Con un limite de elasticidad superior o igual a 275 MPa";"PRODUCTOS LAMINADOS PLANOS DE HIERRO O DE ACERO\nSIN ALEAR, DE ANCHURA SUPERIOR O IGUAL A 600 mm.,\nLAMINADOS EN CALIENTE, SIN CHAPAR NI REVESTIR. -Los dem¿s, enrollados, simplemente laminados en caliente:";"CON UN LIMITE DE ELASTICIDAD SUPERIOR O IGUAL A 275 MPA; EN: BOBINA DE ACERO LAMINADO EN CALIENTE DE 2,00 MM X 1.200 MM";"STEELFORCE";"SIN ACUERDO";0;0;211134;0;4243787;169751;4624672
"26DA000000122908";"IMPORTACION";"IC04";"IMPORTACION A CONSUMO CON DOCUMENTO DE TRANSPORTE";"12/03/2026";"18/03/2026";"2026";"MARZO";"PTO SEGURO FLUVIAL";6480.18;"ACUATICO";"V";2;"CN - CHINA";"CN - CHINA";"NUEVO";"KILOGRAMO";68820;68820;68820;35073.96;7701.97;236.56;43012.49;278728677;0;0;"7208.38.90.000Y";"FUNDICION DE HIERRO Y ACERO";"Capitulos 72 METALES COMUNES Y MANUFACTURAS DE ESTOS METALES.";"Capitulos 72 METALES COMUNES Y MANUFACTURAS DE ESTOS METALES.  PRODUCTOS LAMINADOS PLANOS DE HIERRO O DE ACERO\nSIN ALEAR, DE ANCHURA SUPERIOR O IGUAL A 600 mm.,\nLAMINADOS EN CALIENTE, SIN CHAPAR NI REVESTIR. -Los dem¿s, enrollados, simplemente laminados en caliente:  -Los dem¿s, enrollados, simplemente laminados en caliente: --De espesor superior o igual a 3 mm pero inferior a 4,75 mm       Los dem¿s";"PRODUCTOS LAMINADOS PLANOS DE HIERRO O DE ACERO\nSIN ALEAR, DE ANCHURA SUPERIOR O IGUAL A 600 mm.,\nLAMINADOS EN CALIENTE, SIN CHAPAR NI REVESTIR. -Los dem¿s, enrollados, simplemente laminados en caliente:";"LOS DEM¿S; EN: BOBINA DE ACERO LAMINADO EN CALIENTE DE 4,00 MM X 1.200 MM";"STEELFORCE";"SIN ACUERDO";0;0;1393643;0;28012232;1120489;30526364
"26DA000000122908";"IMPORTACION";"IC04";"IMPORTACION A CONSUMO CON DOCUMENTO DE TRANSPORTE";"12/03/2026";"18/03/2026";"2026";"MARZO";"PTO SEGURO FLUVIAL";6480.18;"ACUATICO";"V";4;"CN - CHINA";"CN - CHINA";"NUEVO";"KILOGRAMO";34640;34640;34640;17654.2;3876.72;119.08;21650;140295897;0;0;"7208.38.10.000V";"FUNDICION DE HIERRO Y ACERO";"Capitulos 72 METALES COMUNES Y MANUFACTURAS DE ESTOS METALES.";"Capitulos 72 METALES COMUNES Y MANUFACTURAS DE ESTOS METALES.  PRODUCTOS LAMINADOS PLANOS DE HIERRO O DE ACERO\nSIN ALEAR, DE ANCHURA SUPERIOR O IGUAL A 600 mm.,\nLAMINADOS EN CALIENTE, SIN CHAPAR NI REVESTIR. -Los dem¿s, enrollados, simplemente laminados en caliente:  -Los dem¿s, enrollados, simplemente laminados en caliente: --De espesor superior o igual a 3 mm pero inferior a 4,75 mm       Con un limite de elasticidad superior o igual a 355 MPa";"PRODUCTOS LAMINADOS PLANOS DE HIERRO O DE ACERO\nSIN ALEAR, DE ANCHURA SUPERIOR O IGUAL A 600 mm.,\nLAMINADOS EN CALIENTE, SIN CHAPAR NI REVESTIR. -Los dem¿s, enrollados, simplemente laminados en caliente:";"CON UN LIMITE DE ELASTICIDAD SUPERIOR O IGUAL A 355 MPA; EN: BOBINA DE ACERO LAMINADO EN CALIENTE DE 4,50 MM X 1.200 MM";"STEELFORCE";"SIN ACUERDO";0;0;701479;0;14099738;563990;15365207
"26DA000000122909";"IMPORTACION";"IC04";"IMPORTACION A CONSUMO CON DOCUMENTO DE TRANSPORTE";"17/03/2026";"18/03/2026";"2026";"MARZO";"TERPORT";6487.88;"ACUATICO";"R";1;"KR - COREA DEL SUR";"AR - ARGENTINA";"NUEVO";"LITROS";2452813;2026269;2026269;1386116.2;119010.49;169.56;1505296.25;9766181434.45;0;0;"2710.19.21.100N";"COMBUSTIBLES Y DEMAS PRODUCTOS DERIVADOS DEL PETROLEO";"CAPITULO 27 COMBUSTIBLES MINERALES, ACEITES MINERALES  Y PRODUCTOS DE SU DESTILACION; MATERIAS BITUMINOSAS; CERAS MINERALES.";"CAPITULO 27 COMBUSTIBLES MINERALES, ACEITES MINERALES  Y PRODUCTOS DE SU DESTILACION; MATERIAS BITUMINOSAS; CERAS MINERALES.  ACEITES DE PETR¿LEO O DE MINERAL BITUMINOSO, EXCEPTO LOS ACEITES CRUDOS; PREPARACIONES NO EXPRESADAS NI COMPRENDIDAS EN OTRA PARTE, CON UN CONTENIDO DE ACEITES DE PETR¿LEO O DE MINERAL \nBITUMINOSO SUPERIOR O IGUAL AL 70 % EN PESO,  EN LAS QUE ESTOS ACEITES CONSTITUYAN EL ELEMENTO BASE; DESECHOS DE ACEITES. - Aceites de petr¿leo o de mineral bituminoso (excepto los aceites crudos) y preparaciones no expresadas ni comprendidas en otra parte, con un contenido de aceites de petr¿leo o de mineral bituminoso superior o igual al 70 % en peso, en las que estos aceites constituyan el elemento base, excepto las que contengan biodi¿sel  y los desechos de aceites:  - Aceites de petr¿leo o de mineral bituminoso (excepto los aceites crudos) y preparaciones no expresadas ni comprendidas en otra parte, con un contenido de aceites de petr¿leo o de mineral bituminoso superior o igual al 70 % en peso, en las que estos aceites constituyan el elemento base, excepto las que contengan biodi¿sel  y los desechos de aceites: --Los demas    Otros aceites combustibles ---- Gasoleo (\"gas oil\")  Tipo A\r\n";"ACEITES DE PETR¿LEO O DE MINERAL BITUMINOSO, EXCEPTO LOS ACEITES CRUDOS; PREPARACIONES NO EXPRESADAS NI COMPRENDIDAS EN OTRA PARTE, CON UN CONTENIDO DE ACEITES DE PETR¿LEO O DE MINERAL \nBITUMINOSO SUPERIOR O IGUAL AL 70 % EN PESO,  EN LAS QUE ESTOS ACEITES CONSTITUYAN EL ELEMENTO BASE; DESECHOS DE ACEITES. - Aceites de petr¿leo o de mineral bituminoso (excepto los aceites crudos) y preparaciones no expresadas ni comprendidas en otra parte, con un contenido de aceites de petr¿leo o de mineral bituminoso superior o igual al 70 % en peso, en las que estos aceites constituyan el elemento base, excepto las que contengan biodi¿sel  y los desechos de aceites:";"2.452.813) LITROS DE GASOIL TIPO I, A SER COMERCIALIZADO COMO TIPO III";"TRAFIGURA";"SIN ACUERDO";0;1667913821;48830907;0;0;45931705;1762676433
"26DA000000122910";"EXPORTACION";"EC01";"EXPORTACION A CONSUMO";"17/03/2026";"18/03/2026";"2026";"MARZO";"TERPORT - VILLETA";6487.88;"ACUATICO";"V";1;"PY - PARAGUAY";"VN - VIETNAM";"NUEVO";"KILOGRAMO";27220;27220;27250;8438.56;1220;4.54;9663.1;62693033.23;0;0;"2301.10.90.000H";"RESIDUOS Y DESPERDICIOS DE LA INDUSTRIA ALIMENTICIO Y ALIMENTOS PREPARADOS PAR ANIMALES";"CAPITULO 23  RESIDUOS Y DESPERDICIOS DE LAS INDUSTRIAS ALIMENTARIAS; ALIMENTOS PREPARADOS PARA ANIMALES";"CAPITULO 23  RESIDUOS Y DESPERDICIOS DE LAS INDUSTRIAS ALIMENTARIAS; ALIMENTOS PREPARADOS PARA ANIMALES  HARINA, POLVO Y \"PELLETS\", DE CARNE, DESPOJOS,\nPESCADO O DE CRUSTACEOS, MOLUSCOS O DEMAS \nINVERTEBRADOS ACUATICOS, IMPROPIOS PARA LA\nALIMENTACION HUMANA; CHICHARRONES.    -Harina, polvo y \"pellets\", de carne o despojos;\n chicharrones.       Los dem¿s.";"HARINA, POLVO Y \"PELLETS\", DE CARNE, DESPOJOS,\nPESCADO O DE CRUSTACEOS, MOLUSCOS O DEMAS \nINVERTEBRADOS ACUATICOS, IMPROPIOS PARA LA\nALIMENTACION HUMANA; CHICHARRONES. ";"HARINA DE CARNE Y HUESO";"S-M";"SIN ACUERDO";0;0;0;0;0;0;0
"26DA000000122911";"IMPORTACION";"IM04";"IMPORTACION MENOR A CONSUMO CON DOCUMENTO DE TRANSPORTE";"18/03/2026";"18/03/2026";"2026";"MARZO";"AEROP. PETTIROSSI";6468.07;"AVION";"V";5;"CN - CHINA";"BR - BRASIL";"NUEVO";"UNIDAD";5;27;27.5;95;125.23;7.84;228.07;1475173;0;0;"8421.31.00.000K";"REPUESTOS (AUTOPARTE)";"CALDERAS, MAQUINAS, APARATOS Y ARTEFACTOS MECANICOS; PARTES DE ESTAS MAQUINAS O APARATOS, REACTORES NUCLEARES";"CALDERAS, MAQUINAS, APARATOS Y ARTEFACTOS MECANICOS; PARTES DE ESTAS MAQUINAS O APARATOS, REACTORES NUCLEARES  CENTRIFUGADORAS INCLUIDAS LAS SECADORAS \nCENTRIFUGAS; APARATOS PARA FILTRAR O DEPURAR \nLIQUIDOS O GASES. -Aparatos para filtrar o depurar gases.\n  -Aparatos para filtrar o depurar gases.\n   --Filtros de entrada de aire para motores de\nencendido por chispa o por compresi¿n.  Filtros de entrada de aire para motores de encendido por chispa o por compresi¿n.";"CENTRIFUGADORAS INCLUIDAS LAS SECADORAS \nCENTRIFUGAS; APARATOS PARA FILTRAR O DEPURAR \nLIQUIDOS O GASES. -Aparatos para filtrar o depurar gases.\n";"ELEMENTO DO FILTRO DE AR DE ADMISSAO CUJO MODELO AF26434 USADO PARA REMOVER DETRITOS SOLIDOS E IMPUREZAS DO AR DE ADMISSAO DO MOTOR DE IGNICAO POR COMPRESSAO (MOTOR A DIESEL) UTILIZADO NO CAMINHAO GUI";"XCMG";"SIN ACUERDO";73759;0;7376;0;155631;6225;242991
"26DA000000122911";"IMPORTACION";"IM04";"IMPORTACION MENOR A CONSUMO CON DOCUMENTO DE TRANSPORTE";"18/03/2026";"18/03/2026";"2026";"MARZO";"AEROP. PETTIROSSI";6468.07;"AVION";"V";4;"CN - CHINA";"BR - BRASIL";"NUEVO";"UNIDAD";5;23;27.5;40;52.71;3.29;96;620934.72;0;0;"8421.39.90.000U";"BIENES DE CAPITAL";"CALDERAS, MAQUINAS, APARATOS Y ARTEFACTOS MECANICOS; PARTES DE ESTAS MAQUINAS O APARATOS, REACTORES NUCLEARES";"CALDERAS, MAQUINAS, APARATOS Y ARTEFACTOS MECANICOS; PARTES DE ESTAS MAQUINAS O APARATOS, REACTORES NUCLEARES  CENTRIFUGADORAS INCLUIDAS LAS SECADORAS \nCENTRIFUGAS; APARATOS PARA FILTRAR O DEPURAR \nLIQUIDOS O GASES. -Aparatos para filtrar o depurar gases.\n  -Aparatos para filtrar o depurar gases.\n --Los dem¿s.     Los demas     Los dem¿s.";"CENTRIFUGADORAS INCLUIDAS LAS SECADORAS \nCENTRIFUGAS; APARATOS PARA FILTRAR O DEPURAR \nLIQUIDOS O GASES. -Aparatos para filtrar o depurar gases.\n";"FILTRO DE AR, MODELO QUQ2-20¿1.0, PARA REMOVER DETRITOS SOLIDOS E AGUA DO AR ATRAVES DE FILTRO DE PAPEL,USADO PARA FILTRAR O AR DO TANQUE DE OLEO. UTILIZADO NO CAMINH¿O GUINDASTE XCMG";"XCMG";"SIN ACUERDO";0;0;3105;0;62404;2496;68005
"26DA000000122911";"IMPORTACION";"IM04";"IMPORTACION MENOR A CONSUMO CON DOCUMENTO DE TRANSPORTE";"18/03/2026";"18/03/2026";"2026";"MARZO";"AEROP. PETTIROSSI";6468.07;"AVION";"V";2;"CN - CHINA";"BR - BRASIL";"NUEVO";"UNIDAD";10;50;55;200;263.59;16.47;480.06;3105061.68;0;0;"8421.99.99.000X";"BIENES DE CAPITAL";"CALDERAS, MAQUINAS, APARATOS Y ARTEFACTOS MECANICOS; PARTES DE ESTAS MAQUINAS O APARATOS, REACTORES NUCLEARES";"CALDERAS, MAQUINAS, APARATOS Y ARTEFACTOS MECANICOS; PARTES DE ESTAS MAQUINAS O APARATOS, REACTORES NUCLEARES  CENTRIFUGADORAS INCLUIDAS LAS SECADORAS \nCENTRIFUGAS; APARATOS PARA FILTRAR O DEPURAR \nLIQUIDOS O GASES. -Partes.  -Partes. --Las dem¿s.    Las dem¿s       Las dem¿s";"CENTRIFUGADORAS INCLUIDAS LAS SECADORAS \nCENTRIFUGAS; APARATOS PARA FILTRAR O DEPURAR \nLIQUIDOS O GASES. -Partes.";"UNIDADES DE REPUESTOS SEGUN DESCRIPCION EN SUB ITEMS.-";"";"SIN ACUERDO";0;0;15525;0;312059;12482;340066
"26DA000000122911";"IMPORTACION";"IM04";"IMPORTACION MENOR A CONSUMO CON DOCUMENTO DE TRANSPORTE";"18/03/2026";"18/03/2026";"2026";"MARZO";"AEROP. PETTIROSSI";6468.07;"AVION";"V";3;"CN - CHINA";"BR - BRASIL";"NUEVO";"UNIDAD";1;5;5.5;152;200.32;12.52;364.84;2359810.66;0;0;"8421.29.90.000E";"BIENES DE CAPITAL";"CALDERAS, MAQUINAS, APARATOS Y ARTEFACTOS MECANICOS; PARTES DE ESTAS MAQUINAS O APARATOS, REACTORES NUCLEARES";"CALDERAS, MAQUINAS, APARATOS Y ARTEFACTOS MECANICOS; PARTES DE ESTAS MAQUINAS O APARATOS, REACTORES NUCLEARES  CENTRIFUGADORAS INCLUIDAS LAS SECADORAS \nCENTRIFUGAS; APARATOS PARA FILTRAR O DEPURAR \nLIQUIDOS O GASES. -Aparatos para filtrar o depurar l¿quidos.\n  -Aparatos para filtrar o depurar l¿quidos.\n --Los dem¿s.     Los demas     Los demas";"CENTRIFUGADORAS INCLUIDAS LAS SECADORAS \nCENTRIFUGAS; APARATOS PARA FILTRAR O DEPURAR \nLIQUIDOS O GASES. -Aparatos para filtrar o depurar l¿quidos.\n";"FILTRO DE RETORNO DE OLEO MODELO RFA- 630¿20F-Y USADO PARA REMOCAO DE IMPUREZAS DO OLEO DO SISTEMA UTILIZADO NO CAMINHAO GUINDASTE XCMG";"XCMG";"SIN ACUERDO";0;0;11799;0;237161;9486;258446
"26DA000000122911";"IMPORTACION";"IM04";"IMPORTACION MENOR A CONSUMO CON DOCUMENTO DE TRANSPORTE";"18/03/2026";"18/03/2026";"2026";"MARZO";"AEROP. PETTIROSSI";6468.07;"AVION";"V";1;"CN - CHINA";"BR - BRASIL";"NUEVO";"UNIDAD";5;27;27.5;120;158.15;9.88;288.03;1862998;0;0;"8421.23.00.000V";"REPUESTOS (AUTOPARTE)";"CALDERAS, MAQUINAS, APARATOS Y ARTEFACTOS MECANICOS; PARTES DE ESTAS MAQUINAS O APARATOS, REACTORES NUCLEARES";"CALDERAS, MAQUINAS, APARATOS Y ARTEFACTOS MECANICOS; PARTES DE ESTAS MAQUINAS O APARATOS, REACTORES NUCLEARES  CENTRIFUGADORAS INCLUIDAS LAS SECADORAS \nCENTRIFUGAS; APARATOS PARA FILTRAR O DEPURAR \nLIQUIDOS O GASES. -Aparatos para filtrar o depurar l¿quidos.\n  -Aparatos para filtrar o depurar l¿quidos.\n   --Para filtrar lubricantes o carburantes en los\nmotores de encendido por chispa o compresi¿n.  Para filtrar lubricantes o carburantes en los motores de encendido por chispa o compresi¿n";"CENTRIFUGADORAS INCLUIDAS LAS SECADORAS \nCENTRIFUGAS; APARATOS PARA FILTRAR O DEPURAR \nLIQUIDOS O GASES. -Aparatos para filtrar o depurar l¿quidos.\n";"FILTRO SEPARADOR OLEO-AGUA,DE MODELO 1000424916, A FUNCAO E SEPARAR ¿GUA DO DIESEL(OLEO MINERAL) DO COMBUSTIVEL QUE ALIMENTA O MOTOR POR COMPRESSAO UTILIZADO EM MAQUINAS AUTOPROPULSADAS";"XCMG";"SIN ACUERDO";93150;0;9315;0;196546;7862;306873
"26DA000000122912";"IMPORTACION";"IC04";"IMPORTACION A CONSUMO CON DOCUMENTO DE TRANSPORTE";"05/03/2026";"18/03/2026";"2026";"MARZO";"JOSE FALCON";6547.99;"CAMION";"R";2;"JP - JAPON";"CL - CHILE";"USADO";"UNIDAD";7;5010;5010;4179;345;42;4566;29898122.34;0;0;"8704.21.90.000T";"VEHICULOS";"CAPITULO 87 VEHICULOS AUTOMOVILES, TRACTORES, CICLOS Y DEMAS  VEHICULOS TERRESTRES, SUS PARTES Y ACCESORIOS";"CAPITULO 87 VEHICULOS AUTOMOVILES, TRACTORES, CICLOS Y DEMAS  VEHICULOS TERRESTRES, SUS PARTES Y ACCESORIOS  VEHICULOS AUTOMOVILES PARA EL TRANSPORTE DE \nMERCANCIAS. - Los dem¿s con motor de ¿mbolo (pist¿n), de encendido por compresi¿n (Di¿sel o semi Di¿sel):  - Los dem¿s con motor de ¿mbolo (pist¿n), de encendido por compresi¿n (Di¿sel o semi Di¿sel): --De peso total con carga m¿xima inferior o igual\n  a 5 t.  --- Los dem¿s  Los dem?s";"VEHICULOS AUTOMOVILES PARA EL TRANSPORTE DE \nMERCANCIAS. - Los dem¿s con motor de ¿mbolo (pist¿n), de encendido por compresi¿n (Di¿sel o semi Di¿sel):";"UN CAMION USADO MARCA HINO MODELO DUTRO AO 2.007.-";"HINO";"SIN ACUERDO";4484718;0;149491;0;3453233;138129;8225571
"26DA000000122912";"IMPORTACION";"IC04";"IMPORTACION A CONSUMO CON DOCUMENTO DE TRANSPORTE";"05/03/2026";"18/03/2026";"2026";"MARZO";"JOSE FALCON";6547.99;"CAMION";"R";1;"JP - JAPON";"CL - CHILE";"USADO";"UNIDAD";7;1220;1220;5393;345;54;5792;37925958.08;0;0;"8703.22.10.900G";"VEHICULOS";"CAPITULO 87 VEHICULOS AUTOMOVILES, TRACTORES, CICLOS Y DEMAS  VEHICULOS TERRESTRES, SUS PARTES Y ACCESORIOS";"CAPITULO 87 VEHICULOS AUTOMOVILES, TRACTORES, CICLOS Y DEMAS  VEHICULOS TERRESTRES, SUS PARTES Y ACCESORIOS  AUTOMOVILES PARA TURISMO Y DEMAS VEHICULOS AUTOMOVILES CONCEBIDOS PRINCIPALMENTE PARA EL TRANSPORTE DE PERSONAS (EXCEPTO LOS DE LA PARTIDA 87.02), INCLUIDOS LOS DEL TIPO FAMILIAR (\"BREAK\" O \"STATION WAGON\") Y LOS DE CARRERAS. -Los dem¿s veh¿culos con motor de ¿mbolo (pist¿n)\n alternativo, de encendido por chispa:\n  -Los dem¿s veh¿culos con motor de ¿mbolo (pist¿n)\n alternativo, de encendido por chispa:\n --De cilindrada superior a 1.000 cm3. pero\n  inferior o igual a 1.500 cm3.     Con capacidad para el transporte de personas sentadas inferior o igual a 6, incluido el conductor        Los dem¿s";"AUTOMOVILES PARA TURISMO Y DEMAS VEHICULOS AUTOMOVILES CONCEBIDOS PRINCIPALMENTE PARA EL TRANSPORTE DE PERSONAS (EXCEPTO LOS DE LA PARTIDA 87.02), INCLUIDOS LOS DEL TIPO FAMILIAR (\"BREAK\" O \"STATION WAGON\") Y LOS DE CARRERAS. -Los dem¿s veh¿culos con motor de ¿mbolo (pist¿n)\n alternativo, de encendido por chispa:\n";"UN AUTOMOVIL USADO MARCA TOYOTA MODELO AURIS AO 2.016.-";"TOYOTA";"SIN ACUERDO";7585192;0;189630;0;4570078;182803;12527703
"26DA000000122913";"IMPORTACION";"IC04";"IMPORTACION A CONSUMO CON DOCUMENTO DE TRANSPORTE";"18/03/2026";"18/03/2026";"2026";"MARZO";"CAACUPEMI";6468.07;"CAMION";"V";2;"BR - BRASIL";"BR - BRASIL";"NUEVO";"UNIDAD";30;5897;5897;23340;1422.71;27.29;24790;160343455.3;0;0;"4011.70.90.000L";"REPUESTOS (AUTOPARTE)";"CAPITULO 40CAUCHO Y MANUFACTURAS DE CAUCHO.";"CAPITULO 40CAUCHO Y MANUFACTURAS DE CAUCHO.  NEUMATICOS (LLANTAS NEUMATICAS) NUEVOS DE CAUCHO.    - De los tipos utilizados en veh¿culos y m¿quinas agr¿colas o forestales  --- Los dem¿s  Los dem¿s";"NEUMATICOS (LLANTAS NEUMATICAS) NUEVOS DE CAUCHO. ";"NEUMATICOS (LLANTAS NEUMATICAS) NUEVOS DE CAUCHO, LOS DEM¿S, DE LOS TIPOS UTILIZADOS EN VEHICULOS Y MAQUINAS AGRICOLAS O FORESTALES, LOS DEMAS, EN: 30 UNIDADES DE 28.1 - 26TL 14R-1 MB39 - BR";"PIRELLI";"AAP.CE 74";0;0;801717;0;16114517;644581;17560815
"26DA000000122913";"IMPORTACION";"IC04";"IMPORTACION A CONSUMO CON DOCUMENTO DE TRANSPORTE";"18/03/2026";"18/03/2026";"2026";"MARZO";"CAACUPEMI";6468.07;"CAMION";"V";3;"BR - BRASIL";"BR - BRASIL";"NUEVO";"UNIDAD";8;123;123;790.24;48.18;0.93;839.35;5428974.55;0;0;"4011.80.90.000A";"REPUESTOS (AUTOPARTE)";"CAPITULO 40CAUCHO Y MANUFACTURAS DE CAUCHO.";"CAPITULO 40CAUCHO Y MANUFACTURAS DE CAUCHO.  NEUMATICOS (LLANTAS NEUMATICAS) NUEVOS DE CAUCHO.    - De los tipos utilizados en veh¿culos y m¿quinas para la construcci¿n, miner¿a o mantenimiento industrial  --- Los dem¿s  Los dem¿s";"NEUMATICOS (LLANTAS NEUMATICAS) NUEVOS DE CAUCHO. ";"NEUMATICOS (LLANTAS NEUMATICAS) NUEVOS DE CAUCHO, LOS DEM¿S, DE LOS TIPOS UTILIZADOS EN VEH¿CULOS Y M¿QUINAS PARA LA CONSTRUCCI¿N O MANTENIMIENTO INDUSTRIAL, EN: 8 UNIDADES DE 6.50 - 10TT 10 CI84 - BR";"PIRELLI";"AAP.CE 74";0;0;27145;0;545612;21824;594581
"26DA000000122913";"IMPORTACION";"IC04";"IMPORTACION A CONSUMO CON DOCUMENTO DE TRANSPORTE";"18/03/2026";"18/03/2026";"2026";"MARZO";"CAACUPEMI";6468.07;"CAMION";"V";1;"BR - BRASIL";"BR - BRASIL";"NUEVO";"UNIDAD";186;8321;8321;35722.8;2177.51;41.77;37942.08;245412029.39;0;0;"4011.20.90.000Q";"REPUESTOS (AUTOPARTE)";"CAPITULO 40CAUCHO Y MANUFACTURAS DE CAUCHO.";"CAPITULO 40CAUCHO Y MANUFACTURAS DE CAUCHO.  NEUMATICOS (LLANTAS NEUMATICAS) NUEVOS DE CAUCHO.    -De los tipos utilizados en autobuses o en \n camiones.     Los demas     Los dem¿s.";"NEUMATICOS (LLANTAS NEUMATICAS) NUEVOS DE CAUCHO. ";"NEUMATICOS (LLANTAS NEUMATICAS) NUEVOS DE CAUCHO, DE LOS TIPOS UTILIZADOS EN AUTOBUSES O EN  CAMIONES. LOS DEMAS, EN:";"";"AAP.CE 74";0;0;1227060;0;24663909;986556;26877525
"26DA000000122914";"IMPORTACION";"IC04";"IMPORTACION A CONSUMO CON DOCUMENTO DE TRANSPORTE";"10/03/2026";"18/03/2026";"2026";"MARZO";"JOSE FALCON";6495.22;"CAMION";"N";2;"AR - ARGENTINA";"AR - ARGENTINA";"NUEVO";"KILOGRAMO";5916;5916;6516;3011.64;1089.74;30.12;4131.5;26835001.43;0;0;"3214.90.00.000L";"COLORANTES Y PINTURAS";"CAPITULO 32 EXTRACTOS CURTIENTES O TINTOREOS; TANINOS Y SUSDERIVADOS; PIGMENTOS Y DEMAS MATERIAS COLORANTES;  PINTURAS Y BARNICES; MASTIQUES; TINTAS";"CAPITULO 32 EXTRACTOS CURTIENTES O TINTOREOS; TANINOS Y SUSDERIVADOS; PIGMENTOS Y DEMAS MATERIAS COLORANTES;  PINTURAS Y BARNICES; MASTIQUES; TINTAS  MASILLA, CEMENTOS DE RESINA Y DEMAS MASTIQUES;\nPLASTES (ENDUIDOS) UTILIZADOS EN PINTURA; PLASTES (ENDUIDOS) NO REFRACTARIOS DE LOS TIPOS UTILIZADOS EN ALBA¿ILERIA.        -Los dem¿s.";"MASILLA, CEMENTOS DE RESINA Y DEMAS MASTIQUES;\nPLASTES (ENDUIDOS) UTILIZADOS EN PINTURA; PLASTES (ENDUIDOS) NO REFRACTARIOS DE LOS TIPOS UTILIZADOS EN ALBA¿ILERIA. ";"LOS DEM¿S - MASILLA, CEMENTOS DE RESINA Y DEM¿S M¿STIQUES; PLASTES (ENDUIDOS) UTILIZADOS EN PINTURA; PLASTES (ENDUIDOS) NO REFRACTARIOS DE LOS TIPOS UTILIZADOS EN ALBA¿ILER¿A, DETALLADAS EN SUB ITEM:";"";"MERCOSUR";0;0;134175;0;2696918;107877;2938970
"26DA000000122914";"IMPORTACION";"IC04";"IMPORTACION A CONSUMO CON DOCUMENTO DE TRANSPORTE";"10/03/2026";"18/03/2026";"2026";"MARZO";"JOSE FALCON";6495.22;"CAMION";"N";1;"AR - ARGENTINA";"AR - ARGENTINA";"NUEVO";"KILOGRAMO";152521.02;152521.02;155521.02;31018.8;11223.9;310.18;42552.88;276390317.23;0;0;"6809.11.00.000X";"MANUFACTURAS DE PIEDRAS, YESO, CEMENTO Y AMIANTO";"CAPITULO 68  MANUFACTURAS DE PIEDRA, YESO, CEMENTO, AMIANTO,  MICA O MATERIAS ANALOGAS.";"CAPITULO 68  MANUFACTURAS DE PIEDRA, YESO, CEMENTO, AMIANTO,  MICA O MATERIAS ANALOGAS.  MANUFACTURAS DE YESO FRAGUABLE O DE PREPARACIONES A BASE DE YESO FRAGUABLE. -Planchas, hojas, paneles, losetas y art¿culos\n similares, sin adornos:  -Planchas, hojas, paneles, losetas y art¿culos\n similares, sin adornos:     --Revestidos o reforzados exclusivamente con\n  papel o cart¿n.";"MANUFACTURAS DE YESO FRAGUABLE O DE PREPARACIONES A BASE DE YESO FRAGUABLE. -Planchas, hojas, paneles, losetas y art¿culos\n similares, sin adornos:";"REVESTIDOS O REFORZADOS EXCLUSIVAMENTE CON PAPEL O CART¿N - PLACAS, HOJAS, PANELES, LOSETAS Y ART¿CULOS SIMILARES, SIN ADORNOS , DETALLADOS EN SUB ITEM:";"";"MERCOSUR";0;0;1381952;0;27777227;1111089;30270268
"26DA000000122915";"IMPORTACION";"IFC1";"IMPORTACION DE FRACCIONES COMPLEMENTARIAS";"18/03/2026";"18/03/2026";"2026";"MARZO";"JOSE FALCON";6468.07;"CAMION";"R";2;"AR - ARGENTINA";"AR - ARGENTINA";"NUEVO";"KILOGRAMO";123.429;384;384;3011.64;38.92;1.08;148.17;958392.92;0;0;"3214.90.00.000L";"COLORANTES Y PINTURAS";"CAPITULO 32 EXTRACTOS CURTIENTES O TINTOREOS; TANINOS Y SUSDERIVADOS; PIGMENTOS Y DEMAS MATERIAS COLORANTES;  PINTURAS Y BARNICES; MASTIQUES; TINTAS";"CAPITULO 32 EXTRACTOS CURTIENTES O TINTOREOS; TANINOS Y SUSDERIVADOS; PIGMENTOS Y DEMAS MATERIAS COLORANTES;  PINTURAS Y BARNICES; MASTIQUES; TINTAS  MASILLA, CEMENTOS DE RESINA Y DEMAS MASTIQUES;\nPLASTES (ENDUIDOS) UTILIZADOS EN PINTURA; PLASTES (ENDUIDOS) NO REFRACTARIOS DE LOS TIPOS UTILIZADOS EN ALBA¿ILERIA.        -Los dem¿s.";"MASILLA, CEMENTOS DE RESINA Y DEMAS MASTIQUES;\nPLASTES (ENDUIDOS) UTILIZADOS EN PINTURA; PLASTES (ENDUIDOS) NO REFRACTARIOS DE LOS TIPOS UTILIZADOS EN ALBA¿ILERIA. ";"LOS DEM¿S - MASILLA, CEMENTOS DE RESINA Y DEM¿S M¿STIQUES; PLASTES (ENDUIDOS) UTILIZADOS EN PINTURA; PLASTES (ENDUIDOS) NO REFRACTARIOS DE LOS TIPOS UTILIZADOS EN ALBA¿ILER¿A, DETALLADAS EN SUB ITEM:";"";"MERCOSUR";0;0;0;0;0;0;0
"26DA000000122915";"IMPORTACION";"IFC1";"IMPORTACION DE FRACCIONES COMPLEMENTARIAS";"18/03/2026";"18/03/2026";"2026";"MARZO";"JOSE FALCON";6468.07;"CAMION";"R";1;"AR - ARGENTINA";"AR - ARGENTINA";"NUEVO";"KILOGRAMO";0;26266;26266;31018.8;1436.23;39.69;5468.01;35367481.27;0;0;"6809.11.00.000X";"MANUFACTURAS DE PIEDRAS, YESO, CEMENTO Y AMIANTO";"CAPITULO 68  MANUFACTURAS DE PIEDRA, YESO, CEMENTO, AMIANTO,  MICA O MATERIAS ANALOGAS.";"CAPITULO 68  MANUFACTURAS DE PIEDRA, YESO, CEMENTO, AMIANTO,  MICA O MATERIAS ANALOGAS.  MANUFACTURAS DE YESO FRAGUABLE O DE PREPARACIONES A BASE DE YESO FRAGUABLE. -Planchas, hojas, paneles, losetas y art¿culos\n similares, sin adornos:  -Planchas, hojas, paneles, losetas y art¿culos\n similares, sin adornos:     --Revestidos o reforzados exclusivamente con\n  papel o cart¿n.";"MANUFACTURAS DE YESO FRAGUABLE O DE PREPARACIONES A BASE DE YESO FRAGUABLE. -Planchas, hojas, paneles, losetas y art¿culos\n similares, sin adornos:";"REVESTIDOS O REFORZADOS EXCLUSIVAMENTE CON PAPEL O CART¿N - PLACAS, HOJAS, PANELES, LOSETAS Y ART¿CULOS SIMILARES, SIN ADORNOS , DETALLADOS EN SUB ITEM:";"";"MERCOSUR";0;0;0;0;0;0;0
"26DA000000122916";"IMPORTACION";"IC04";"IMPORTACION A CONSUMO CON DOCUMENTO DE TRANSPORTE";"18/03/2026";"18/03/2026";"2026";"MARZO";"PTO SEGURO FLUVIAL";6468.07;"ACUATICO";"V";1;"CN - CHINA";"CN - CHINA";"NUEVO";"UNIDAD";1594;9463.8;12253.3;74707.94;2900;51.26;78612.2;508469212;953;0;"8708.99.90.000L";"REPUESTOS (AUTOPARTE)";"CAPITULO 87 VEHICULOS AUTOMOVILES, TRACTORES, CICLOS Y DEMAS  VEHICULOS TERRESTRES, SUS PARTES Y ACCESORIOS";"CAPITULO 87 VEHICULOS AUTOMOVILES, TRACTORES, CICLOS Y DEMAS  VEHICULOS TERRESTRES, SUS PARTES Y ACCESORIOS  PARTES Y ACCESORIOS PARA VEHICULOS AUTOMOVILES DE\nLAS PARTIDAS 87.01 A 87.05. -Las dem¿s partes y accesorios:\n  -Las dem¿s partes y accesorios:\n --Los demas       Los demas";"PARTES Y ACCESORIOS PARA VEHICULOS AUTOMOVILES DE\nLAS PARTIDAS 87.01 A 87.05. -Las dem¿s partes y accesorios:\n";"LOS DEMAS EN; UNIDADES (1.594) DE CREMALLERA DIRECCION DETALLADOS EN SUB ITEM";"";"SIN ACUERDO";50846921;0;2542346;0;56185848;2247434;111822549
"26DA000000122917";"IMPORTACION";"IM04";"IMPORTACION MENOR A CONSUMO CON DOCUMENTO DE TRANSPORTE";"18/03/2026";"18/03/2026";"2026";"MARZO";"AEROP. PETTIROSSI";6468.07;"AVION";"V";4;"IT - ITALIA";"IT - ITALIA";"NUEVO";"UNIDAD";50;1.5;2;57.63;30.57;5.06;98.42;636571;4.47;0;"7318.15.00.000Y";"MANUFACTURAS DE FUNDICION DE HIERRO";"CAPITULO 73 MANUFACTURAS DE FUNDICION, DE HIERRO O DE  ACERO.";"CAPITULO 73 MANUFACTURAS DE FUNDICION, DE HIERRO O DE  ACERO.  TORNILLOS, PERNOS, TUERCAS, TIRAFONDOS, \nESCARPIAS ROSCADAS, REMACHES, PASADORES,\nCLAVIJAS, CHAVETAS, ARANDELAS (INCLUIDAS LAS\nARANDELAS DE MUELLE (RESORTE)) Y ARTICULOS\nSIMILARES, DE FUNDICION, HIERRO O ACERO. -Art¿culos roscados:  -Art¿culos roscados:     --Los dem¿s tornillos y pernos, incluso con sus\n  tuercas y arandelas.";"TORNILLOS, PERNOS, TUERCAS, TIRAFONDOS, \nESCARPIAS ROSCADAS, REMACHES, PASADORES,\nCLAVIJAS, CHAVETAS, ARANDELAS (INCLUIDAS LAS\nARANDELAS DE MUELLE (RESORTE)) Y ARTICULOS\nSIMILARES, DE FUNDICION, HIERRO O ACERO. -Art¿culos roscados:";"SCREW VTVBLI MBX12 INOX SCREW (TORNILLO)";"ISAT S.P.A.";"SIN ACUERDO";91666;0;3183;0;73142;2926;170917
"26DA000000122917";"IMPORTACION";"IM04";"IMPORTACION MENOR A CONSUMO CON DOCUMENTO DE TRANSPORTE";"18/03/2026";"18/03/2026";"2026";"MARZO";"AEROP. PETTIROSSI";6468.07;"AVION";"V";1;"IT - ITALIA";"IT - ITALIA";"NUEVO";"UNIDAD";2;47;57;438.21;232.3;38.36;747.94;4837731;33.89;0;"8414.30.11.000A";"CALDERAS, MAQUINAS, APARATOS Y ARTEFACTOS MECANICOS; PARTES DE ESTAS MAQUINAS O APARATOS, REACTORES NUCLEARES";"CALDERAS, MAQUINAS, APARATOS Y ARTEFACTOS MECANICOS; PARTES DE ESTAS MAQUINAS O APARATOS, REACTORES NUCLEARES";"CALDERAS, MAQUINAS, APARATOS Y ARTEFACTOS MECANICOS; PARTES DE ESTAS MAQUINAS O APARATOS, REACTORES NUCLEARES  BOMBAS DE AIRE O DE VACIO, COMPRESORES DE AIRE U OTROS GASES Y VENTILADORES; CAMPANAS ASPIRANTES PARA EXTRACCION O RECICLADO, CON VENTILADOR INCORPORADO, INCLUSO CON FILTRO.    -Compresores de los tipos utilizados en los \n equipos frigor¿ficos.    Motocompresores herm¿ticos.       Con capacidad inferior a 4.700 frigor¿as/hora.";"BOMBAS DE AIRE O DE VACIO, COMPRESORES DE AIRE U OTROS GASES Y VENTILADORES; CAMPANAS ASPIRANTES PARA EXTRACCION O RECICLADO, CON VENTILADOR INCORPORADO, INCLUSO CON FILTRO. ";"452500087000 - COM. C NTX22 13U LBP 220-240/50 CSR NR COMPRESSOR (MOTOCOMPRESORA HERMETICO)";"ISA S.P.A.";"SIN ACUERDO";783712;0;24189;0;564563;22583;1395047
"26DA000000122917";"IMPORTACION";"IM04";"IMPORTACION MENOR A CONSUMO CON DOCUMENTO DE TRANSPORTE";"18/03/2026";"18/03/2026";"2026";"MARZO";"AEROP. PETTIROSSI";6468.07;"AVION";"V";2;"IT - ITALIA";"IT - ITALIA";"NUEVO";"UNIDAD";2;3;3;167.75;88.92;14.69;286.31;1851856.7;12.97;0;"8418.99.00.000Z";"BIENES DE CAPITAL";"CALDERAS, MAQUINAS, APARATOS Y ARTEFACTOS MECANICOS; PARTES DE ESTAS MAQUINAS O APARATOS, REACTORES NUCLEARES";"CALDERAS, MAQUINAS, APARATOS Y ARTEFACTOS MECANICOS; PARTES DE ESTAS MAQUINAS O APARATOS, REACTORES NUCLEARES  REFRIGERADORES, CONGELADORES Y DEMAS MATERIAL, MAQUINAS Y APARATOS PARA LA PRODUCCION DE FRIO, AUNQUE NO SEAN ELECTRICOS; BOMBAS DE CALOR, EXCEPTO LAS MAQUINAS Y APARATOS PARA EL\nACONDICIONAMIENTO DE AIRE DE LA PARTIDA NRO. 84.15. -Partes.  -Partes.     --Las dem¿s.";"REFRIGERADORES, CONGELADORES Y DEMAS MATERIAL, MAQUINAS Y APARATOS PARA LA PRODUCCION DE FRIO, AUNQUE NO SEAN ELECTRICOS; BOMBAS DE CALOR, EXCEPTO LAS MAQUINAS Y APARATOS PARA EL\nACONDICIONAMIENTO DE AIRE DE LA PARTIDA NRO. 84.15. -Partes.";"MCHE 88X280X400 12.7 0.08X16 8.1 4 PL 45B NR (PARTES PARA MAQUINAS SUPERCAPRI VG170 RV TB R290)";"ISA S.P.A.";"SIN ACUERDO";0;0;9259;0;186112;7444;202815
"26DA000000122917";"IMPORTACION";"IM04";"IMPORTACION MENOR A CONSUMO CON DOCUMENTO DE TRANSPORTE";"18/03/2026";"18/03/2026";"2026";"MARZO";"AEROP. PETTIROSSI";6468.07;"AVION";"V";3;"IT - ITALIA";"IT - ITALIA";"NUEVO";"UNIDAD";2;1.5;2;60.48;32.06;5.29;103.21;667586.96;4.67;0;"8421.39.90.000U";"BIENES DE CAPITAL";"CALDERAS, MAQUINAS, APARATOS Y ARTEFACTOS MECANICOS; PARTES DE ESTAS MAQUINAS O APARATOS, REACTORES NUCLEARES";"CALDERAS, MAQUINAS, APARATOS Y ARTEFACTOS MECANICOS; PARTES DE ESTAS MAQUINAS O APARATOS, REACTORES NUCLEARES  CENTRIFUGADORAS INCLUIDAS LAS SECADORAS \nCENTRIFUGAS; APARATOS PARA FILTRAR O DEPURAR \nLIQUIDOS O GASES. -Aparatos para filtrar o depurar gases.\n  -Aparatos para filtrar o depurar gases.\n --Los dem¿s.     Los demas     Los dem¿s.";"CENTRIFUGADORAS INCLUIDAS LAS SECADORAS \nCENTRIFUGAS; APARATOS PARA FILTRAR O DEPURAR \nLIQUIDOS O GASES. -Aparatos para filtrar o depurar gases.\n";"FILTER 2 FLOW STG-805020-901 1/4 UL NR (FILTRO)";"ISA S.P.A.";"SIN ACUERDO";0;0;3338;0;67093;2684;73115
"26DA000000122918";"IMPORTACION";"IM04";"IMPORTACION MENOR A CONSUMO CON DOCUMENTO DE TRANSPORTE";"17/03/2026";"18/03/2026";"2026";"MARZO";"CODESA";6487.88;"AVION";"R";4;"DE - ALEMANIA";"DE - ALEMANIA";"NUEVO";"UNIDAD";2;4.116;8.1;33.04;35.26;0.94;69.25;449261;0;0;"3822.19.90.000R";"PRODUCTOS QUIMICOS";"CAPITULO 38PRODUCTOS DIVERSOS DE LA INDUSTRIA QUIMICA";"CAPITULO 38PRODUCTOS DIVERSOS DE LA INDUSTRIA QUIMICA   - Reactivos de diagn¿stico o de laboratorio sobre cualquier soporte y reactivos de diagn¿stico o de laboratorio preparados, incluso sobre soporte, incluso presentados en kits:  - Reactivos de diagn¿stico o de laboratorio sobre cualquier soporte y reactivos de diagn¿stico o de laboratorio preparados, incluso sobre soporte, incluso presentados en kits: -- Los dem¿s  --- Los dem¿s  Los demas";" - Reactivos de diagn¿stico o de laboratorio sobre cualquier soporte y reactivos de diagn¿stico o de laboratorio preparados, incluso sobre soporte, incluso presentados en kits:";"ISE REFERENCE ELECTROLYTE 300ML";"ROCHE";"SIN ACUERDO";8985;0;2246;0;46049;1842;59122
"26DA000000122918";"IMPORTACION";"IM04";"IMPORTACION MENOR A CONSUMO CON DOCUMENTO DE TRANSPORTE";"17/03/2026";"18/03/2026";"2026";"MARZO";"CODESA";6487.88;"AVION";"R";8;"CH - SUIZA";"DE - ALEMANIA";"NUEVO";"UNIDAD";7;13.58;27.19;419.42;447.65;11.96;879.03;5703031;0;0;"3926.90.40.000D";"PLASTICOS Y SUS MANUFACTURAS";"CAPITULO 39 MATERIAS PLASTICAS Y MANUFACTURAS DE ESTAS  MATERIAS";"CAPITULO 39 MATERIAS PLASTICAS Y MANUFACTURAS DE ESTAS  MATERIAS  LAS DEMAS MANUFACTURAS DE PLASTICO Y MANUFACTURAS\nDE LAS DEMAS MATERIAS DE LAS PARTIDAS 39.01 A 39.14    -Las dem¿s.    Art¿culos de laboratorio o farmacia";"LAS DEMAS MANUFACTURAS DE PLASTICO Y MANUFACTURAS\nDE LAS DEMAS MATERIAS DE LAS PARTIDAS 39.01 A 39.14 ";"ASSAYTIP";"ROCHE";"SIN ACUERDO";923891;0;28515;0;665544;26622;1644572
"26DA000000122918";"IMPORTACION";"IM04";"IMPORTACION MENOR A CONSUMO CON DOCUMENTO DE TRANSPORTE";"17/03/2026";"18/03/2026";"2026";"MARZO";"CODESA";6487.88;"AVION";"R";7;"DE - ALEMANIA";"DE - ALEMANIA";"NUEVO";"KILOGRAMO";8.972;8.972;9.52;23.53;25.11;0.67;49.31;319909;0;0;"3402.50.00.000K";"JABONES Y PREPARACIONES PARA EL LAVADO";"CAPITULO 34 JABONES, AGENTES DE SUPERFICIE ORGANICOS,  PREPARACIONES PARA LAVAR, PREPARACIONESLUBRICANTES, CERAS ARTIFICIALES, CERAS PREPARADAS,PRODUCTOS DE LIMPIEZA, VELAS Y ARTICULOS SIMILARES, PASTAS PARA MODELAR, CERAS PARA ODONTOLOGIA Y PREPARACIONES PARA USO EN  ODONTOLOGIA A BASE DE YESO FRAGUABLE.";"CAPITULO 34 JABONES, AGENTES DE SUPERFICIE ORGANICOS,  PREPARACIONES PARA LAVAR, PREPARACIONESLUBRICANTES, CERAS ARTIFICIALES, CERAS PREPARADAS,PRODUCTOS DE LIMPIEZA, VELAS Y ARTICULOS SIMILARES, PASTAS PARA MODELAR, CERAS PARA ODONTOLOGIA Y PREPARACIONES PARA USO EN  ODONTOLOGIA A BASE DE YESO FRAGUABLE.  AGENTES DE SUPERFICIE ORGANICOS (EXCEPTO EL \nJAB¿N); PREPARACIONES TENSOACTIVAS,\nPREPARACIONES DE LAVAR (INCLUIDAS LAS\nPREPARACIONES AUXILIARES PARA LAVADO) Y \nPREPARACIONES PARA LIMPIEZA, AUNQUE CONTENGAN\nJABON, EXCEPTO LAS DE LA PARTIDA 34.01.      - Preparaciones acondicionadas para la venta al por menor  Preparaciones acondicionadas para la venta al por menor";"AGENTES DE SUPERFICIE ORGANICOS (EXCEPTO EL \nJAB¿N); PREPARACIONES TENSOACTIVAS,\nPREPARACIONES DE LAVAR (INCLUIDAS LAS\nPREPARACIONES AUXILIARES PARA LAVADO) Y \nPREPARACIONES PARA LIMPIEZA, AUNQUE CONTENGAN\nJABON, EXCEPTO LAS DE LA PARTIDA 34.01. ";"PRECLEAN M G2 2X2L ELECSYS E2G";"ROCHE";"SIN ACUERDO";57584;0;1600;0;37909;1516;98609
"26DA000000122918";"IMPORTACION";"IM04";"IMPORTACION MENOR A CONSUMO CON DOCUMENTO DE TRANSPORTE";"17/03/2026";"18/03/2026";"2026";"MARZO";"CODESA";6487.88;"AVION";"R";3;"CH - SUIZA";"DE - ALEMANIA";"NUEVO";"UNIDAD";1;1.94;3.34;59.92;63.95;1.71;125.58;814719;0;0;"3926.90.40.000D";"PLASTICOS Y SUS MANUFACTURAS";"CAPITULO 39 MATERIAS PLASTICAS Y MANUFACTURAS DE ESTAS  MATERIAS";"CAPITULO 39 MATERIAS PLASTICAS Y MANUFACTURAS DE ESTAS  MATERIAS  LAS DEMAS MANUFACTURAS DE PLASTICO Y MANUFACTURAS\nDE LAS DEMAS MATERIAS DE LAS PARTIDAS 39.01 A 39.14    -Las dem¿s.    Art¿culos de laboratorio o farmacia";"LAS DEMAS MANUFACTURAS DE PLASTICO Y MANUFACTURAS\nDE LAS DEMAS MATERIAS DE LAS PARTIDAS 39.01 A 39.14 ";"ASSAYTIP";"ROCHE";"SIN ACUERDO";131984;0;4074;0;95078;3803;234939
"26DA000000122918";"IMPORTACION";"IM04";"IMPORTACION MENOR A CONSUMO CON DOCUMENTO DE TRANSPORTE";"17/03/2026";"18/03/2026";"2026";"MARZO";"CODESA";6487.88;"AVION";"R";6;"DE - ALEMANIA";"DE - ALEMANIA";"NUEVO";"KILOGRAMO";8.972;8.972;9.51;23.53;25.11;0.67;49.31;319909;0;0;"3402.50.00.000K";"JABONES Y PREPARACIONES PARA EL LAVADO";"CAPITULO 34 JABONES, AGENTES DE SUPERFICIE ORGANICOS,  PREPARACIONES PARA LAVAR, PREPARACIONESLUBRICANTES, CERAS ARTIFICIALES, CERAS PREPARADAS,PRODUCTOS DE LIMPIEZA, VELAS Y ARTICULOS SIMILARES, PASTAS PARA MODELAR, CERAS PARA ODONTOLOGIA Y PREPARACIONES PARA USO EN  ODONTOLOGIA A BASE DE YESO FRAGUABLE.";"CAPITULO 34 JABONES, AGENTES DE SUPERFICIE ORGANICOS,  PREPARACIONES PARA LAVAR, PREPARACIONESLUBRICANTES, CERAS ARTIFICIALES, CERAS PREPARADAS,PRODUCTOS DE LIMPIEZA, VELAS Y ARTICULOS SIMILARES, PASTAS PARA MODELAR, CERAS PARA ODONTOLOGIA Y PREPARACIONES PARA USO EN  ODONTOLOGIA A BASE DE YESO FRAGUABLE.  AGENTES DE SUPERFICIE ORGANICOS (EXCEPTO EL \nJAB¿N); PREPARACIONES TENSOACTIVAS,\nPREPARACIONES DE LAVAR (INCLUIDAS LAS\nPREPARACIONES AUXILIARES PARA LAVADO) Y \nPREPARACIONES PARA LIMPIEZA, AUNQUE CONTENGAN\nJABON, EXCEPTO LAS DE LA PARTIDA 34.01.      - Preparaciones acondicionadas para la venta al por menor  Preparaciones acondicionadas para la venta al por menor";"AGENTES DE SUPERFICIE ORGANICOS (EXCEPTO EL \nJAB¿N); PREPARACIONES TENSOACTIVAS,\nPREPARACIONES DE LAVAR (INCLUIDAS LAS\nPREPARACIONES AUXILIARES PARA LAVADO) Y \nPREPARACIONES PARA LIMPIEZA, AUNQUE CONTENGAN\nJABON, EXCEPTO LAS DE LA PARTIDA 34.01. ";"PRECLEAN M G2 2X2L ELECSYS E2G";"ROCHE";"SIN ACUERDO";57584;0;1600;0;37909;1516;98609
"26DA000000122918";"IMPORTACION";"IM04";"IMPORTACION MENOR A CONSUMO CON DOCUMENTO DE TRANSPORTE";"17/03/2026";"18/03/2026";"2026";"MARZO";"CODESA";6487.88;"AVION";"R";5;"DE - ALEMANIA";"DE - ALEMANIA";"NUEVO";"KILOGRAMO";8.972;8.972;9.51;23.53;25.11;0.67;49.31;319909;0;0;"3402.50.00.000K";"JABONES Y PREPARACIONES PARA EL LAVADO";"CAPITULO 34 JABONES, AGENTES DE SUPERFICIE ORGANICOS,  PREPARACIONES PARA LAVAR, PREPARACIONESLUBRICANTES, CERAS ARTIFICIALES, CERAS PREPARADAS,PRODUCTOS DE LIMPIEZA, VELAS Y ARTICULOS SIMILARES, PASTAS PARA MODELAR, CERAS PARA ODONTOLOGIA Y PREPARACIONES PARA USO EN  ODONTOLOGIA A BASE DE YESO FRAGUABLE.";"CAPITULO 34 JABONES, AGENTES DE SUPERFICIE ORGANICOS,  PREPARACIONES PARA LAVAR, PREPARACIONESLUBRICANTES, CERAS ARTIFICIALES, CERAS PREPARADAS,PRODUCTOS DE LIMPIEZA, VELAS Y ARTICULOS SIMILARES, PASTAS PARA MODELAR, CERAS PARA ODONTOLOGIA Y PREPARACIONES PARA USO EN  ODONTOLOGIA A BASE DE YESO FRAGUABLE.  AGENTES DE SUPERFICIE ORGANICOS (EXCEPTO EL \nJAB¿N); PREPARACIONES TENSOACTIVAS,\nPREPARACIONES DE LAVAR (INCLUIDAS LAS\nPREPARACIONES AUXILIARES PARA LAVADO) Y \nPREPARACIONES PARA LIMPIEZA, AUNQUE CONTENGAN\nJABON, EXCEPTO LAS DE LA PARTIDA 34.01.      - Preparaciones acondicionadas para la venta al por menor  Preparaciones acondicionadas para la venta al por menor";"AGENTES DE SUPERFICIE ORGANICOS (EXCEPTO EL \nJAB¿N); PREPARACIONES TENSOACTIVAS,\nPREPARACIONES DE LAVAR (INCLUIDAS LAS\nPREPARACIONES AUXILIARES PARA LAVADO) Y \nPREPARACIONES PARA LIMPIEZA, AUNQUE CONTENGAN\nJABON, EXCEPTO LAS DE LA PARTIDA 34.01. ";"PRECLEAN M G2 2X2L ELECSYS E2G";"ROCHE";"SIN ACUERDO";57584;0;1600;0;37909;1516;98609
"26DA000000122918";"IMPORTACION";"IM04";"IMPORTACION MENOR A CONSUMO CON DOCUMENTO DE TRANSPORTE";"17/03/2026";"18/03/2026";"2026";"MARZO";"CODESA";6487.88;"AVION";"R";1;"DE - ALEMANIA";"DE - ALEMANIA";"NUEVO";"UNIDAD";11;0.748;1.47;59.44;63.44;1.69;124.58;808274;0;0;"3822.19.90.000R";"PRODUCTOS QUIMICOS";"CAPITULO 38PRODUCTOS DIVERSOS DE LA INDUSTRIA QUIMICA";"CAPITULO 38PRODUCTOS DIVERSOS DE LA INDUSTRIA QUIMICA   - Reactivos de diagn¿stico o de laboratorio sobre cualquier soporte y reactivos de diagn¿stico o de laboratorio preparados, incluso sobre soporte, incluso presentados en kits:  - Reactivos de diagn¿stico o de laboratorio sobre cualquier soporte y reactivos de diagn¿stico o de laboratorio preparados, incluso sobre soporte, incluso presentados en kits: -- Los dem¿s  --- Los dem¿s  Los demas";" - Reactivos de diagn¿stico o de laboratorio sobre cualquier soporte y reactivos de diagn¿stico o de laboratorio preparados, incluso sobre soporte, incluso presentados en kits:";"ISE STANDARD HIGH 10X3ML";"ROCHE";"SIN ACUERDO";16165;0;4041;0;82848;3314;106368
"26DA000000122918";"IMPORTACION";"IM04";"IMPORTACION MENOR A CONSUMO CON DOCUMENTO DE TRANSPORTE";"17/03/2026";"18/03/2026";"2026";"MARZO";"CODESA";6487.88;"AVION";"R";2;"DE - ALEMANIA";"DE - ALEMANIA";"NUEVO";"UNIDAD";1;12.5;24.59;472.22;504.01;13.46;989.68;6420941;0;0;"3926.90.40.000D";"PLASTICOS Y SUS MANUFACTURAS";"CAPITULO 39 MATERIAS PLASTICAS Y MANUFACTURAS DE ESTAS  MATERIAS";"CAPITULO 39 MATERIAS PLASTICAS Y MANUFACTURAS DE ESTAS  MATERIAS  LAS DEMAS MANUFACTURAS DE PLASTICO Y MANUFACTURAS\nDE LAS DEMAS MATERIAS DE LAS PARTIDAS 39.01 A 39.14    -Las dem¿s.    Art¿culos de laboratorio o farmacia";"LAS DEMAS MANUFACTURAS DE PLASTICO Y MANUFACTURAS\nDE LAS DEMAS MATERIAS DE LAS PARTIDAS 39.01 A 39.14 ";"TIPS 1000UL, NON-COND PIPETTE TIP W FILT";"ROCHE";"SIN ACUERDO";1040192;0;32105;0;749324;29973;1851594
"26DA000000122919";"IMPORTACION";"IC04";"IMPORTACION A CONSUMO CON DOCUMENTO DE TRANSPORTE";"18/03/2026";"18/03/2026";"2026";"MARZO";"CAMPESTRE S.A.";6468.07;"CAMION";"R";1;"CN - CHINA";"CN - CHINA";"NUEVO";"UNIDAD";991;7534;8375;7925;2451.13;79.25;10455.38;67626130;0;0;"4202.12.10.000H";"PIELES Y CUEROS, Y SUS MANUFACTURAS";"CAPITULO 42 MANUFACTURAS DE CUERO; ARTICULOS  DE GUARNICIONERIA O DE TALABARTERIA;ARTICULOS DE VIAJE, BOLSOS DE MANO (CARTERAS)  Y CONTINENTES SIMILARES; MANUFACTURAS DE TRIPA";"CAPITULO 42 MANUFACTURAS DE CUERO; ARTICULOS  DE GUARNICIONERIA O DE TALABARTERIA;ARTICULOS DE VIAJE, BOLSOS DE MANO (CARTERAS)  Y CONTINENTES SIMILARES; MANUFACTURAS DE TRIPA  BAULES, MALETAS (VALIJAS), MALETINES, INCLUIDOS LOS DE ASEO Y LOS PORTADOCUMENTOS, PORTAFOLIOS (CARTERAS DE MANO),CARTAPACIOS, FUNDAS Y ESTUCHES PARA GAFAS (ANTEOJOS), BINOCULARES, CAMARAS FOTOGRAFICAS O CINEMATOGRAFICAS, INSTRUMENTOS MUSICALES O ARMAS Y CONTINENTES SIMILARES; SACOS DE VIAJE, SACOS (BOLSAS)* AISLANTES PARA ALIMENTOS Y BEBIDAS, BOLSAS DE ASEO, MOCHILAS, BOLSOS DE MANO(CARTERAS), BOLSAS PARA LA COMPRA, BILLETERAS, PORTAMONEDAS, PORTAMAPAS, PETACAS, PITILLERAS Y BOLSAS PARA TABACO, BOLSAS PARA HERRAMIENTAS Y PARA ARTICULOS DE DEPORTE, ESTUCHES PARA FRASCOS Y BOTELLAS, ESTUCHES PARA JOYAS, POLVERAS, ESTUCHES PARA ORFEBRERIA Y CONTINENTES SIMILARES, DE CUERO NATURAL O DE CUERO REGENERADO, HOJAS DE PLASTICO, MATERIA TEXTIL, FIBRA VULCANIZADA O CARTON, O RECUBIERTOS TOTALMENTE O EN SU MAYOR PARTE CON ESTAS MATERIAS O PAPEL. -Ba¿les, maletas (valijas) y maletines, \n incluidos los de aseo y porta documentos,\n portafolios (carteras de mano), cartapacios\n y continentes similares  -Ba¿les, maletas (valijas) y maletines, \n incluidos los de aseo y porta documentos,\n portafolios (carteras de mano), cartapacios\n y continentes similares --Con la superficie exterior de pl¿stico o\n  materia textil.       De pl¿stico.";"BAULES, MALETAS (VALIJAS), MALETINES, INCLUIDOS LOS DE ASEO Y LOS PORTADOCUMENTOS, PORTAFOLIOS (CARTERAS DE MANO),CARTAPACIOS, FUNDAS Y ESTUCHES PARA GAFAS (ANTEOJOS), BINOCULARES, CAMARAS FOTOGRAFICAS O CINEMATOGRAFICAS, INSTRUMENTOS MUSICALES O ARMAS Y CONTINENTES SIMILARES; SACOS DE VIAJE, SACOS (BOLSAS)* AISLANTES PARA ALIMENTOS Y BEBIDAS, BOLSAS DE ASEO, MOCHILAS, BOLSOS DE MANO(CARTERAS), BOLSAS PARA LA COMPRA, BILLETERAS, PORTAMONEDAS, PORTAMAPAS, PETACAS, PITILLERAS Y BOLSAS PARA TABACO, BOLSAS PARA HERRAMIENTAS Y PARA ARTICULOS DE DEPORTE, ESTUCHES PARA FRASCOS Y BOTELLAS, ESTUCHES PARA JOYAS, POLVERAS, ESTUCHES PARA ORFEBRERIA Y CONTINENTES SIMILARES, DE CUERO NATURAL O DE CUERO REGENERADO, HOJAS DE PLASTICO, MATERIA TEXTIL, FIBRA VULCANIZADA O CARTON, O RECUBIERTOS TOTALMENTE O EN SU MAYOR PARTE CON ESTAS MATERIAS O PAPEL. -Ba¿les, maletas (valijas) y maletines, \n incluidos los de aseo y porta documentos,\n portafolios (carteras de mano), cartapacios\n y continentes similares";"LOS DEMS EN 991  UNIDADES DE MALETAS DE PLASTICOS";"SIN MARCA";"SIN ACUERDO";4057568;0;338131;0;7202183;288087;11885969
"26DA000000122919";"IMPORTACION";"IC04";"IMPORTACION A CONSUMO CON DOCUMENTO DE TRANSPORTE";"18/03/2026";"18/03/2026";"2026";"MARZO";"CAMPESTRE S.A.";6468.07;"CAMION";"R";2;"CN - CHINA";"CN - CHINA";"NUEVO";"UNIDAD";4150;6268;9000;6225;1925.33;62.25;8212.58;53119542;0;0;"4202.12.10.000H";"PIELES Y CUEROS, Y SUS MANUFACTURAS";"CAPITULO 42 MANUFACTURAS DE CUERO; ARTICULOS  DE GUARNICIONERIA O DE TALABARTERIA;ARTICULOS DE VIAJE, BOLSOS DE MANO (CARTERAS)  Y CONTINENTES SIMILARES; MANUFACTURAS DE TRIPA";"CAPITULO 42 MANUFACTURAS DE CUERO; ARTICULOS  DE GUARNICIONERIA O DE TALABARTERIA;ARTICULOS DE VIAJE, BOLSOS DE MANO (CARTERAS)  Y CONTINENTES SIMILARES; MANUFACTURAS DE TRIPA  BAULES, MALETAS (VALIJAS), MALETINES, INCLUIDOS LOS DE ASEO Y LOS PORTADOCUMENTOS, PORTAFOLIOS (CARTERAS DE MANO),CARTAPACIOS, FUNDAS Y ESTUCHES PARA GAFAS (ANTEOJOS), BINOCULARES, CAMARAS FOTOGRAFICAS O CINEMATOGRAFICAS, INSTRUMENTOS MUSICALES O ARMAS Y CONTINENTES SIMILARES; SACOS DE VIAJE, SACOS (BOLSAS)* AISLANTES PARA ALIMENTOS Y BEBIDAS, BOLSAS DE ASEO, MOCHILAS, BOLSOS DE MANO(CARTERAS), BOLSAS PARA LA COMPRA, BILLETERAS, PORTAMONEDAS, PORTAMAPAS, PETACAS, PITILLERAS Y BOLSAS PARA TABACO, BOLSAS PARA HERRAMIENTAS Y PARA ARTICULOS DE DEPORTE, ESTUCHES PARA FRASCOS Y BOTELLAS, ESTUCHES PARA JOYAS, POLVERAS, ESTUCHES PARA ORFEBRERIA Y CONTINENTES SIMILARES, DE CUERO NATURAL O DE CUERO REGENERADO, HOJAS DE PLASTICO, MATERIA TEXTIL, FIBRA VULCANIZADA O CARTON, O RECUBIERTOS TOTALMENTE O EN SU MAYOR PARTE CON ESTAS MATERIAS O PAPEL. -Ba¿les, maletas (valijas) y maletines, \n incluidos los de aseo y porta documentos,\n portafolios (carteras de mano), cartapacios\n y continentes similares  -Ba¿les, maletas (valijas) y maletines, \n incluidos los de aseo y porta documentos,\n portafolios (carteras de mano), cartapacios\n y continentes similares --Con la superficie exterior de pl¿stico o\n  materia textil.       De pl¿stico.";"BAULES, MALETAS (VALIJAS), MALETINES, INCLUIDOS LOS DE ASEO Y LOS PORTADOCUMENTOS, PORTAFOLIOS (CARTERAS DE MANO),CARTAPACIOS, FUNDAS Y ESTUCHES PARA GAFAS (ANTEOJOS), BINOCULARES, CAMARAS FOTOGRAFICAS O CINEMATOGRAFICAS, INSTRUMENTOS MUSICALES O ARMAS Y CONTINENTES SIMILARES; SACOS DE VIAJE, SACOS (BOLSAS)* AISLANTES PARA ALIMENTOS Y BEBIDAS, BOLSAS DE ASEO, MOCHILAS, BOLSOS DE MANO(CARTERAS), BOLSAS PARA LA COMPRA, BILLETERAS, PORTAMONEDAS, PORTAMAPAS, PETACAS, PITILLERAS Y BOLSAS PARA TABACO, BOLSAS PARA HERRAMIENTAS Y PARA ARTICULOS DE DEPORTE, ESTUCHES PARA FRASCOS Y BOTELLAS, ESTUCHES PARA JOYAS, POLVERAS, ESTUCHES PARA ORFEBRERIA Y CONTINENTES SIMILARES, DE CUERO NATURAL O DE CUERO REGENERADO, HOJAS DE PLASTICO, MATERIA TEXTIL, FIBRA VULCANIZADA O CARTON, O RECUBIERTOS TOTALMENTE O EN SU MAYOR PARTE CON ESTAS MATERIAS O PAPEL. -Ba¿les, maletas (valijas) y maletines, \n incluidos los de aseo y porta documentos,\n portafolios (carteras de mano), cartapacios\n y continentes similares";"LOS DEMAS EN 4150 UNIDADES DE ACCESORIOS PARA MELETAS  (MANIJAS )";"SIN MARCA";"SIN ACUERDO";3187173;0;265598;565723;707154;0;4725648
"26DA000000122919";"IMPORTACION";"IC04";"IMPORTACION A CONSUMO CON DOCUMENTO DE TRANSPORTE";"18/03/2026";"18/03/2026";"2026";"MARZO";"CAMPESTRE S.A.";6468.07;"CAMION";"R";3;"CN - CHINA";"CN - CHINA";"NUEVO";"UNIDAD";16;153;153;16;4.96;0.16;21.12;136606;0;0;"4202.99.00.000V";"PIELES Y CUEROS, Y SUS MANUFACTURAS";"CAPITULO 42 MANUFACTURAS DE CUERO; ARTICULOS  DE GUARNICIONERIA O DE TALABARTERIA;ARTICULOS DE VIAJE, BOLSOS DE MANO (CARTERAS)  Y CONTINENTES SIMILARES; MANUFACTURAS DE TRIPA";"CAPITULO 42 MANUFACTURAS DE CUERO; ARTICULOS  DE GUARNICIONERIA O DE TALABARTERIA;ARTICULOS DE VIAJE, BOLSOS DE MANO (CARTERAS)  Y CONTINENTES SIMILARES; MANUFACTURAS DE TRIPA  BAULES, MALETAS (VALIJAS), MALETINES, INCLUIDOS LOS DE ASEO Y LOS PORTADOCUMENTOS, PORTAFOLIOS (CARTERAS DE MANO),CARTAPACIOS, FUNDAS Y ESTUCHES PARA GAFAS (ANTEOJOS), BINOCULARES, CAMARAS FOTOGRAFICAS O CINEMATOGRAFICAS, INSTRUMENTOS MUSICALES O ARMAS Y CONTINENTES SIMILARES; SACOS DE VIAJE, SACOS (BOLSAS)* AISLANTES PARA ALIMENTOS Y BEBIDAS, BOLSAS DE ASEO, MOCHILAS, BOLSOS DE MANO(CARTERAS), BOLSAS PARA LA COMPRA, BILLETERAS, PORTAMONEDAS, PORTAMAPAS, PETACAS, PITILLERAS Y BOLSAS PARA TABACO, BOLSAS PARA HERRAMIENTAS Y PARA ARTICULOS DE DEPORTE, ESTUCHES PARA FRASCOS Y BOTELLAS, ESTUCHES PARA JOYAS, POLVERAS, ESTUCHES PARA ORFEBRERIA Y CONTINENTES SIMILARES, DE CUERO NATURAL O DE CUERO REGENERADO, HOJAS DE PLASTICO, MATERIA TEXTIL, FIBRA VULCANIZADA O CARTON, O RECUBIERTOS TOTALMENTE O EN SU MAYOR PARTE CON ESTAS MATERIAS O PAPEL. -Los dem¿s:  -Los dem¿s:     --Los dem¿s.";"BAULES, MALETAS (VALIJAS), MALETINES, INCLUIDOS LOS DE ASEO Y LOS PORTADOCUMENTOS, PORTAFOLIOS (CARTERAS DE MANO),CARTAPACIOS, FUNDAS Y ESTUCHES PARA GAFAS (ANTEOJOS), BINOCULARES, CAMARAS FOTOGRAFICAS O CINEMATOGRAFICAS, INSTRUMENTOS MUSICALES O ARMAS Y CONTINENTES SIMILARES; SACOS DE VIAJE, SACOS (BOLSAS)* AISLANTES PARA ALIMENTOS Y BEBIDAS, BOLSAS DE ASEO, MOCHILAS, BOLSOS DE MANO(CARTERAS), BOLSAS PARA LA COMPRA, BILLETERAS, PORTAMONEDAS, PORTAMAPAS, PETACAS, PITILLERAS Y BOLSAS PARA TABACO, BOLSAS PARA HERRAMIENTAS Y PARA ARTICULOS DE DEPORTE, ESTUCHES PARA FRASCOS Y BOTELLAS, ESTUCHES PARA JOYAS, POLVERAS, ESTUCHES PARA ORFEBRERIA Y CONTINENTES SIMILARES, DE CUERO NATURAL O DE CUERO REGENERADO, HOJAS DE PLASTICO, MATERIA TEXTIL, FIBRA VULCANIZADA O CARTON, O RECUBIERTOS TOTALMENTE O EN SU MAYOR PARTE CON ESTAS MATERIAS O PAPEL. -Los dem¿s:";"LOS DEMAS EN 16 UNIDADES DE ACCESORIOS PARA MALETAS ( RUEDITAS )";"SIN MARCA";"SIN ACUERDO";27321;0;683;0;16461;658;45123
"26DA000000122919";"IMPORTACION";"IC04";"IMPORTACION A CONSUMO CON DOCUMENTO DE TRANSPORTE";"18/03/2026";"18/03/2026";"2026";"MARZO";"CAMPESTRE S.A.";6468.07;"CAMION";"R";4;"CN - CHINA";"CN - CHINA";"NUEVO";"UNIDAD";125;622;625;1000;309.29;10;1319.29;8533260;0;0;"4202.12.20.000T";"PIELES Y CUEROS, Y SUS MANUFACTURAS";"CAPITULO 42 MANUFACTURAS DE CUERO; ARTICULOS  DE GUARNICIONERIA O DE TALABARTERIA;ARTICULOS DE VIAJE, BOLSOS DE MANO (CARTERAS)  Y CONTINENTES SIMILARES; MANUFACTURAS DE TRIPA";"CAPITULO 42 MANUFACTURAS DE CUERO; ARTICULOS  DE GUARNICIONERIA O DE TALABARTERIA;ARTICULOS DE VIAJE, BOLSOS DE MANO (CARTERAS)  Y CONTINENTES SIMILARES; MANUFACTURAS DE TRIPA  BAULES, MALETAS (VALIJAS), MALETINES, INCLUIDOS LOS DE ASEO Y LOS PORTADOCUMENTOS, PORTAFOLIOS (CARTERAS DE MANO),CARTAPACIOS, FUNDAS Y ESTUCHES PARA GAFAS (ANTEOJOS), BINOCULARES, CAMARAS FOTOGRAFICAS O CINEMATOGRAFICAS, INSTRUMENTOS MUSICALES O ARMAS Y CONTINENTES SIMILARES; SACOS DE VIAJE, SACOS (BOLSAS)* AISLANTES PARA ALIMENTOS Y BEBIDAS, BOLSAS DE ASEO, MOCHILAS, BOLSOS DE MANO(CARTERAS), BOLSAS PARA LA COMPRA, BILLETERAS, PORTAMONEDAS, PORTAMAPAS, PETACAS, PITILLERAS Y BOLSAS PARA TABACO, BOLSAS PARA HERRAMIENTAS Y PARA ARTICULOS DE DEPORTE, ESTUCHES PARA FRASCOS Y BOTELLAS, ESTUCHES PARA JOYAS, POLVERAS, ESTUCHES PARA ORFEBRERIA Y CONTINENTES SIMILARES, DE CUERO NATURAL O DE CUERO REGENERADO, HOJAS DE PLASTICO, MATERIA TEXTIL, FIBRA VULCANIZADA O CARTON, O RECUBIERTOS TOTALMENTE O EN SU MAYOR PARTE CON ESTAS MATERIAS O PAPEL. -Ba¿les, maletas (valijas) y maletines, \n incluidos los de aseo y porta documentos,\n portafolios (carteras de mano), cartapacios\n y continentes similares  -Ba¿les, maletas (valijas) y maletines, \n incluidos los de aseo y porta documentos,\n portafolios (carteras de mano), cartapacios\n y continentes similares --Con la superficie exterior de pl¿stico o\n  materia textil.       De materia textil.";"BAULES, MALETAS (VALIJAS), MALETINES, INCLUIDOS LOS DE ASEO Y LOS PORTADOCUMENTOS, PORTAFOLIOS (CARTERAS DE MANO),CARTAPACIOS, FUNDAS Y ESTUCHES PARA GAFAS (ANTEOJOS), BINOCULARES, CAMARAS FOTOGRAFICAS O CINEMATOGRAFICAS, INSTRUMENTOS MUSICALES O ARMAS Y CONTINENTES SIMILARES; SACOS DE VIAJE, SACOS (BOLSAS)* AISLANTES PARA ALIMENTOS Y BEBIDAS, BOLSAS DE ASEO, MOCHILAS, BOLSOS DE MANO(CARTERAS), BOLSAS PARA LA COMPRA, BILLETERAS, PORTAMONEDAS, PORTAMAPAS, PETACAS, PITILLERAS Y BOLSAS PARA TABACO, BOLSAS PARA HERRAMIENTAS Y PARA ARTICULOS DE DEPORTE, ESTUCHES PARA FRASCOS Y BOTELLAS, ESTUCHES PARA JOYAS, POLVERAS, ESTUCHES PARA ORFEBRERIA Y CONTINENTES SIMILARES, DE CUERO NATURAL O DE CUERO REGENERADO, HOJAS DE PLASTICO, MATERIA TEXTIL, FIBRA VULCANIZADA O CARTON, O RECUBIERTOS TOTALMENTE O EN SU MAYOR PARTE CON ESTAS MATERIAS O PAPEL. -Ba¿les, maletas (valijas) y maletines, \n incluidos los de aseo y porta documentos,\n portafolios (carteras de mano), cartapacios\n y continentes similares";"125 UNIDADES DE MALESTAS DE PLASTICOS";"SIN MARCA";"SIN ACUERDO";511996;0;42666;0;908792;36352;1499806
"26DA000000122919";"IMPORTACION";"IC04";"IMPORTACION A CONSUMO CON DOCUMENTO DE TRANSPORTE";"18/03/2026";"18/03/2026";"2026";"MARZO";"CAMPESTRE S.A.";6468.07;"CAMION";"R";5;"CN - CHINA";"CN - CHINA";"NUEVO";"UNIDAD";666;583;807;1000;309.29;10;1319.29;8533260;0;0;"4202.99.00.000V";"PIELES Y CUEROS, Y SUS MANUFACTURAS";"CAPITULO 42 MANUFACTURAS DE CUERO; ARTICULOS  DE GUARNICIONERIA O DE TALABARTERIA;ARTICULOS DE VIAJE, BOLSOS DE MANO (CARTERAS)  Y CONTINENTES SIMILARES; MANUFACTURAS DE TRIPA";"CAPITULO 42 MANUFACTURAS DE CUERO; ARTICULOS  DE GUARNICIONERIA O DE TALABARTERIA;ARTICULOS DE VIAJE, BOLSOS DE MANO (CARTERAS)  Y CONTINENTES SIMILARES; MANUFACTURAS DE TRIPA  BAULES, MALETAS (VALIJAS), MALETINES, INCLUIDOS LOS DE ASEO Y LOS PORTADOCUMENTOS, PORTAFOLIOS (CARTERAS DE MANO),CARTAPACIOS, FUNDAS Y ESTUCHES PARA GAFAS (ANTEOJOS), BINOCULARES, CAMARAS FOTOGRAFICAS O CINEMATOGRAFICAS, INSTRUMENTOS MUSICALES O ARMAS Y CONTINENTES SIMILARES; SACOS DE VIAJE, SACOS (BOLSAS)* AISLANTES PARA ALIMENTOS Y BEBIDAS, BOLSAS DE ASEO, MOCHILAS, BOLSOS DE MANO(CARTERAS), BOLSAS PARA LA COMPRA, BILLETERAS, PORTAMONEDAS, PORTAMAPAS, PETACAS, PITILLERAS Y BOLSAS PARA TABACO, BOLSAS PARA HERRAMIENTAS Y PARA ARTICULOS DE DEPORTE, ESTUCHES PARA FRASCOS Y BOTELLAS, ESTUCHES PARA JOYAS, POLVERAS, ESTUCHES PARA ORFEBRERIA Y CONTINENTES SIMILARES, DE CUERO NATURAL O DE CUERO REGENERADO, HOJAS DE PLASTICO, MATERIA TEXTIL, FIBRA VULCANIZADA O CARTON, O RECUBIERTOS TOTALMENTE O EN SU MAYOR PARTE CON ESTAS MATERIAS O PAPEL. -Los dem¿s:  -Los dem¿s:     --Los dem¿s.";"BAULES, MALETAS (VALIJAS), MALETINES, INCLUIDOS LOS DE ASEO Y LOS PORTADOCUMENTOS, PORTAFOLIOS (CARTERAS DE MANO),CARTAPACIOS, FUNDAS Y ESTUCHES PARA GAFAS (ANTEOJOS), BINOCULARES, CAMARAS FOTOGRAFICAS O CINEMATOGRAFICAS, INSTRUMENTOS MUSICALES O ARMAS Y CONTINENTES SIMILARES; SACOS DE VIAJE, SACOS (BOLSAS)* AISLANTES PARA ALIMENTOS Y BEBIDAS, BOLSAS DE ASEO, MOCHILAS, BOLSOS DE MANO(CARTERAS), BOLSAS PARA LA COMPRA, BILLETERAS, PORTAMONEDAS, PORTAMAPAS, PETACAS, PITILLERAS Y BOLSAS PARA TABACO, BOLSAS PARA HERRAMIENTAS Y PARA ARTICULOS DE DEPORTE, ESTUCHES PARA FRASCOS Y BOTELLAS, ESTUCHES PARA JOYAS, POLVERAS, ESTUCHES PARA ORFEBRERIA Y CONTINENTES SIMILARES, DE CUERO NATURAL O DE CUERO REGENERADO, HOJAS DE PLASTICO, MATERIA TEXTIL, FIBRA VULCANIZADA O CARTON, O RECUBIERTOS TOTALMENTE O EN SU MAYOR PARTE CON ESTAS MATERIAS O PAPEL. -Los dem¿s:";"LOS DEMAS EN 666 UNIDADES DE ACCESORIOS PARA MALETAS";"SIN MARCA";"SIN ACUERDO";1706652;0;42666;0;1028258;41130;2818706
"26DA000000122920";"IMPORTACION";"IC04";"IMPORTACION A CONSUMO CON DOCUMENTO DE TRANSPORTE";"18/03/2026";"18/03/2026";"2026";"MARZO";"ENCARNACION";6468.07;"CAMION";"V";1;"AR - ARGENTINA";"AR - ARGENTINA";"NUEVO";"KILOGRAMO";51295.2;51295.2;55040;91340.83;4100;57;95497.83;617686649.29;0;0;"4819.30.00.000R";"PAPEL Y CARTON";"CAPITULO 48 PAPEL Y CARTON; MANUFACTURAS DE PASTA DECELULOSA, DE PAPEL O DE CARTON";"CAPITULO 48 PAPEL Y CARTON; MANUFACTURAS DE PASTA DECELULOSA, DE PAPEL O DE CARTON  CAJAS, SACOS (BOLSAS); BOLSITAS, CUCURUCHOS Y \nDEMAS ENVASES DE PAPEL, CARTON, GUATA DE CELULOSA\nO NAPAS DE FIBRAS DE CELULOSA; CARTONAJES PARA\nOFICINA, TIENDA O SIMILARES.        -Sacos (bolsas) con una anchura en la base superior o igual a 40 cm.\r\n";"CAJAS, SACOS (BOLSAS); BOLSITAS, CUCURUCHOS Y \nDEMAS ENVASES DE PAPEL, CARTON, GUATA DE CELULOSA\nO NAPAS DE FIBRAS DE CELULOSA; CARTONAJES PARA\nOFICINA, TIENDA O SIMILARES. ";"BOSAS DE PAPEL VACIAS PARA CEMENTO CPII C32 520X610 80GR, , 50 KG";"PM";"MERCOSUR";0;0;3088433;0;62077508;0;65165941
"26DA000000123126";"EXPORTACION";"EFC1";"EXPORTACION COMPLEMENTARIA";"10/03/2026";"16/03/2026";"2026";"MARZO";"PEDRO JUAN CABALLERO";6495.22;"CAMION";"V";1;"PY - PARAGUAY";"BR - BRASIL";"NUEVO";"UNIDAD";319250;4316.26;4878.14;14728.83;594.2;56.9;15379.93;99896047.84;0;0;"9018.31.19.000E";"CAPITULO 90  INSTRUMENTOS Y APARATOS DE OPTICA, DEFOTOGRAFIA O DE CINEMATOGRAFIA, DE MEDIDA, DE  CON";"CAPITULO 90  INSTRUMENTOS Y APARATOS DE OPTICA, DEFOTOGRAFIA O DE CINEMATOGRAFIA, DE MEDIDA, DE  CONTROL O DE PRECISION; INSTRUMENTOS Y APARATOS MEDICOQUIRURGICOS; PARTES Y ACCESORIOS DE ESTOSINSTRUMENTOS O APARATOS";"CAPITULO 90  INSTRUMENTOS Y APARATOS DE OPTICA, DEFOTOGRAFIA O DE CINEMATOGRAFIA, DE MEDIDA, DE  CONTROL O DE PRECISION; INSTRUMENTOS Y APARATOS MEDICOQUIRURGICOS; PARTES Y ACCESORIOS DE ESTOSINSTRUMENTOS O APARATOS  INSTRUMENTOS Y APARATOS DE MEDICINA, CIRUGIA, \nODONTOLOGIA O VETERINARIA, INCLUIDOS LOS\nDE CENTELLOGRAFIA Y DEMAS APARATOS ELECTROMEDICOS, ASI COMO LOS APARATOS PARA PRUEBAS VISUALES. -Jeringas, agujas, cat¿teres, c¿nulas e\n instrumentos similares  -Jeringas, agujas, cat¿teres, c¿nulas e\n instrumentos similares --Jeringas, incluso con agujas.    De material pl¿stico. ---- Los demas  Las demas";"INSTRUMENTOS Y APARATOS DE MEDICINA, CIRUGIA, \nODONTOLOGIA O VETERINARIA, INCLUIDOS LOS\nDE CENTELLOGRAFIA Y DEMAS APARATOS ELECTROMEDICOS, ASI COMO LOS APARATOS PARA PRUEBAS VISUALES. -Jeringas, agujas, cat¿teres, c¿nulas e\n instrumentos similares";"JERINGA 20ML LOCK SIN AGUJA.";"SR";"MERCOSUR";0;0;0;0;0;0;0
"26DA000000123126";"EXPORTACION";"EFC1";"EXPORTACION COMPLEMENTARIA";"10/03/2026";"16/03/2026";"2026";"MARZO";"PEDRO JUAN CABALLERO";6495.22;"CAMION";"V";2;"PY - PARAGUAY";"BR - BRASIL";"NUEVO";"UNIDAD";480000;4128;4742.4;14395.96;580.77;55.62;15032.35;97638430.55;0;0;"9018.31.19.000E";"CAPITULO 90  INSTRUMENTOS Y APARATOS DE OPTICA, DEFOTOGRAFIA O DE CINEMATOGRAFIA, DE MEDIDA, DE  CON";"CAPITULO 90  INSTRUMENTOS Y APARATOS DE OPTICA, DEFOTOGRAFIA O DE CINEMATOGRAFIA, DE MEDIDA, DE  CONTROL O DE PRECISION; INSTRUMENTOS Y APARATOS MEDICOQUIRURGICOS; PARTES Y ACCESORIOS DE ESTOSINSTRUMENTOS O APARATOS";"CAPITULO 90  INSTRUMENTOS Y APARATOS DE OPTICA, DEFOTOGRAFIA O DE CINEMATOGRAFIA, DE MEDIDA, DE  CONTROL O DE PRECISION; INSTRUMENTOS Y APARATOS MEDICOQUIRURGICOS; PARTES Y ACCESORIOS DE ESTOSINSTRUMENTOS O APARATOS  INSTRUMENTOS Y APARATOS DE MEDICINA, CIRUGIA, \nODONTOLOGIA O VETERINARIA, INCLUIDOS LOS\nDE CENTELLOGRAFIA Y DEMAS APARATOS ELECTROMEDICOS, ASI COMO LOS APARATOS PARA PRUEBAS VISUALES. -Jeringas, agujas, cat¿teres, c¿nulas e\n instrumentos similares  -Jeringas, agujas, cat¿teres, c¿nulas e\n instrumentos similares --Jeringas, incluso con agujas.    De material pl¿stico. ---- Los demas  Las demas";"INSTRUMENTOS Y APARATOS DE MEDICINA, CIRUGIA, \nODONTOLOGIA O VETERINARIA, INCLUIDOS LOS\nDE CENTELLOGRAFIA Y DEMAS APARATOS ELECTROMEDICOS, ASI COMO LOS APARATOS PARA PRUEBAS VISUALES. -Jeringas, agujas, cat¿teres, c¿nulas e\n instrumentos similares";"JERINGA 10ML SLIP SIN AGUJA.";"SR";"MERCOSUR";0;0;0;0;0;0;0
"26DA000000123126";"EXPORTACION";"EFC1";"EXPORTACION COMPLEMENTARIA";"10/03/2026";"16/03/2026";"2026";"MARZO";"PEDRO JUAN CABALLERO";6495.22;"CAMION";"V";3;"PY - PARAGUAY";"BR - BRASIL";"NUEVO";"UNIDAD";320000;2790.4;3200;9560.4;385.69;36.94;9983.04;64842017.67;0;0;"9018.31.19.000E";"CAPITULO 90  INSTRUMENTOS Y APARATOS DE OPTICA, DEFOTOGRAFIA O DE CINEMATOGRAFIA, DE MEDIDA, DE  CON";"CAPITULO 90  INSTRUMENTOS Y APARATOS DE OPTICA, DEFOTOGRAFIA O DE CINEMATOGRAFIA, DE MEDIDA, DE  CONTROL O DE PRECISION; INSTRUMENTOS Y APARATOS MEDICOQUIRURGICOS; PARTES Y ACCESORIOS DE ESTOSINSTRUMENTOS O APARATOS";"CAPITULO 90  INSTRUMENTOS Y APARATOS DE OPTICA, DEFOTOGRAFIA O DE CINEMATOGRAFIA, DE MEDIDA, DE  CONTROL O DE PRECISION; INSTRUMENTOS Y APARATOS MEDICOQUIRURGICOS; PARTES Y ACCESORIOS DE ESTOSINSTRUMENTOS O APARATOS  INSTRUMENTOS Y APARATOS DE MEDICINA, CIRUGIA, \nODONTOLOGIA O VETERINARIA, INCLUIDOS LOS\nDE CENTELLOGRAFIA Y DEMAS APARATOS ELECTROMEDICOS, ASI COMO LOS APARATOS PARA PRUEBAS VISUALES. -Jeringas, agujas, cat¿teres, c¿nulas e\n instrumentos similares  -Jeringas, agujas, cat¿teres, c¿nulas e\n instrumentos similares --Jeringas, incluso con agujas.    De material pl¿stico. ---- Los demas  Las demas";"INSTRUMENTOS Y APARATOS DE MEDICINA, CIRUGIA, \nODONTOLOGIA O VETERINARIA, INCLUIDOS LOS\nDE CENTELLOGRAFIA Y DEMAS APARATOS ELECTROMEDICOS, ASI COMO LOS APARATOS PARA PRUEBAS VISUALES. -Jeringas, agujas, cat¿teres, c¿nulas e\n instrumentos similares";"JERINGA 10ML LOCK SIN AGUJA.";"SR";"MERCOSUR";0;0;0;0;0;0;0
"26DA000000123127";"EXPORTACION";"EM01";"EXPORTACION MAQUILA";"10/03/2026";"16/03/2026";"2026";"MARZO";"PEDRO JUAN CABALLERO";6495.22;"CAMION";"V";1;"PY - PARAGUAY";"BR - BRASIL";"NUEVO";"UNIDAD";320000;2790.4;3200;9560.4;385.69;36.94;9983.03;64841992.71;0;0;"9018.31.19.000E";"CAPITULO 90  INSTRUMENTOS Y APARATOS DE OPTICA, DEFOTOGRAFIA O DE CINEMATOGRAFIA, DE MEDIDA, DE  CON";"CAPITULO 90  INSTRUMENTOS Y APARATOS DE OPTICA, DEFOTOGRAFIA O DE CINEMATOGRAFIA, DE MEDIDA, DE  CONTROL O DE PRECISION; INSTRUMENTOS Y APARATOS MEDICOQUIRURGICOS; PARTES Y ACCESORIOS DE ESTOSINSTRUMENTOS O APARATOS";"CAPITULO 90  INSTRUMENTOS Y APARATOS DE OPTICA, DEFOTOGRAFIA O DE CINEMATOGRAFIA, DE MEDIDA, DE  CONTROL O DE PRECISION; INSTRUMENTOS Y APARATOS MEDICOQUIRURGICOS; PARTES Y ACCESORIOS DE ESTOSINSTRUMENTOS O APARATOS  INSTRUMENTOS Y APARATOS DE MEDICINA, CIRUGIA, \nODONTOLOGIA O VETERINARIA, INCLUIDOS LOS\nDE CENTELLOGRAFIA Y DEMAS APARATOS ELECTROMEDICOS, ASI COMO LOS APARATOS PARA PRUEBAS VISUALES. -Jeringas, agujas, cat¿teres, c¿nulas e\n instrumentos similares  -Jeringas, agujas, cat¿teres, c¿nulas e\n instrumentos similares --Jeringas, incluso con agujas.    De material pl¿stico. ---- Los demas  Las demas";"INSTRUMENTOS Y APARATOS DE MEDICINA, CIRUGIA, \nODONTOLOGIA O VETERINARIA, INCLUIDOS LOS\nDE CENTELLOGRAFIA Y DEMAS APARATOS ELECTROMEDICOS, ASI COMO LOS APARATOS PARA PRUEBAS VISUALES. -Jeringas, agujas, cat¿teres, c¿nulas e\n instrumentos similares";"JERINGA 10ML LOCK SIN AGUJA.";"SR";"MERCOSUR";0;0;0;0;0;0;0
"26DA000000123127";"EXPORTACION";"EM01";"EXPORTACION MAQUILA";"10/03/2026";"16/03/2026";"2026";"MARZO";"PEDRO JUAN CABALLERO";6495.22;"CAMION";"V";2;"PY - PARAGUAY";"BR - BRASIL";"NUEVO";"UNIDAD";480000;4128;4742.4;14395.96;580.77;55.62;15032.35;97638418.07;0;0;"9018.31.19.000E";"CAPITULO 90  INSTRUMENTOS Y APARATOS DE OPTICA, DEFOTOGRAFIA O DE CINEMATOGRAFIA, DE MEDIDA, DE  CON";"CAPITULO 90  INSTRUMENTOS Y APARATOS DE OPTICA, DEFOTOGRAFIA O DE CINEMATOGRAFIA, DE MEDIDA, DE  CONTROL O DE PRECISION; INSTRUMENTOS Y APARATOS MEDICOQUIRURGICOS; PARTES Y ACCESORIOS DE ESTOSINSTRUMENTOS O APARATOS";"CAPITULO 90  INSTRUMENTOS Y APARATOS DE OPTICA, DEFOTOGRAFIA O DE CINEMATOGRAFIA, DE MEDIDA, DE  CONTROL O DE PRECISION; INSTRUMENTOS Y APARATOS MEDICOQUIRURGICOS; PARTES Y ACCESORIOS DE ESTOSINSTRUMENTOS O APARATOS  INSTRUMENTOS Y APARATOS DE MEDICINA, CIRUGIA, \nODONTOLOGIA O VETERINARIA, INCLUIDOS LOS\nDE CENTELLOGRAFIA Y DEMAS APARATOS ELECTROMEDICOS, ASI COMO LOS APARATOS PARA PRUEBAS VISUALES. -Jeringas, agujas, cat¿teres, c¿nulas e\n instrumentos similares  -Jeringas, agujas, cat¿teres, c¿nulas e\n instrumentos similares --Jeringas, incluso con agujas.    De material pl¿stico. ---- Los demas  Las demas";"INSTRUMENTOS Y APARATOS DE MEDICINA, CIRUGIA, \nODONTOLOGIA O VETERINARIA, INCLUIDOS LOS\nDE CENTELLOGRAFIA Y DEMAS APARATOS ELECTROMEDICOS, ASI COMO LOS APARATOS PARA PRUEBAS VISUALES. -Jeringas, agujas, cat¿teres, c¿nulas e\n instrumentos similares";"JERINGA 10ML SLIP SIN AGUJA.";"SR";"MERCOSUR";0;0;0;0;0;0;0
"26DA000000123127";"EXPORTACION";"EM01";"EXPORTACION MAQUILA";"10/03/2026";"16/03/2026";"2026";"MARZO";"PEDRO JUAN CABALLERO";6495.22;"CAMION";"V";3;"PY - PARAGUAY";"BR - BRASIL";"NUEVO";"UNIDAD";319250;4316.26;4878.14;14728.83;594.2;56.91;15379.94;99896085.29;0;0;"9018.31.19.000E";"CAPITULO 90  INSTRUMENTOS Y APARATOS DE OPTICA, DEFOTOGRAFIA O DE CINEMATOGRAFIA, DE MEDIDA, DE  CON";"CAPITULO 90  INSTRUMENTOS Y APARATOS DE OPTICA, DEFOTOGRAFIA O DE CINEMATOGRAFIA, DE MEDIDA, DE  CONTROL O DE PRECISION; INSTRUMENTOS Y APARATOS MEDICOQUIRURGICOS; PARTES Y ACCESORIOS DE ESTOSINSTRUMENTOS O APARATOS";"CAPITULO 90  INSTRUMENTOS Y APARATOS DE OPTICA, DEFOTOGRAFIA O DE CINEMATOGRAFIA, DE MEDIDA, DE  CONTROL O DE PRECISION; INSTRUMENTOS Y APARATOS MEDICOQUIRURGICOS; PARTES Y ACCESORIOS DE ESTOSINSTRUMENTOS O APARATOS  INSTRUMENTOS Y APARATOS DE MEDICINA, CIRUGIA, \nODONTOLOGIA O VETERINARIA, INCLUIDOS LOS\nDE CENTELLOGRAFIA Y DEMAS APARATOS ELECTROMEDICOS, ASI COMO LOS APARATOS PARA PRUEBAS VISUALES. -Jeringas, agujas, cat¿teres, c¿nulas e\n instrumentos similares  -Jeringas, agujas, cat¿teres, c¿nulas e\n instrumentos similares --Jeringas, incluso con agujas.    De material pl¿stico. ---- Los demas  Las demas";"INSTRUMENTOS Y APARATOS DE MEDICINA, CIRUGIA, \nODONTOLOGIA O VETERINARIA, INCLUIDOS LOS\nDE CENTELLOGRAFIA Y DEMAS APARATOS ELECTROMEDICOS, ASI COMO LOS APARATOS PARA PRUEBAS VISUALES. -Jeringas, agujas, cat¿teres, c¿nulas e\n instrumentos similares";"JERINGA 20ML LOCK SIN AGUJA.";"SR";"MERCOSUR";0;0;0;0;0;0;0
"26DA000000123128";"IMPORTACION";"IC04";"IMPORTACION A CONSUMO CON DOCUMENTO DE TRANSPORTE";"16/03/2026";"16/03/2026";"2026";"MARZO";"CIUDAD DEL ESTE";6499.04;"CAMION";"R";1;"BR - BRASIL";"BR - BRASIL";"NUEVO";"KILOGRAMO";24312.4;24312.4;25450;68081.58;1141.77;115.13;69338.47;450633493.75;0;0;"4813.20.00.000R";"PAPEL Y CARTON";"CAPITULO 48 PAPEL Y CARTON; MANUFACTURAS DE PASTA DECELULOSA, DE PAPEL O DE CARTON";"CAPITULO 48 PAPEL Y CARTON; MANUFACTURAS DE PASTA DECELULOSA, DE PAPEL O DE CARTON  PAPEL DE FUMAR, INCLUSO CORTADO AL TAMA¿O \nADECUADO, EN LIBRILLOS O EN TUBOS.        -En bobinas (rollos) de anchura inferior o igual a 5 cm.\r\n";"PAPEL DE FUMAR, INCLUSO CORTADO AL TAMA¿O \nADECUADO, EN LIBRILLOS O EN TUBOS. ";"-38 VOLUMENES CON:24.312,4 KGS DE PAPEL PARA CIGARRILLOS-GRADO- 593B-26G/M2-EN BOBINAS  26,25MM X 6700M.-";"S/M";"MERCOSUR";0;0;2253167;0;45288666;1811547;49353380
"26DA000000123129";"IMPORTACION";"IC04";"IMPORTACION A CONSUMO CON DOCUMENTO DE TRANSPORTE";"16/03/2026";"16/03/2026";"2026";"MARZO";"JOSE FALCON";6499.04;"CAMION";"V";1;"AR - ARGENTINA";"AR - ARGENTINA";"NUEVO";"METRO CUADRADO";1247.04;26274.28;26274.28;8289.65;3650;82.9;12022.55;78135033.35;0;0;"7005.21.00.000U";"VIDRIOS Y SUS MANUFACTURAS";"CAPITULO 70VIDRIO Y MANUFACTURAS DE VIDRIO";"CAPITULO 70VIDRIO Y MANUFACTURAS DE VIDRIO  VIDRIO FLOTADO Y VIDRIO DESBASTADO O PULIDO POR\nUNA O LAS DOS CARAS, EN PLACAS U HOJAS, INCLUSO CON CAPA ABSORBENTE, REFLECTANTE O ANTIRREFLECTANTE, PERO SIN TRABAJAR DE\nOTRO MODO. -Los dem¿s vidrios sin armar:  -Los dem¿s vidrios sin armar:     --Coloreados en la masa, opacificados, chapados o   simplemente desbastados.";"VIDRIO FLOTADO Y VIDRIO DESBASTADO O PULIDO POR\nUNA O LAS DOS CARAS, EN PLACAS U HOJAS, INCLUSO CON CAPA ABSORBENTE, REFLECTANTE O ANTIRREFLECTANTE, PERO SIN TRABAJAR DE\nOTRO MODO. -Los dem¿s vidrios sin armar:";"1247,04)M2 DE VIDRIO FFL DETALLES EN SUB ITEM";"";"MERCOSUR";0;0;390675;0;7852571;314103;8557349
"26DA000000123130";"IMPORTACION";"IC04";"IMPORTACION A CONSUMO CON DOCUMENTO DE TRANSPORTE";"16/03/2026";"16/03/2026";"2026";"MARZO";"JOSE FALCON";6499.04;"CAMION";"V";1;"AR - ARGENTINA";"AR - ARGENTINA";"NUEVO";"METRO CUADRADO";999;24475.5;24475.5;6243.75;3650;62.44;9956.19;64705677.06;0;0;"7005.29.00.000P";"VIDRIOS Y SUS MANUFACTURAS";"CAPITULO 70VIDRIO Y MANUFACTURAS DE VIDRIO";"CAPITULO 70VIDRIO Y MANUFACTURAS DE VIDRIO  VIDRIO FLOTADO Y VIDRIO DESBASTADO O PULIDO POR\nUNA O LAS DOS CARAS, EN PLACAS U HOJAS, INCLUSO CON CAPA ABSORBENTE, REFLECTANTE O ANTIRREFLECTANTE, PERO SIN TRABAJAR DE\nOTRO MODO. -Los dem¿s vidrios sin armar:  -Los dem¿s vidrios sin armar:     --Los dem¿s.";"VIDRIO FLOTADO Y VIDRIO DESBASTADO O PULIDO POR\nUNA O LAS DOS CARAS, EN PLACAS U HOJAS, INCLUSO CON CAPA ABSORBENTE, REFLECTANTE O ANTIRREFLECTANTE, PERO SIN TRABAJAR DE\nOTRO MODO. -Los dem¿s vidrios sin armar:";"999)M2 VIDRIOS FLOAT IN 10.0 MM 370X250";"VASA";"MERCOSUR";0;0;323528;0;6502921;260117;7086566
"26DA000000123131";"IMPORTACION";"IC04";"IMPORTACION A CONSUMO CON DOCUMENTO DE TRANSPORTE";"16/03/2026";"16/03/2026";"2026";"MARZO";"SOLUCION LOGISTICA ";6499.04;"CAMION";"N";1;"AR - ARGENTINA";"AR - ARGENTINA";"NUEVO";"KILOGRAMO";3000;3000;3244;4500;860;45;5405;35127311.2;0;0;"1702.90.00.000U";"AZUCARES Y ARTICULOS DE CONFITERIA";"CAPITULO 17  AZUCARES Y ARTICULOS DE CONFITERIA";"CAPITULO 17  AZUCARES Y ARTICULOS DE CONFITERIA  LOS DEM¿S AZUCARES,INCLUIDAS LA LACTOSA,MALTOSA,\nGLUCOSA Y FRUCTUOSA(LEVULOSA)QUIMICAMENTE PURAS,\nEN ESTADO S¿LIDO;JARABE DE AZ¿CAR SIN ADICCI¿N DE\nAROMATIZANTE NI COLORANTE;SUCED¿NEOS DE LA MIEL,\nINCLUSO MEZCLADOS CON MIEL NATURAL;AZ¿CAR Y MELA-\nZA CARAMELIZADOS        -Los dem¿s, incluido el az¿car invertido y dem¿s az¿cares y jarabes de az¿car, con un contenido de fructosa sobre producto seco de 50% en peso";"LOS DEM¿S AZUCARES,INCLUIDAS LA LACTOSA,MALTOSA,\nGLUCOSA Y FRUCTUOSA(LEVULOSA)QUIMICAMENTE PURAS,\nEN ESTADO S¿LIDO;JARABE DE AZ¿CAR SIN ADICCI¿N DE\nAROMATIZANTE NI COLORANTE;SUCED¿NEOS DE LA MIEL,\nINCLUSO MEZCLADOS CON MIEL NATURAL;AZ¿CAR Y MELA-\nZA CARAMELIZADOS ";"COLORANTE CARAMELO AM200";"FABRICA JUSTO";"MERCOSUR";0;0;175637;0;3538895;141556;3856088
"26DA000000123132";"IMPORTACION";"IM05";"IMPORTACION MENOR S/ DOC DE TRANS. C/ CODIGO DE BARRAS";"16/03/2026";"16/03/2026";"2026";"MARZO";"CIUDAD DEL ESTE";6499.04;"";"V";1;"BR - BRASIL";"BR - BRASIL";"NUEVO";"UNIDAD";23;391;410;1699.24;7.1;16.99;1723.32;11199938.19;0;0;"7315.11.90.000H";"NT";"CAPITULO 73 MANUFACTURAS DE FUNDICION, DE HIERRO O DE  ACERO.";"CAPITULO 73 MANUFACTURAS DE FUNDICION, DE HIERRO O DE  ACERO.  CADENAS Y SUS PARTES, DE FUNDICION, HIERRO O ACERO. -Cadenas de eslabones articulados y sus partes:\n  -Cadenas de eslabones articulados y sus partes:\n -- Cadenas de rodillos    Los demas";"CADENAS Y SUS PARTES, DE FUNDICION, HIERRO O ACERO. -Cadenas de eslabones articulados y sus partes:\n";"-CADENAS DE ESLABONES ARTICULADOS Y SUS PARTES EN: 23) VEINTE Y TRES METROS:  CADENA HIERRO ELO ARTICULACION DE ROLLO DEL ELEVADOR CYBER";"SULPECAS";"MERCOSUR";0;0;56000;0;1125594;45024;1226618
"26DA000000123132";"IMPORTACION";"IM05";"IMPORTACION MENOR S/ DOC DE TRANS. C/ CODIGO DE BARRAS";"16/03/2026";"16/03/2026";"2026";"MARZO";"CIUDAD DEL ESTE";6499.04;"";"V";3;"BR - BRASIL";"BR - BRASIL";"NUEVO";"UNIDAD";2;6.8;8;360.5;1.51;3.61;365.61;2376129.35;0;0;"8413.60.11.000Z";"BIENES DE CAPITAL";"CALDERAS, MAQUINAS, APARATOS Y ARTEFACTOS MECANICOS; PARTES DE ESTAS MAQUINAS O APARATOS, REACTORES NUCLEARES";"CALDERAS, MAQUINAS, APARATOS Y ARTEFACTOS MECANICOS; PARTES DE ESTAS MAQUINAS O APARATOS, REACTORES NUCLEARES  BOMBAS PARA LIQUIDOS, INCLUSO CON DISPOSITIVO\nMEDIDOR INCORPORADO;ELEVADORES DE LIQUIDOS.    -Las dem¿s bombas volum¿tricas rotativas.\n    De caudal inferior o igual a 300 l/min.\n       De engranajes.";"BOMBAS PARA LIQUIDOS, INCLUSO CON DISPOSITIVO\nMEDIDOR INCORPORADO;ELEVADORES DE LIQUIDOS. ";"-LAS DEM?S BOMBAS VOLUM?TRICAS ROTATIVAS EN: 02) DOS UNIDADES:  BOMBA DE OLEO ENGRNAJE TRANSMISION PARA PALA CARGADORA MICHIGAN 55C";"MEDAL";"SIN ACUERDO";0;0;11881;0;238801;9552;260234
"26DA000000123132";"IMPORTACION";"IM05";"IMPORTACION MENOR S/ DOC DE TRANS. C/ CODIGO DE BARRAS";"16/03/2026";"16/03/2026";"2026";"MARZO";"CIUDAD DEL ESTE";6499.04;"";"V";2;"BR - BRASIL";"BR - BRASIL";"NUEVO";"UNIDAD";1;29;30;218.45;0.91;2.18;221.54;1439825.8;0;0;"8483.40.90.000L";"BIENES DE CAPITAL";"CALDERAS, MAQUINAS, APARATOS Y ARTEFACTOS MECANICOS; PARTES DE ESTAS MAQUINAS O APARATOS, REACTORES NUCLEARES";"CALDERAS, MAQUINAS, APARATOS Y ARTEFACTOS MECANICOS; PARTES DE ESTAS MAQUINAS O APARATOS, REACTORES NUCLEARES  ARBOLES DE TRANSMISION (INCLUIDOS LOS DE LEVAS Y\nLOS CIGUE¿ALES) Y MANIVELAS; CAJAS DE COJINETES Y\nCOJINETES; ENGRANAJES Y RUEDAS DE FRICCION;\nHUSILLOS FILETEADOS DE BOLAS O RODILLOS; REDUCTORES, MULTIPLICADORES Y VARIADORES DE VELOCIDAD, INCLUIDOS LOS CONVERTIDORES DE PAR;\nVOLANTES Y POLEAS, INCLUIDOS LOS MOTONES; \nEMBRAGUES Y ORGANOS DE ACOPLAMIENTO, INCLUIDAS\nLAS JUNTAS DE ARTICULACION.    -Engranajes y ruedas de fricci¿n, excepto las\n ruedas dentadas y dem¿s ¿rganos\n elementales de transmisi¿n presentados aisladamente, husillos fileteados de bolas o rodillos; reductores, multiplicadores y variadores de velocidad, incluidos los convertidores de par.       Los dem¿s.";"ARBOLES DE TRANSMISION (INCLUIDOS LOS DE LEVAS Y\nLOS CIGUE¿ALES) Y MANIVELAS; CAJAS DE COJINETES Y\nCOJINETES; ENGRANAJES Y RUEDAS DE FRICCION;\nHUSILLOS FILETEADOS DE BOLAS O RODILLOS; REDUCTORES, MULTIPLICADORES Y VARIADORES DE VELOCIDAD, INCLUIDOS LOS CONVERTIDORES DE PAR;\nVOLANTES Y POLEAS, INCLUIDOS LOS MOTONES; \nEMBRAGUES Y ORGANOS DE ACOPLAMIENTO, INCLUIDAS\nLAS JUNTAS DE ARTICULACION. ";"-ENGRANAJES Y RUEDAS DE FRICCI?N EN: 01) UNA PIEZA:  ENGRANAJE DESLOCAMENTO TRACCION  PARA EXCAVADORA HIDRAULICA  PARA VOLVO EC210BL";"ENROLEIXOS";"SIN ACUERDO";0;0;7199;0;144703;5788;157690
"26DA000000123133";"IMPORTACION";"IM05";"IMPORTACION MENOR S/ DOC DE TRANS. C/ CODIGO DE BARRAS";"16/03/2026";"16/03/2026";"2026";"MARZO";"CIUDAD DEL ESTE";6499.04;"";"V";1;"BR - BRASIL";"BR - BRASIL";"NUEVO";"METRO CUADRADO";1168.08;2000;2000;2422.88;28.54;24.23;2475.65;16089337.87;0;0;"6907.22.00.000T";"PRODUCTOS CERAMICOS";"CAPITULO 69 PRODUCTOS CERAMICOS";"CAPITULO 69 PRODUCTOS CERAMICOS  PLACAS Y BALDOSAS, DE CERAMICA, SIN BARNIZAR NI ESMALTAR, PARA PAVIMENTACION O REVESTIMIENTO; CUBOS, DADOS Y ARTICULOS SIMILARES, DE CERAMICA, PARA MOSAICOS, SIN BARNIZAR NI ESMALTAR, INCLUSO CON SOPORTE.        -- Con un coeficiente de absorci¿n de agua superior al 0,5 % pero inferior o igual al 10 %, en peso\r\n";"PLACAS Y BALDOSAS, DE CERAMICA, SIN BARNIZAR NI ESMALTAR, PARA PAVIMENTACION O REVESTIMIENTO; CUBOS, DADOS Y ARTICULOS SIMILARES, DE CERAMICA, PARA MOSAICOS, SIN BARNIZAR NI ESMALTAR, INCLUSO CON SOPORTE. ";"1168,08 M2 DE PISO CERAMICO CON 58X58 CM.-";"VIVA";"MERCOSUR";0;0;80447;0;1616979;64679;1762105
"26DA000000123134";"EXPORTACION";"EFC1";"EXPORTACION COMPLEMENTARIA";"16/03/2026";"16/03/2026";"2026";"MARZO";"ALGESA SALTOS GUAIRA";6499.04;"CAMION";"V";1;"PY - PARAGUAY";"BR - BRASIL";"NUEVO";"KILOGRAMO";1500000;32050;32050;6025.4;801.25;0;6778.59;44054352.18;0;0;"1005.90.10.000N";"CEREALES (TRIGO, ARROZ, MAIZ Y SORGO)";"CAPITULO 10  CEREALES";"CAPITULO 10  CEREALES  MAIZ.    -Los dem¿s.       En grano";"MAIZ. ";"MAIZ PARAGUAYO AMARILLO PADRAO, EN GRANOS A GRANEL, ZAFRA 2025.-";"SIN MARCA";"MERCOSUR";0;0;0;0;0;0;0
"26DA000000123135";"IMPORTACION";"IM05";"IMPORTACION MENOR S/ DOC DE TRANS. C/ CODIGO DE BARRAS";"16/03/2026";"16/03/2026";"2026";"MARZO";"CIUDAD DEL ESTE";6499.04;"";"V";3;"BR - BRASIL";"BR - BRASIL";"NUEVO";"KILOGRAMO";500;500;500;236.41;3.27;2.37;242.05;1573071.09;0;0;"3824.50.00.000P";"PRODUCTOS QUIMICOS";"CAPITULO 38PRODUCTOS DIVERSOS DE LA INDUSTRIA QUIMICA";"CAPITULO 38PRODUCTOS DIVERSOS DE LA INDUSTRIA QUIMICA  PREPARACIONES AGLUTINANTES PARA MOLDES O NUCLEOS DE FUNDICION; PRODUCTOS QUIMICOS Y PREPARACIONES DE LA INDUSTRIA QUIMICA O DE LAS INDUSTRIAS CONEXAS (INCLUIDAS LAS MEZCLAS DE PRODUCTOS NATURALES), NO EXPRESADOS NI COMPRENDIDOS EN OTRA PARTE, PRODUCTOS RESIDUALES DE LA INDUSTRIA QUIMICA O DE LAS INDUSTRIAS CONEXAS, NO EXPRESADOS NI COMPRENDIDOS EN OTRA PARTE.        -Morteros y hormigones, no refractarios.";"PREPARACIONES AGLUTINANTES PARA MOLDES O NUCLEOS DE FUNDICION; PRODUCTOS QUIMICOS Y PREPARACIONES DE LA INDUSTRIA QUIMICA O DE LAS INDUSTRIAS CONEXAS (INCLUIDAS LAS MEZCLAS DE PRODUCTOS NATURALES), NO EXPRESADOS NI COMPRENDIDOS EN OTRA PARTE, PRODUCTOS RESIDUALES DE LA INDUSTRIA QUIMICA O DE LAS INDUSTRIAS CONEXAS, NO EXPRESADOS NI COMPRENDIDOS EN OTRA PARTE. ";"174 BOLSAS DE ARGAMASSA.-";"HIPERMASSA";"MERCOSUR";0;0;7865;0;158094;6324;172283
"26DA000000123135";"IMPORTACION";"IM05";"IMPORTACION MENOR S/ DOC DE TRANS. C/ CODIGO DE BARRAS";"16/03/2026";"16/03/2026";"2026";"MARZO";"CIUDAD DEL ESTE";6499.04;"";"V";1;"BR - BRASIL";"BR - BRASIL";"NUEVO";"METRO CUADRADO";966.36;500;500;1921.3;26.53;19.21;1967.04;12783880.13;0;0;"6907.22.00.000T";"PRODUCTOS CERAMICOS";"CAPITULO 69 PRODUCTOS CERAMICOS";"CAPITULO 69 PRODUCTOS CERAMICOS  PLACAS Y BALDOSAS, DE CERAMICA, SIN BARNIZAR NI ESMALTAR, PARA PAVIMENTACION O REVESTIMIENTO; CUBOS, DADOS Y ARTICULOS SIMILARES, DE CERAMICA, PARA MOSAICOS, SIN BARNIZAR NI ESMALTAR, INCLUSO CON SOPORTE.        -- Con un coeficiente de absorci¿n de agua superior al 0,5 % pero inferior o igual al 10 %, en peso\r\n";"PLACAS Y BALDOSAS, DE CERAMICA, SIN BARNIZAR NI ESMALTAR, PARA PAVIMENTACION O REVESTIMIENTO; CUBOS, DADOS Y ARTICULOS SIMILARES, DE CERAMICA, PARA MOSAICOS, SIN BARNIZAR NI ESMALTAR, INCLUSO CON SOPORTE. ";"966,36 M2 DE PISO CERAMICO CON 46X46 CM.-";"VIVA";"MERCOSUR";0;0;63919;0;1284780;51391;1400090
"26DA000000123135";"IMPORTACION";"IM05";"IMPORTACION MENOR S/ DOC DE TRANS. C/ CODIGO DE BARRAS";"16/03/2026";"16/03/2026";"2026";"MARZO";"CIUDAD DEL ESTE";6499.04;"";"V";2;"BR - BRASIL";"BR - BRASIL";"NUEVO";"KILOGRAMO";500;500;500;322.83;4.46;3.23;330.52;2148051.6;0;0;"3214.90.00.000L";"COLORANTES Y PINTURAS";"CAPITULO 32 EXTRACTOS CURTIENTES O TINTOREOS; TANINOS Y SUSDERIVADOS; PIGMENTOS Y DEMAS MATERIAS COLORANTES;  PINTURAS Y BARNICES; MASTIQUES; TINTAS";"CAPITULO 32 EXTRACTOS CURTIENTES O TINTOREOS; TANINOS Y SUSDERIVADOS; PIGMENTOS Y DEMAS MATERIAS COLORANTES;  PINTURAS Y BARNICES; MASTIQUES; TINTAS  MASILLA, CEMENTOS DE RESINA Y DEMAS MASTIQUES;\nPLASTES (ENDUIDOS) UTILIZADOS EN PINTURA; PLASTES (ENDUIDOS) NO REFRACTARIOS DE LOS TIPOS UTILIZADOS EN ALBA¿ILERIA.        -Los dem¿s.";"MASILLA, CEMENTOS DE RESINA Y DEMAS MASTIQUES;\nPLASTES (ENDUIDOS) UTILIZADOS EN PINTURA; PLASTES (ENDUIDOS) NO REFRACTARIOS DE LOS TIPOS UTILIZADOS EN ALBA¿ILERIA. ";"LOS DEMAS EN:174 BOLSAS DE ARGAMASSA.-";"VOTORANTIM";"MERCOSUR";0;0;10740;0;215879;8635;235254
"26DA000000123136";"IMPORTACION";"IM05";"IMPORTACION MENOR S/ DOC DE TRANS. C/ CODIGO DE BARRAS";"16/03/2026";"16/03/2026";"2026";"MARZO";"CIUDAD DEL ESTE";6499.04;"";"V";1;"BR - BRASIL";"BR - BRASIL";"NUEVO";"KILOGRAMO";2288;2288;2332;1406.91;4.79;14.07;1425.76;9266075.85;0;0;"4411.14.90.000A";"MADERA";"CAPITULO 44 MADERA, CARBON VEGETAL Y MANUFACTURAS DE MADERA";"CAPITULO 44 MADERA, CARBON VEGETAL Y MANUFACTURAS DE MADERA  TABLEROS DE FIBRA DE MADERA U OTRAS MATERIAS\nLE¿OSAS, INCLUSO AGLOMERADAS CON RESINAS O DEMAS\nAGLUTINANTES ORGANICOS. -  Tableros de fibra de densidad media (llamados ¿MDF¿) :  -  Tableros de fibra de densidad media (llamados ¿MDF¿) : - - De espesor superior a 9 mm          Los dem¿s";"TABLEROS DE FIBRA DE MADERA U OTRAS MATERIAS\nLE¿OSAS, INCLUSO AGLOMERADAS CON RESINAS O DEMAS\nAGLUTINANTES ORGANICOS. -  Tableros de fibra de densidad media (llamados ¿MDF¿) :";"LOS DEM?S: EN 44 UNIDADES DE PAINEIS DE FIBRA DE MADEIRA  2750X1850X15MM TX TX COR PRETO";"GUARARAPES";"MERCOSUR";0;0;46330;0;931241;37250;1014821
"26DA000000123136";"IMPORTACION";"IM05";"IMPORTACION MENOR S/ DOC DE TRANS. C/ CODIGO DE BARRAS";"16/03/2026";"16/03/2026";"2026";"MARZO";"CIUDAD DEL ESTE";6499.04;"";"V";2;"BR - BRASIL";"BR - BRASIL";"NUEVO";"METRO CUADRADO";74.1;959.595;963.3;270.45;0.92;2.71;274.08;1781262.22;0;0;"6907.22.00.000T";"PRODUCTOS CERAMICOS";"CAPITULO 69 PRODUCTOS CERAMICOS";"CAPITULO 69 PRODUCTOS CERAMICOS  PLACAS Y BALDOSAS, DE CERAMICA, SIN BARNIZAR NI ESMALTAR, PARA PAVIMENTACION O REVESTIMIENTO; CUBOS, DADOS Y ARTICULOS SIMILARES, DE CERAMICA, PARA MOSAICOS, SIN BARNIZAR NI ESMALTAR, INCLUSO CON SOPORTE.        -- Con un coeficiente de absorci¿n de agua superior al 0,5 % pero inferior o igual al 10 %, en peso\r\n";"PLACAS Y BALDOSAS, DE CERAMICA, SIN BARNIZAR NI ESMALTAR, PARA PAVIMENTACION O REVESTIMIENTO; CUBOS, DADOS Y ARTICULOS SIMILARES, DE CERAMICA, PARA MOSAICOS, SIN BARNIZAR NI ESMALTAR, INCLUSO CON SOPORTE. ";"CON UN COEFICIENTE DE ABSORCI?N DE AGUA SUPERIO: EN 74,10 M2 DE PISO CERAMICO ESMALTADO  60CMX60CM MAGNUS BEGE POLIDO";"LUME CERAMICA";"MERCOSUR";0;0;8906;0;179017;7161;195084
"26DA000000123137";"IMPORTACION";"IC04";"IMPORTACION A CONSUMO CON DOCUMENTO DE TRANSPORTE";"16/03/2026";"16/03/2026";"2026";"MARZO";"PTO SEGURO FLUVIAL";6499.04;"ACUATICO";"R";4;"CN - CHINA";"CN - CHINA";"NUEVO";"UNIDAD";500;150;150;1237;40.35;12.36;1289.71;8381876;0;0;"8421.23.00.000V";"REPUESTOS (AUTOPARTE)";"CALDERAS, MAQUINAS, APARATOS Y ARTEFACTOS MECANICOS; PARTES DE ESTAS MAQUINAS O APARATOS, REACTORES NUCLEARES";"CALDERAS, MAQUINAS, APARATOS Y ARTEFACTOS MECANICOS; PARTES DE ESTAS MAQUINAS O APARATOS, REACTORES NUCLEARES  CENTRIFUGADORAS INCLUIDAS LAS SECADORAS \nCENTRIFUGAS; APARATOS PARA FILTRAR O DEPURAR \nLIQUIDOS O GASES. -Aparatos para filtrar o depurar l¿quidos.\n  -Aparatos para filtrar o depurar l¿quidos.\n   --Para filtrar lubricantes o carburantes en los\nmotores de encendido por chispa o compresi¿n.  Para filtrar lubricantes o carburantes en los motores de encendido por chispa o compresi¿n";"CENTRIFUGADORAS INCLUIDAS LAS SECADORAS \nCENTRIFUGAS; APARATOS PARA FILTRAR O DEPURAR \nLIQUIDOS O GASES. -Aparatos para filtrar o depurar l¿quidos.\n";"PARA FILTRAR LUBRICANTES O CARBURANTES EN LOS MOTO EN:500-UNIDADES FILTRO E ACEITE";"TC TECH";"SIN ACUERDO";419094;0;41909;0;884288;35372;1380663
"26DA000000123137";"IMPORTACION";"IC04";"IMPORTACION A CONSUMO CON DOCUMENTO DE TRANSPORTE";"16/03/2026";"16/03/2026";"2026";"MARZO";"PTO SEGURO FLUVIAL";6499.04;"ACUATICO";"R";8;"CN - CHINA";"CN - CHINA";"NUEVO";"UNIDAD";1000;250;250;905;29.52;9.04;943.56;6132234;0;0;"8511.40.00.000Y";"REPUESTOS (AUTOPARTE)";"CAPITULO 85  MAQUINAS, APARATOS Y MATERIAL ELECTRICO Y SUS PARTES; APARATOS DE GRABACION O DE REPRODUCCION  DEL SONIDO, APARATOS DE GRABACION O DE REPRODUCCION DE IMAGENES Y DE SONIDOS DE TELEVISION, Y LAS PARTES Y ACCESORIOS DE ESTOSAPARATOS.";"CAPITULO 85  MAQUINAS, APARATOS Y MATERIAL ELECTRICO Y SUS PARTES; APARATOS DE GRABACION O DE REPRODUCCION  DEL SONIDO, APARATOS DE GRABACION O DE REPRODUCCION DE IMAGENES Y DE SONIDOS DE TELEVISION, Y LAS PARTES Y ACCESORIOS DE ESTOSAPARATOS.  APARATOS Y DISPOSITIVOS ELECTRICOS DE ENCENDIDO O\nDE ARRANQUE, PARA MOTORES DE ENCENDIDO POR CHISPA\nO POR COMPRESION (POR EJEMPLO: MAGNETOS, DINAMO\nMAGNETOS, BOBINAS DE ENCENDIDO, BUJIAS DE \nENCENDIDO O DE CALDEO (CALENTAMIENTO), MOTORES DE\nARRANQUE); GENERADORES (POR EJEMPLO: DINAMOS,\nALTERNADORES) Y REGULADORES DISYUNTORES\nUTILIZADOS CON ESTOS MOTORES.      -Motores de arranque, aunque funcionen tambien como generadores  Motores de arranque, aunque funcionen tambi¿n como generadores.";"APARATOS Y DISPOSITIVOS ELECTRICOS DE ENCENDIDO O\nDE ARRANQUE, PARA MOTORES DE ENCENDIDO POR CHISPA\nO POR COMPRESION (POR EJEMPLO: MAGNETOS, DINAMO\nMAGNETOS, BOBINAS DE ENCENDIDO, BUJIAS DE \nENCENDIDO O DE CALDEO (CALENTAMIENTO), MOTORES DE\nARRANQUE); GENERADORES (POR EJEMPLO: DINAMOS,\nALTERNADORES) Y REGULADORES DISYUNTORES\nUTILIZADOS CON ESTOS MOTORES. ";"MOTORES DE ARRANQUE, AUNQUE FUNCIONEN TAMBI?N COMO";"";"SIN ACUERDO";306612;0;30661;0;646951;25878;1010102
"26DA000000123137";"IMPORTACION";"IC04";"IMPORTACION A CONSUMO CON DOCUMENTO DE TRANSPORTE";"16/03/2026";"16/03/2026";"2026";"MARZO";"PTO SEGURO FLUVIAL";6499.04;"ACUATICO";"R";12;"CN - CHINA";"CN - CHINA";"NUEVO";"UNIDAD";1486;1500;1500;7995.69;260.87;79.95;8336.51;54179311.95;0;0;"8708.29.19.000C";"BIENES DE CAPITAL";"CAPITULO 87 VEHICULOS AUTOMOVILES, TRACTORES, CICLOS Y DEMAS  VEHICULOS TERRESTRES, SUS PARTES Y ACCESORIOS";"CAPITULO 87 VEHICULOS AUTOMOVILES, TRACTORES, CICLOS Y DEMAS  VEHICULOS TERRESTRES, SUS PARTES Y ACCESORIOS  PARTES Y ACCESORIOS PARA VEHICULOS AUTOMOVILES DE\nLAS PARTIDAS 87.01 A 87.05. - Las dem¿s partes y accesorios de carrocer¿a (incluidas las de cabina):  - Las dem¿s partes y accesorios de carrocer¿a (incluidas las de cabina): --Los dem¿s. --- De los veh¿culos de las subpartidas 8701.10, 8701.30, 8701.91 a 8701.95 u 8704.10       Los dem?s";"PARTES Y ACCESORIOS PARA VEHICULOS AUTOMOVILES DE\nLAS PARTIDAS 87.01 A 87.05. - Las dem¿s partes y accesorios de carrocer¿a (incluidas las de cabina):";"LOS DEMAS";"";"SIN ACUERDO";0;0;270897;0;5445021;217801;5933719
"26DA000000123137";"IMPORTACION";"IC04";"IMPORTACION A CONSUMO CON DOCUMENTO DE TRANSPORTE";"16/03/2026";"16/03/2026";"2026";"MARZO";"PTO SEGURO FLUVIAL";6499.04;"ACUATICO";"R";20;"CN - CHINA";"CN - CHINA";"NUEVO";"UNIDAD";314;500;500;4404.36;143.69;44.04;4592.09;29844177;0;0;"8708.91.00.000C";"REPUESTOS (AUTOPARTE)";"CAPITULO 87 VEHICULOS AUTOMOVILES, TRACTORES, CICLOS Y DEMAS  VEHICULOS TERRESTRES, SUS PARTES Y ACCESORIOS";"CAPITULO 87 VEHICULOS AUTOMOVILES, TRACTORES, CICLOS Y DEMAS  VEHICULOS TERRESTRES, SUS PARTES Y ACCESORIOS  PARTES Y ACCESORIOS PARA VEHICULOS AUTOMOVILES DE\nLAS PARTIDAS 87.01 A 87.05. -Las dem¿s partes y accesorios:\n  -Las dem¿s partes y accesorios:\n     Radiadores y sus partes";"PARTES Y ACCESORIOS PARA VEHICULOS AUTOMOVILES DE\nLAS PARTIDAS 87.01 A 87.05. -Las dem¿s partes y accesorios:\n";"RADIADORES Y SUS PARTES";"";"SIN ACUERDO";2984418;0;149221;0;3297782;131911;6563332
"26DA000000123137";"IMPORTACION";"IC04";"IMPORTACION A CONSUMO CON DOCUMENTO DE TRANSPORTE";"16/03/2026";"16/03/2026";"2026";"MARZO";"PTO SEGURO FLUVIAL";6499.04;"ACUATICO";"R";2;"CN - CHINA";"CN - CHINA";"NUEVO";"UNIDAD";5050;2500;2500;3742.5;122.1;37.42;3902.02;25359384;0;0;"8482.40.00.000E";"REPUESTOS (AUTOPARTE)";"CALDERAS, MAQUINAS, APARATOS Y ARTEFACTOS MECANICOS; PARTES DE ESTAS MAQUINAS O APARATOS, REACTORES NUCLEARES";"CALDERAS, MAQUINAS, APARATOS Y ARTEFACTOS MECANICOS; PARTES DE ESTAS MAQUINAS O APARATOS, REACTORES NUCLEARES  RODAMIENTOS DE BOLAS, DE RODILLOS O DE AGUJAS.        -Rodamientos de agujas.";"RODAMIENTOS DE BOLAS, DE RODILLOS O DE AGUJAS. ";"-RODAMIENTOS DE AGUJAS.";"";"SIN ACUERDO";1267969;0;126797;0;2675415;107017;4177198
"26DA000000123137";"IMPORTACION";"IC04";"IMPORTACION A CONSUMO CON DOCUMENTO DE TRANSPORTE";"16/03/2026";"16/03/2026";"2026";"MARZO";"PTO SEGURO FLUVIAL";6499.04;"ACUATICO";"R";16;"CN - CHINA";"CN - CHINA";"NUEVO";"UNIDAD";52;50;50;1360.32;44.38;13.6;1418.3;9217588;0;0;"8708.99.90.000L";"REPUESTOS (AUTOPARTE)";"CAPITULO 87 VEHICULOS AUTOMOVILES, TRACTORES, CICLOS Y DEMAS  VEHICULOS TERRESTRES, SUS PARTES Y ACCESORIOS";"CAPITULO 87 VEHICULOS AUTOMOVILES, TRACTORES, CICLOS Y DEMAS  VEHICULOS TERRESTRES, SUS PARTES Y ACCESORIOS  PARTES Y ACCESORIOS PARA VEHICULOS AUTOMOVILES DE\nLAS PARTIDAS 87.01 A 87.05. -Las dem¿s partes y accesorios:\n  -Las dem¿s partes y accesorios:\n --Los demas       Los demas";"PARTES Y ACCESORIOS PARA VEHICULOS AUTOMOVILES DE\nLAS PARTIDAS 87.01 A 87.05. -Las dem¿s partes y accesorios:\n";"LOS DEMAS EN:52-UNIDADES ESTRIBO";"TC TECH";"SIN ACUERDO";921759;0;46088;0;1018544;40742;2027133
"26DA000000123137";"IMPORTACION";"IC04";"IMPORTACION A CONSUMO CON DOCUMENTO DE TRANSPORTE";"16/03/2026";"16/03/2026";"2026";"MARZO";"PTO SEGURO FLUVIAL";6499.04;"ACUATICO";"R";5;"CN - CHINA";"CN - CHINA";"NUEVO";"UNIDAD";500;250;250;1235;40.29;12.34;1287.63;8368358.88;0;0;"8414.90.39.000Q";"BIENES DE CAPITAL";"CALDERAS, MAQUINAS, APARATOS Y ARTEFACTOS MECANICOS; PARTES DE ESTAS MAQUINAS O APARATOS, REACTORES NUCLEARES";"CALDERAS, MAQUINAS, APARATOS Y ARTEFACTOS MECANICOS; PARTES DE ESTAS MAQUINAS O APARATOS, REACTORES NUCLEARES  BOMBAS DE AIRE O DE VACIO, COMPRESORES DE AIRE U OTROS GASES Y VENTILADORES; CAMPANAS ASPIRANTES PARA EXTRACCION O RECICLADO, CON VENTILADOR INCORPORADO, INCLUSO CON FILTRO.    -Partes.    De compresores.     Las dem¿s.      Las dem¿s.";"BOMBAS DE AIRE O DE VACIO, COMPRESORES DE AIRE U OTROS GASES Y VENTILADORES; CAMPANAS ASPIRANTES PARA EXTRACCION O RECICLADO, CON VENTILADOR INCORPORADO, INCLUSO CON FILTRO. ";"LAS DEM?S. EN:500-UNIDADES BOMBA DE CEBADO MANUAL";"TC TECH";"SIN ACUERDO";0;0;41842;0;841020;33641;916503
"26DA000000123137";"IMPORTACION";"IC04";"IMPORTACION A CONSUMO CON DOCUMENTO DE TRANSPORTE";"16/03/2026";"16/03/2026";"2026";"MARZO";"PTO SEGURO FLUVIAL";6499.04;"ACUATICO";"R";9;"CN - CHINA";"CN - CHINA";"NUEVO";"UNIDAD";700;250;250;3255;106.19;32.54;3393.73;22055987;0;0;"8511.30.20.000D";"REPUESTOS (AUTOPARTE)";"CAPITULO 85  MAQUINAS, APARATOS Y MATERIAL ELECTRICO Y SUS PARTES; APARATOS DE GRABACION O DE REPRODUCCION  DEL SONIDO, APARATOS DE GRABACION O DE REPRODUCCION DE IMAGENES Y DE SONIDOS DE TELEVISION, Y LAS PARTES Y ACCESORIOS DE ESTOSAPARATOS.";"CAPITULO 85  MAQUINAS, APARATOS Y MATERIAL ELECTRICO Y SUS PARTES; APARATOS DE GRABACION O DE REPRODUCCION  DEL SONIDO, APARATOS DE GRABACION O DE REPRODUCCION DE IMAGENES Y DE SONIDOS DE TELEVISION, Y LAS PARTES Y ACCESORIOS DE ESTOSAPARATOS.  APARATOS Y DISPOSITIVOS ELECTRICOS DE ENCENDIDO O\nDE ARRANQUE, PARA MOTORES DE ENCENDIDO POR CHISPA\nO POR COMPRESION (POR EJEMPLO: MAGNETOS, DINAMO\nMAGNETOS, BOBINAS DE ENCENDIDO, BUJIAS DE \nENCENDIDO O DE CALDEO (CALENTAMIENTO), MOTORES DE\nARRANQUE); GENERADORES (POR EJEMPLO: DINAMOS,\nALTERNADORES) Y REGULADORES DISYUNTORES\nUTILIZADOS CON ESTOS MOTORES.    -Distribuidores; bobinas de encendido.\n     Bobinas de encendido     Bobinas de encendido.";"APARATOS Y DISPOSITIVOS ELECTRICOS DE ENCENDIDO O\nDE ARRANQUE, PARA MOTORES DE ENCENDIDO POR CHISPA\nO POR COMPRESION (POR EJEMPLO: MAGNETOS, DINAMO\nMAGNETOS, BOBINAS DE ENCENDIDO, BUJIAS DE \nENCENDIDO O DE CALDEO (CALENTAMIENTO), MOTORES DE\nARRANQUE); GENERADORES (POR EJEMPLO: DINAMOS,\nALTERNADORES) Y REGULADORES DISYUNTORES\nUTILIZADOS CON ESTOS MOTORES. ";"BOBINAS DE ENCENDIDO. EN:700-UNIDADES BOBINA";"TC TECH";"SIN ACUERDO";1102799;0;110280;0;2326907;93076;3633062
"26DA000000123137";"IMPORTACION";"IC04";"IMPORTACION A CONSUMO CON DOCUMENTO DE TRANSPORTE";"16/03/2026";"16/03/2026";"2026";"MARZO";"PTO SEGURO FLUVIAL";6499.04;"ACUATICO";"R";11;"CN - CHINA";"CN - CHINA";"NUEVO";"UNIDAD";330;2030;2030;4307.8;140.54;43.07;4491.41;29189853.25;0;0;"8431.49.29.000D";"BIENES DE CAPITAL";"CALDERAS, MAQUINAS, APARATOS Y ARTEFACTOS MECANICOS; PARTES DE ESTAS MAQUINAS O APARATOS, REACTORES NUCLEARES";"CALDERAS, MAQUINAS, APARATOS Y ARTEFACTOS MECANICOS; PARTES DE ESTAS MAQUINAS O APARATOS, REACTORES NUCLEARES  PARTES IDENTIFICABLES COMO DESTINADAS, EXCLUSIVA O PRINCIPALMENTE, A LAS MAQUINAS O APARATOS DE LAS PARTIDAS 84.25 A 84.30. -De m¿quinas o aparatos de las Partidas 8426, \n 8429 u 8430.  -De m¿quinas o aparatos de las Partidas 8426, \n 8429 u 8430. --Las dem¿s        Las dem¿s";"PARTES IDENTIFICABLES COMO DESTINADAS, EXCLUSIVA O PRINCIPALMENTE, A LAS MAQUINAS O APARATOS DE LAS PARTIDAS 84.25 A 84.30. -De m¿quinas o aparatos de las Partidas 8426, \n 8429 u 8430.";"LAS DEM?S";"";"SIN ACUERDO";0;0;145949;0;2933580;117343;3196872
"26DA000000123137";"IMPORTACION";"IC04";"IMPORTACION A CONSUMO CON DOCUMENTO DE TRANSPORTE";"16/03/2026";"16/03/2026";"2026";"MARZO";"PTO SEGURO FLUVIAL";6499.04;"ACUATICO";"R";25;"CN - CHINA";"CN - CHINA";"NUEVO";"UNIDAD";20;650;650;5417.8;176.91;54.32;5649.03;36713271.93;0;0;"8415.20.90.000A";"BIENES DE CAPITAL";"CALDERAS, MAQUINAS, APARATOS Y ARTEFACTOS MECANICOS; PARTES DE ESTAS MAQUINAS O APARATOS, REACTORES NUCLEARES";"CALDERAS, MAQUINAS, APARATOS Y ARTEFACTOS MECANICOS; PARTES DE ESTAS MAQUINAS O APARATOS, REACTORES NUCLEARES  MAQUINAS Y APARATOS PARA ACONDICIONAMIENTO DE\nAIRE QUE COMPRENDAN UN VENTILADOR CON MOTOR Y LOS\nDISPOSITIVOS ADECUADOS PARA MODIFICAR LA \nTEMPERATURA Y LA HUMEDAD, AUNQUE NO REGULEN SEPARADAMENTE EL GRADO HIGROMETRICO.    -De los tipos utilizados en vehiculos autom¿viles para sus ocupantes       Los dem¿s.";"MAQUINAS Y APARATOS PARA ACONDICIONAMIENTO DE\nAIRE QUE COMPRENDAN UN VENTILADOR CON MOTOR Y LOS\nDISPOSITIVOS ADECUADOS PARA MODIFICAR LA \nTEMPERATURA Y LA HUMEDAD, AUNQUE NO REGULEN SEPARADAMENTE EL GRADO HIGROMETRICO. ";"LOS DEM?S.EN:20-UNIDADES AIRE PARA CAMION";"TC TECH";"SIN ACUERDO";0;368968;183566;0;3726581;149063;4428178
"26DA000000123137";"IMPORTACION";"IC04";"IMPORTACION A CONSUMO CON DOCUMENTO DE TRANSPORTE";"16/03/2026";"16/03/2026";"2026";"MARZO";"PTO SEGURO FLUVIAL";6499.04;"ACUATICO";"R";7;"CN - CHINA";"CN - CHINA";"NUEVO";"UNIDAD";210;1500;1500;2319;75.66;23.18;2417.84;15713638.87;0;0;"8708.30.11.000Y";"BIENES DE CAPITAL";"CAPITULO 87 VEHICULOS AUTOMOVILES, TRACTORES, CICLOS Y DEMAS  VEHICULOS TERRESTRES, SUS PARTES Y ACCESORIOS";"CAPITULO 87 VEHICULOS AUTOMOVILES, TRACTORES, CICLOS Y DEMAS  VEHICULOS TERRESTRES, SUS PARTES Y ACCESORIOS  PARTES Y ACCESORIOS PARA VEHICULOS AUTOMOVILES DE\nLAS PARTIDAS 87.01 A 87.05. -Frenos y servofrenos, y sus partes  -Frenos y servofrenos, y sus partes -Frenos y servofrenos; sus partes    Guarniciones para frenos montadas   De los veh¿culos de las subpartidas 8701.10, 8701.30, 8701.90 u 8704.10";"PARTES Y ACCESORIOS PARA VEHICULOS AUTOMOVILES DE\nLAS PARTIDAS 87.01 A 87.05. -Frenos y servofrenos, y sus partes";"LAS DEM?S";"";"SIN ACUERDO";0;0;78568;0;1579221;63169;1720958
"26DA000000123137";"IMPORTACION";"IC04";"IMPORTACION A CONSUMO CON DOCUMENTO DE TRANSPORTE";"16/03/2026";"16/03/2026";"2026";"MARZO";"PTO SEGURO FLUVIAL";6499.04;"ACUATICO";"R";10;"CN - CHINA";"CN - CHINA";"NUEVO";"UNIDAD";800;250;250;2473;80.68;24.72;2578.4;16757125;0;0;"8413.30.10.000Z";"REPUESTOS (AUTOPARTE)";"CALDERAS, MAQUINAS, APARATOS Y ARTEFACTOS MECANICOS; PARTES DE ESTAS MAQUINAS O APARATOS, REACTORES NUCLEARES";"CALDERAS, MAQUINAS, APARATOS Y ARTEFACTOS MECANICOS; PARTES DE ESTAS MAQUINAS O APARATOS, REACTORES NUCLEARES  BOMBAS PARA LIQUIDOS, INCLUSO CON DISPOSITIVO\nMEDIDOR INCORPORADO;ELEVADORES DE LIQUIDOS.    -Bombas de carburante, de aceite o de\n refrigerante para motores de encendido por\n chispa o por compresi¿n.       Para gasolina o para alcohol.";"BOMBAS PARA LIQUIDOS, INCLUSO CON DISPOSITIVO\nMEDIDOR INCORPORADO;ELEVADORES DE LIQUIDOS. ";"PARA GASOLINA O PARA ALCOHOL.\t VISIBILITYSELECCIONAR";"";"SIN ACUERDO";1675713;0;83786;0;1851662;74066;3685227
"26DA000000123137";"IMPORTACION";"IC04";"IMPORTACION A CONSUMO CON DOCUMENTO DE TRANSPORTE";"16/03/2026";"16/03/2026";"2026";"MARZO";"PTO SEGURO FLUVIAL";6499.04;"ACUATICO";"R";13;"CN - CHINA";"CN - CHINA";"NUEVO";"UNIDAD";1830;440;440;10952.1;357.32;109.52;11418.94;74212148;0;0;"8512.20.23.000F";"REPUESTOS (AUTOPARTE)";"CAPITULO 85  MAQUINAS, APARATOS Y MATERIAL ELECTRICO Y SUS PARTES; APARATOS DE GRABACION O DE REPRODUCCION  DEL SONIDO, APARATOS DE GRABACION O DE REPRODUCCION DE IMAGENES Y DE SONIDOS DE TELEVISION, Y LAS PARTES Y ACCESORIOS DE ESTOSAPARATOS.";"CAPITULO 85  MAQUINAS, APARATOS Y MATERIAL ELECTRICO Y SUS PARTES; APARATOS DE GRABACION O DE REPRODUCCION  DEL SONIDO, APARATOS DE GRABACION O DE REPRODUCCION DE IMAGENES Y DE SONIDOS DE TELEVISION, Y LAS PARTES Y ACCESORIOS DE ESTOSAPARATOS.  APARATOS ELECTRICOS DE ALUMBRADO O SE¿ALIZACION (EXCEPTO LOS ARTICULOS LOS DE LA PARTIDA 85.39),LIMPIAPARABRISAS, ELIMINADORES\nDE ESCARCHA O DE VAHO, ELECTRICOS, DEL TIPO DE\nLOS UTILIZADOS EN VELOC¿PEDOS O VEHICULOS AUTOMOVILES.    -Los dem¿s aparatos de alumbrado o de \n se¿alizaci¿n visual.    Aparatos de se¿alizaci¿n visual.     Cajas combinadas      Cajas combinadas.";"APARATOS ELECTRICOS DE ALUMBRADO O SE¿ALIZACION (EXCEPTO LOS ARTICULOS LOS DE LA PARTIDA 85.39),LIMPIAPARABRISAS, ELIMINADORES\nDE ESCARCHA O DE VAHO, ELECTRICOS, DEL TIPO DE\nLOS UTILIZADOS EN VELOC¿PEDOS O VEHICULOS AUTOMOVILES. ";"CAJAS COMBINADAS.";"";"SIN ACUERDO";7421215;820044;371061;0;8282447;331298;17226065
"26DA000000123137";"IMPORTACION";"IC04";"IMPORTACION A CONSUMO CON DOCUMENTO DE TRANSPORTE";"16/03/2026";"16/03/2026";"2026";"MARZO";"PTO SEGURO FLUVIAL";6499.04;"ACUATICO";"R";19;"CN - CHINA";"CN - CHINA";"NUEVO";"UNIDAD";185;250;250;1108.45;36.16;11.08;1155.69;7510875;0;0;"8536.50.90.000J";"INFORMATICA Y TELECOMUNICACIONES";"CAPITULO 85  MAQUINAS, APARATOS Y MATERIAL ELECTRICO Y SUS PARTES; APARATOS DE GRABACION O DE REPRODUCCION  DEL SONIDO, APARATOS DE GRABACION O DE REPRODUCCION DE IMAGENES Y DE SONIDOS DE TELEVISION, Y LAS PARTES Y ACCESORIOS DE ESTOSAPARATOS.";"CAPITULO 85  MAQUINAS, APARATOS Y MATERIAL ELECTRICO Y SUS PARTES; APARATOS DE GRABACION O DE REPRODUCCION  DEL SONIDO, APARATOS DE GRABACION O DE REPRODUCCION DE IMAGENES Y DE SONIDOS DE TELEVISION, Y LAS PARTES Y ACCESORIOS DE ESTOSAPARATOS.  APARATOS PARA CORTE, SECCIONAMIENTO, PROTECCI¿N,  DERIVACI¿N, EMPALME O CONEXI¿N DE CIRCUITOS EL¿CTRICOS (POR EJEMPLO: INTERRUPTORES, CONMUTADORES, REL¿S, CORTACIRCUITOS, SUPRESORES DE SOBRETENSI¿N TRANSITORIA, CLAVIJAS Y TOMAS DE CORRIENTE (ENCHUFES), PORTAL¿MPARAS Y DEM¿S CONECTORES, CAJAS DE EMPALME), PARA UNA TENSI¿N INFERIOR O IGUAL A 1.000 VOLTIOS; CONECTORES DE FIBRAS ¿PTICAS, HACES O CABLES DE FIBRAS ¿PTICAS.    -Los dem¿s interruptores, seccionadores y\n conmutadores.       Las dem¿s.";"APARATOS PARA CORTE, SECCIONAMIENTO, PROTECCI¿N,  DERIVACI¿N, EMPALME O CONEXI¿N DE CIRCUITOS EL¿CTRICOS (POR EJEMPLO: INTERRUPTORES, CONMUTADORES, REL¿S, CORTACIRCUITOS, SUPRESORES DE SOBRETENSI¿N TRANSITORIA, CLAVIJAS Y TOMAS DE CORRIENTE (ENCHUFES), PORTAL¿MPARAS Y DEM¿S CONECTORES, CAJAS DE EMPALME), PARA UNA TENSI¿N INFERIOR O IGUAL A 1.000 VOLTIOS; CONECTORES DE FIBRAS ¿PTICAS, HACES O CABLES DE FIBRAS ¿PTICAS. ";"LAS DEM?S.";"";"SIN ACUERDO";150218;0;37554;0;769865;30795;988432
"26DA000000123137";"IMPORTACION";"IC04";"IMPORTACION A CONSUMO CON DOCUMENTO DE TRANSPORTE";"16/03/2026";"16/03/2026";"2026";"MARZO";"PTO SEGURO FLUVIAL";6499.04;"ACUATICO";"R";21;"CN - CHINA";"CN - CHINA";"NUEVO";"UNIDAD";90;150;150;1295.1;42.25;12.95;1350.3;8775654;0;0;"8512.90.00.000M";"REPUESTOS (AUTOPARTE)";"CAPITULO 85  MAQUINAS, APARATOS Y MATERIAL ELECTRICO Y SUS PARTES; APARATOS DE GRABACION O DE REPRODUCCION  DEL SONIDO, APARATOS DE GRABACION O DE REPRODUCCION DE IMAGENES Y DE SONIDOS DE TELEVISION, Y LAS PARTES Y ACCESORIOS DE ESTOSAPARATOS.";"CAPITULO 85  MAQUINAS, APARATOS Y MATERIAL ELECTRICO Y SUS PARTES; APARATOS DE GRABACION O DE REPRODUCCION  DEL SONIDO, APARATOS DE GRABACION O DE REPRODUCCION DE IMAGENES Y DE SONIDOS DE TELEVISION, Y LAS PARTES Y ACCESORIOS DE ESTOSAPARATOS.  APARATOS ELECTRICOS DE ALUMBRADO O SE¿ALIZACION (EXCEPTO LOS ARTICULOS LOS DE LA PARTIDA 85.39),LIMPIAPARABRISAS, ELIMINADORES\nDE ESCARCHA O DE VAHO, ELECTRICOS, DEL TIPO DE\nLOS UTILIZADOS EN VELOC¿PEDOS O VEHICULOS AUTOMOVILES.      -Partes  -Partes.";"APARATOS ELECTRICOS DE ALUMBRADO O SE¿ALIZACION (EXCEPTO LOS ARTICULOS LOS DE LA PARTIDA 85.39),LIMPIAPARABRISAS, ELIMINADORES\nDE ESCARCHA O DE VAHO, ELECTRICOS, DEL TIPO DE\nLOS UTILIZADOS EN VELOC¿PEDOS O VEHICULOS AUTOMOVILES. ";"-PARTES.";"";"SIN ACUERDO";877565;96971;43878;0;979407;39176;2036997
"26DA000000123137";"IMPORTACION";"IC04";"IMPORTACION A CONSUMO CON DOCUMENTO DE TRANSPORTE";"16/03/2026";"16/03/2026";"2026";"MARZO";"PTO SEGURO FLUVIAL";6499.04;"ACUATICO";"R";3;"CN - CHINA";"CN - CHINA";"NUEVO";"UNIDAD";200;250;250;3052;99.57;30.51;3182.08;20680465.2;0;0;"8483.90.00.000U";"BIENES DE CAPITAL";"CALDERAS, MAQUINAS, APARATOS Y ARTEFACTOS MECANICOS; PARTES DE ESTAS MAQUINAS O APARATOS, REACTORES NUCLEARES";"CALDERAS, MAQUINAS, APARATOS Y ARTEFACTOS MECANICOS; PARTES DE ESTAS MAQUINAS O APARATOS, REACTORES NUCLEARES  ARBOLES DE TRANSMISION (INCLUIDOS LOS DE LEVAS Y\nLOS CIGUE¿ALES) Y MANIVELAS; CAJAS DE COJINETES Y\nCOJINETES; ENGRANAJES Y RUEDAS DE FRICCION;\nHUSILLOS FILETEADOS DE BOLAS O RODILLOS; REDUCTORES, MULTIPLICADORES Y VARIADORES DE VELOCIDAD, INCLUIDOS LOS CONVERTIDORES DE PAR;\nVOLANTES Y POLEAS, INCLUIDOS LOS MOTONES; \nEMBRAGUES Y ORGANOS DE ACOPLAMIENTO, INCLUIDAS\nLAS JUNTAS DE ARTICULACION.        -Ruedas dentadas y dem¿s ¿rganos elementales de transmisi¿n presentados aisladamente; partes";"ARBOLES DE TRANSMISION (INCLUIDOS LOS DE LEVAS Y\nLOS CIGUE¿ALES) Y MANIVELAS; CAJAS DE COJINETES Y\nCOJINETES; ENGRANAJES Y RUEDAS DE FRICCION;\nHUSILLOS FILETEADOS DE BOLAS O RODILLOS; REDUCTORES, MULTIPLICADORES Y VARIADORES DE VELOCIDAD, INCLUIDOS LOS CONVERTIDORES DE PAR;\nVOLANTES Y POLEAS, INCLUIDOS LOS MOTONES; \nEMBRAGUES Y ORGANOS DE ACOPLAMIENTO, INCLUIDAS\nLAS JUNTAS DE ARTICULACION. ";"RUEDAS DENTADAS Y DEM¿S ¿RGANOS ELEMENTALES DE TRANSMISI¿N PRESENTADOS AISLADAMENTE; PARTES200-UNDADES MASA DE RUEDA";"TC TECH";"SIN ACUERDO";0;0;103402;0;2078387;83135;2264924
"26DA000000123137";"IMPORTACION";"IC04";"IMPORTACION A CONSUMO CON DOCUMENTO DE TRANSPORTE";"16/03/2026";"16/03/2026";"2026";"MARZO";"PTO SEGURO FLUVIAL";6499.04;"ACUATICO";"R";14;"CN - CHINA";"CN - CHINA";"NUEVO";"UNIDAD";500;50;50;420;13.7;4.19;437.89;2845865;0;0;"7315.11.90.000H";"NT";"CAPITULO 73 MANUFACTURAS DE FUNDICION, DE HIERRO O DE  ACERO.";"CAPITULO 73 MANUFACTURAS DE FUNDICION, DE HIERRO O DE  ACERO.  CADENAS Y SUS PARTES, DE FUNDICION, HIERRO O ACERO. -Cadenas de eslabones articulados y sus partes:\n  -Cadenas de eslabones articulados y sus partes:\n -- Cadenas de rodillos    Los demas";"CADENAS Y SUS PARTES, DE FUNDICION, HIERRO O ACERO. -Cadenas de eslabones articulados y sus partes:\n";"LOS DEMAS EN:500-UNIDADES CADENA DE TRANSMISION";"TC TECH";"SIN ACUERDO";358579;0;14229;0;321867;12875;707550
"26DA000000123137";"IMPORTACION";"IC04";"IMPORTACION A CONSUMO CON DOCUMENTO DE TRANSPORTE";"16/03/2026";"16/03/2026";"2026";"MARZO";"PTO SEGURO FLUVIAL";6499.04;"ACUATICO";"R";17;"CN - CHINA";"CN - CHINA";"NUEVO";"UNIDAD";50;50;50;1381;45.05;13.8;1439.85;9357643;0;0;"9026.20.90.000X";"REPUESTOS (AUTOPARTE)";"CAPITULO 90  INSTRUMENTOS Y APARATOS DE OPTICA, DEFOTOGRAFIA O DE CINEMATOGRAFIA, DE MEDIDA, DE  CONTROL O DE PRECISION; INSTRUMENTOS Y APARATOS MEDICOQUIRURGICOS; PARTES Y ACCESORIOS DE ESTOSINSTRUMENTOS O APARATOS";"CAPITULO 90  INSTRUMENTOS Y APARATOS DE OPTICA, DEFOTOGRAFIA O DE CINEMATOGRAFIA, DE MEDIDA, DE  CONTROL O DE PRECISION; INSTRUMENTOS Y APARATOS MEDICOQUIRURGICOS; PARTES Y ACCESORIOS DE ESTOSINSTRUMENTOS O APARATOS  INSTRUMENTOS Y APARATOS PARA LA MEDIDA O CONTROL DEL CAUDAL, NIVEL, PRESION U OTRAS CARACTERISTICAS VARIABLES DE LIQUIDOS O GASES (POR EJEMPLO: CAUDALIMETROS, INDICADORES DE NIVEL, MANOMETROS, CONTADORES DE CALOR), EXCEPTO LOS INSTRUMENTOS Y APARATOS DE LAS PARTIDAS 90.14, 90.15, 90.28 O 90.32.    -Para medida o control de presi¿n.       Los dem¿s.";"INSTRUMENTOS Y APARATOS PARA LA MEDIDA O CONTROL DEL CAUDAL, NIVEL, PRESION U OTRAS CARACTERISTICAS VARIABLES DE LIQUIDOS O GASES (POR EJEMPLO: CAUDALIMETROS, INDICADORES DE NIVEL, MANOMETROS, CONTADORES DE CALOR), EXCEPTO LOS INSTRUMENTOS Y APARATOS DE LAS PARTIDAS 90.14, 90.15, 90.28 O 90.32. ";"LOS DEM?S. EN:50-UNIDADES SENSOR";"TC TECH";"SIN ACUERDO";467882;0;46788;0;987231;39489;1541390
"26DA000000123137";"IMPORTACION";"IC04";"IMPORTACION A CONSUMO CON DOCUMENTO DE TRANSPORTE";"16/03/2026";"16/03/2026";"2026";"MARZO";"PTO SEGURO FLUVIAL";6499.04;"ACUATICO";"R";22;"CN - CHINA";"CN - CHINA";"NUEVO";"UNIDAD";180;250;250;2450.4;79.94;24.5;2554.84;16604007;0;0;"7009.10.00.000R";"REPUESTOS (AUTOPARTE)";"CAPITULO 70VIDRIO Y MANUFACTURAS DE VIDRIO";"CAPITULO 70VIDRIO Y MANUFACTURAS DE VIDRIO  ESPEJOS DE VIDRIO, ENMARCADOS O NO, INCLUIDOS LOS\nESPEJOS RETROVISORES.        -Espejos retrovisores para veh¿culos.";"ESPEJOS DE VIDRIO, ENMARCADOS O NO, INCLUIDOS LOS\nESPEJOS RETROVISORES. ";"-ESPEJOS RETROVISORES PARA VEH?CULOS.";"";"SIN ACUERDO";1660401;0;83020;0;1834743;73390;3651554
"26DA000000123137";"IMPORTACION";"IC04";"IMPORTACION A CONSUMO CON DOCUMENTO DE TRANSPORTE";"16/03/2026";"16/03/2026";"2026";"MARZO";"PTO SEGURO FLUVIAL";6499.04;"ACUATICO";"R";23;"CN - CHINA";"CN - CHINA";"NUEVO";"UNIDAD";195;500;500;2259.7;73.72;22.59;2356.01;15311803.23;0;0;"8431.49.29.000D";"BIENES DE CAPITAL";"CALDERAS, MAQUINAS, APARATOS Y ARTEFACTOS MECANICOS; PARTES DE ESTAS MAQUINAS O APARATOS, REACTORES NUCLEARES";"CALDERAS, MAQUINAS, APARATOS Y ARTEFACTOS MECANICOS; PARTES DE ESTAS MAQUINAS O APARATOS, REACTORES NUCLEARES  PARTES IDENTIFICABLES COMO DESTINADAS, EXCLUSIVA O PRINCIPALMENTE, A LAS MAQUINAS O APARATOS DE LAS PARTIDAS 84.25 A 84.30. -De m¿quinas o aparatos de las Partidas 8426, \n 8429 u 8430.  -De m¿quinas o aparatos de las Partidas 8426, \n 8429 u 8430. --Las dem¿s        Las dem¿s";"PARTES IDENTIFICABLES COMO DESTINADAS, EXCLUSIVA O PRINCIPALMENTE, A LAS MAQUINAS O APARATOS DE LAS PARTIDAS 84.25 A 84.30. -De m¿quinas o aparatos de las Partidas 8426, \n 8429 u 8430.";"EMBRAGUES Y SUS PARTES.";"";"SIN ACUERDO";0;0;76559;0;1538836;61553;1676948
"26DA000000123137";"IMPORTACION";"IC04";"IMPORTACION A CONSUMO CON DOCUMENTO DE TRANSPORTE";"16/03/2026";"16/03/2026";"2026";"MARZO";"PTO SEGURO FLUVIAL";6499.04;"ACUATICO";"R";1;"CN - CHINA";"CN - CHINA";"NUEVO";"UNIDAD";254;1500;1500;2995.02;97.71;29.95;3122.68;20294422;0;0;"8421.31.00.000K";"REPUESTOS (AUTOPARTE)";"CALDERAS, MAQUINAS, APARATOS Y ARTEFACTOS MECANICOS; PARTES DE ESTAS MAQUINAS O APARATOS, REACTORES NUCLEARES";"CALDERAS, MAQUINAS, APARATOS Y ARTEFACTOS MECANICOS; PARTES DE ESTAS MAQUINAS O APARATOS, REACTORES NUCLEARES  CENTRIFUGADORAS INCLUIDAS LAS SECADORAS \nCENTRIFUGAS; APARATOS PARA FILTRAR O DEPURAR \nLIQUIDOS O GASES. -Aparatos para filtrar o depurar gases.\n  -Aparatos para filtrar o depurar gases.\n   --Filtros de entrada de aire para motores de\nencendido por chispa o por compresi¿n.  Filtros de entrada de aire para motores de encendido por chispa o por compresi¿n.";"CENTRIFUGADORAS INCLUIDAS LAS SECADORAS \nCENTRIFUGAS; APARATOS PARA FILTRAR O DEPURAR \nLIQUIDOS O GASES. -Aparatos para filtrar o depurar gases.\n";"FILTROS DE ENTRADA DE AIRE PARA MOTORES DE ENCENDI";"";"SIN ACUERDO";1014721;0;101472;0;2141062;85642;3342897
"26DA000000123137";"IMPORTACION";"IC04";"IMPORTACION A CONSUMO CON DOCUMENTO DE TRANSPORTE";"16/03/2026";"16/03/2026";"2026";"MARZO";"PTO SEGURO FLUVIAL";6499.04;"ACUATICO";"R";6;"CN - CHINA";"CN - CHINA";"NUEVO";"UNIDAD";400;150;150;2500;81.56;24.99;2606.55;16940073;0;0;"8483.50.90.000A";"REPUESTOS (AUTOPARTE)";"CALDERAS, MAQUINAS, APARATOS Y ARTEFACTOS MECANICOS; PARTES DE ESTAS MAQUINAS O APARATOS, REACTORES NUCLEARES";"CALDERAS, MAQUINAS, APARATOS Y ARTEFACTOS MECANICOS; PARTES DE ESTAS MAQUINAS O APARATOS, REACTORES NUCLEARES  ARBOLES DE TRANSMISION (INCLUIDOS LOS DE LEVAS Y\nLOS CIGUE¿ALES) Y MANIVELAS; CAJAS DE COJINETES Y\nCOJINETES; ENGRANAJES Y RUEDAS DE FRICCION;\nHUSILLOS FILETEADOS DE BOLAS O RODILLOS; REDUCTORES, MULTIPLICADORES Y VARIADORES DE VELOCIDAD, INCLUIDOS LOS CONVERTIDORES DE PAR;\nVOLANTES Y POLEAS, INCLUIDOS LOS MOTONES; \nEMBRAGUES Y ORGANOS DE ACOPLAMIENTO, INCLUIDAS\nLAS JUNTAS DE ARTICULACION.    -Volantes y poleas, inclu¿dos los motones.\n       Los dem¿s";"ARBOLES DE TRANSMISION (INCLUIDOS LOS DE LEVAS Y\nLOS CIGUE¿ALES) Y MANIVELAS; CAJAS DE COJINETES Y\nCOJINETES; ENGRANAJES Y RUEDAS DE FRICCION;\nHUSILLOS FILETEADOS DE BOLAS O RODILLOS; REDUCTORES, MULTIPLICADORES Y VARIADORES DE VELOCIDAD, INCLUIDOS LOS CONVERTIDORES DE PAR;\nVOLANTES Y POLEAS, INCLUIDOS LOS MOTONES; \nEMBRAGUES Y ORGANOS DE ACOPLAMIENTO, INCLUIDAS\nLAS JUNTAS DE ARTICULACION. ";"LOS DEM?S EN:400-UNIDADES POLEAS";"TC TECH";"SIN ACUERDO";847004;0;84700;0;1787178;71487;2790369
"26DA000000123137";"IMPORTACION";"IC04";"IMPORTACION A CONSUMO CON DOCUMENTO DE TRANSPORTE";"16/03/2026";"16/03/2026";"2026";"MARZO";"PTO SEGURO FLUVIAL";6499.04;"ACUATICO";"R";15;"CN - CHINA";"CN - CHINA";"NUEVO";"UNIDAD";110;500;500;1102.2;35.96;11.02;1149.18;7468566;0;0;"8301.20.00.000L";"REPUESTOS (AUTOPARTE)";"CAPITULO 83 MANUFACTURAS DIVERSAS DE METALES COMUNES.";"CAPITULO 83 MANUFACTURAS DIVERSAS DE METALES COMUNES.  CANDADOS, CERRADURAS Y CERROJOS (DE LLAVE, COMBINACION O ELECTRICOS), DE METAL COMUN;CIERRES Y MONTURAS CIERRE, CON CERRADURA INCORPORADA, DE METAL COMUN; LLAVES DE METAL COMUN PARA ESTOS ARTICULOS.        -Cerraduras de los tipos utilizados en los \n veh¿culos autom¿viles.";"CANDADOS, CERRADURAS Y CERROJOS (DE LLAVE, COMBINACION O ELECTRICOS), DE METAL COMUN;CIERRES Y MONTURAS CIERRE, CON CERRADURA INCORPORADA, DE METAL COMUN; LLAVES DE METAL COMUN PARA ESTOS ARTICULOS. ";"-CERRADURAS DE LOS TIPOS UTILIZADOS EN LOS VEH?C";"";"SIN ACUERDO";746857;0;37343;0;825277;33011;1642488
"26DA000000123137";"IMPORTACION";"IC04";"IMPORTACION A CONSUMO CON DOCUMENTO DE TRANSPORTE";"16/03/2026";"16/03/2026";"2026";"MARZO";"PTO SEGURO FLUVIAL";6499.04;"ACUATICO";"R";18;"CN - CHINA";"CN - CHINA";"NUEVO";"UNIDAD";975;500;500;23167.25;755.86;231.68;24154.79;156982946.4;0;0;"8481.80.92.000W";"BIENES DE CAPITAL";"CALDERAS, MAQUINAS, APARATOS Y ARTEFACTOS MECANICOS; PARTES DE ESTAS MAQUINAS O APARATOS, REACTORES NUCLEARES";"CALDERAS, MAQUINAS, APARATOS Y ARTEFACTOS MECANICOS; PARTES DE ESTAS MAQUINAS O APARATOS, REACTORES NUCLEARES  ARTICULOS DE GRIFERIA Y ORGANOS SIMILARES PARA\nTUBERIAS, CALDERAS, DEPOSITOS, CUBAS O\nCONTINENTES SIMILARES, INCLUIDAS LAS VALVULAS\nREDUCTORAS DE PRESION Y LAS VALVULAS\nTERMOSTATICAS    -Los dem¿s art¿culos de grifer¿a y ¿rganos\n similares.    Los dem¿s.       V¿lvulas solenoides.";"ARTICULOS DE GRIFERIA Y ORGANOS SIMILARES PARA\nTUBERIAS, CALDERAS, DEPOSITOS, CUBAS O\nCONTINENTES SIMILARES, INCLUIDAS LAS VALVULAS\nREDUCTORAS DE PRESION Y LAS VALVULAS\nTERMOSTATICAS ";"V?LVULAS SOLENOIDES.";"";"SIN ACUERDO";0;0;784915;0;15776786;631071;17192772
"26DA000000123137";"IMPORTACION";"IC04";"IMPORTACION A CONSUMO CON DOCUMENTO DE TRANSPORTE";"16/03/2026";"16/03/2026";"2026";"MARZO";"PTO SEGURO FLUVIAL";6499.04;"ACUATICO";"R";24;"CN - CHINA";"CN - CHINA";"NUEVO";"UNIDAD";60;250;250;130.8;4.26;1.3;136.36;886209;0;0;"9032.10.90.000E";"REPUESTOS (AUTOPARTE)";"CAPITULO 90  INSTRUMENTOS Y APARATOS DE OPTICA, DEFOTOGRAFIA O DE CINEMATOGRAFIA, DE MEDIDA, DE  CONTROL O DE PRECISION; INSTRUMENTOS Y APARATOS MEDICOQUIRURGICOS; PARTES Y ACCESORIOS DE ESTOSINSTRUMENTOS O APARATOS";"CAPITULO 90  INSTRUMENTOS Y APARATOS DE OPTICA, DEFOTOGRAFIA O DE CINEMATOGRAFIA, DE MEDIDA, DE  CONTROL O DE PRECISION; INSTRUMENTOS Y APARATOS MEDICOQUIRURGICOS; PARTES Y ACCESORIOS DE ESTOSINSTRUMENTOS O APARATOS  INSTRUMENTOS Y APARATOS PARA LA REGULACION O EL\nCONTROL, AUTOMATICOS.    -Termost¿tos.     Los demas     Los dem¿s.";"INSTRUMENTOS Y APARATOS PARA LA REGULACION O EL\nCONTROL, AUTOMATICOS. ";"LOS DEM?S. EN:60-UNIDADES TERMOSTATO";"TC TECH";"SIN ACUERDO";44310;0;4431;0;93495;3740;145976
"26DA000000123138";"IMPORTACION";"IM05";"IMPORTACION MENOR S/ DOC DE TRANS. C/ CODIGO DE BARRAS";"16/03/2026";"16/03/2026";"2026";"MARZO";"CIUDAD DEL ESTE";6499.04;"";"V";3;"BR - BRASIL";"BR - BRASIL";"NUEVO";"METRO CUADRADO";222;1000;1000;467.48;6.36;4.68;478.52;3109893.63;0;0;"6907.22.00.000T";"PRODUCTOS CERAMICOS";"CAPITULO 69 PRODUCTOS CERAMICOS";"CAPITULO 69 PRODUCTOS CERAMICOS  PLACAS Y BALDOSAS, DE CERAMICA, SIN BARNIZAR NI ESMALTAR, PARA PAVIMENTACION O REVESTIMIENTO; CUBOS, DADOS Y ARTICULOS SIMILARES, DE CERAMICA, PARA MOSAICOS, SIN BARNIZAR NI ESMALTAR, INCLUSO CON SOPORTE.        -- Con un coeficiente de absorci¿n de agua superior al 0,5 % pero inferior o igual al 10 %, en peso\r\n";"PLACAS Y BALDOSAS, DE CERAMICA, SIN BARNIZAR NI ESMALTAR, PARA PAVIMENTACION O REVESTIMIENTO; CUBOS, DADOS Y ARTICULOS SIMILARES, DE CERAMICA, PARA MOSAICOS, SIN BARNIZAR NI ESMALTAR, INCLUSO CON SOPORTE. ";"LOS DEMAS EN 222 M2 PISO CERAMICO CEDASA 58X58";"CEDASA";"MERCOSUR";0;0;15549;0;312544;12502;340595
"26DA000000123138";"IMPORTACION";"IM05";"IMPORTACION MENOR S/ DOC DE TRANS. C/ CODIGO DE BARRAS";"16/03/2026";"16/03/2026";"2026";"MARZO";"CIUDAD DEL ESTE";6499.04;"";"V";2;"BR - BRASIL";"BR - BRASIL";"NUEVO";"KILOGRAMO";1000;1000;1000;535.08;7.28;5.35;547.71;3559568.65;0;0;"3214.90.00.000L";"COLORANTES Y PINTURAS";"CAPITULO 32 EXTRACTOS CURTIENTES O TINTOREOS; TANINOS Y SUSDERIVADOS; PIGMENTOS Y DEMAS MATERIAS COLORANTES;  PINTURAS Y BARNICES; MASTIQUES; TINTAS";"CAPITULO 32 EXTRACTOS CURTIENTES O TINTOREOS; TANINOS Y SUSDERIVADOS; PIGMENTOS Y DEMAS MATERIAS COLORANTES;  PINTURAS Y BARNICES; MASTIQUES; TINTAS  MASILLA, CEMENTOS DE RESINA Y DEMAS MASTIQUES;\nPLASTES (ENDUIDOS) UTILIZADOS EN PINTURA; PLASTES (ENDUIDOS) NO REFRACTARIOS DE LOS TIPOS UTILIZADOS EN ALBA¿ILERIA.        -Los dem¿s.";"MASILLA, CEMENTOS DE RESINA Y DEMAS MASTIQUES;\nPLASTES (ENDUIDOS) UTILIZADOS EN PINTURA; PLASTES (ENDUIDOS) NO REFRACTARIOS DE LOS TIPOS UTILIZADOS EN ALBA¿ILERIA. ";"LOS DEMAS EN 348 BOLSA DE ARGAMASSA QUARTZOLIT INTERNA ACI 20KG";"QUARTZOLIT";"MERCOSUR";0;0;17798;0;357737;14309;389844
"26DA000000123138";"IMPORTACION";"IM05";"IMPORTACION MENOR S/ DOC DE TRANS. C/ CODIGO DE BARRAS";"16/03/2026";"16/03/2026";"2026";"MARZO";"CIUDAD DEL ESTE";6499.04;"";"V";1;"BR - BRASIL";"BR - BRASIL";"NUEVO";"KILOGRAMO";1000;1000;1000;256.06;3.48;2.56;262.1;1703422.43;0;0;"2522.20.00.000G";"PRODUCTOS MINERALES (CEMENTOS, CAL, SAL Y OTROS)";"CAPITULO 25 SAL; AZUFRE; TIERRAS Y PIEDRAS; YESOS, CALES Y CEMENTOS";"CAPITULO 25 SAL; AZUFRE; TIERRAS Y PIEDRAS; YESOS, CALES Y CEMENTOS  CAL VIVA, CAL APAGADA Y CAL HIDRAULICA, EXCEPTO EL OXIDO Y EL HIDROXIDO DE CALCIO DE LA PARTIDA 2825.        -Cal apagada.";"CAL VIVA, CAL APAGADA Y CAL HIDRAULICA, EXCEPTO EL OXIDO Y EL HIDROXIDO DE CALCIO DE LA PARTIDA 2825. ";"LOS DEMAS EN 232 BOLSA DE CAL TANCAL HIDRATADA CH III 15KG";"CAL TANCAL";"MERCOSUR";0;0;8517;0;171194;6848;186559
"26DA000000123139";"EXPORTACION";"EFC1";"EXPORTACION COMPLEMENTARIA";"13/03/2026";"16/03/2026";"2026";"MARZO";"PEDRO JUAN CABALLERO";6457.36;"CAMION";"V";1;"PY - PARAGUAY";"BR - BRASIL";"NUEVO";"KILOGRAMO";650000;32000;32000;7104;736;0;7953.31;51357409.6;0;0;"1001.99.00.000M";"CEREALES (TRIGO, ARROZ, MAIZ Y SORGO)";"CAPITULO 10  CEREALES";"CAPITULO 10  CEREALES  TRIGO Y MORCAJO (TRANQUILLON). - Los dem¿s:\r\n  - Los dem¿s:\r\n     - - Los dem¿s\r\n";"TRIGO Y MORCAJO (TRANQUILLON). - Los dem¿s:\r\n";"650 SEISCIENTOS CINCUENTA TONELADAS METRICA DE  TRIGO PARAGUAYO  A GRANEL ,SAFRA 2025";"ML";"MERCOSUR";0;0;0;0;0;0;0
"26DA000000123354";"EXPORTACION";"EC03";"EXPORTACION A CONSUMO C/DIT CON TRANFORMACION";"11/03/2026";"18/03/2026";"2026";"MARZO";"PUERTO SECO BOREAL";6498.1;"CAMION";"V";1;"PY - PARAGUAY";"CL - CHILE";"NUEVO";"KILOGRAMO";28000;28000;28500;10780;0;0;10780;70049518;0;0;"1006.30.21.000P";"CEREALES (TRIGO, ARROZ, MAIZ Y SORGO)";"CAPITULO 10  CEREALES";"CAPITULO 10  CEREALES  ARROZ.    -Arroz semiblanqueado o blanqueado, incluso\n pulido o glaseado.    No parboilizado.       Pulido o glaseado";"ARROZ. ";"ARROZ GRANO LARGO MERKAT G2 1KG";"MERKAT";"MERCOCHILE";0;0;0;0;0;0;0
"26DA000000123355";"EXPORTACION";"EFC1";"EXPORTACION COMPLEMENTARIA";"13/03/2026";"18/03/2026";"2026";"MARZO";"PUERTO SECO BOREAL";6457.36;"CAMION";"V";1;"PY - PARAGUAY";"CL - CHILE";"NUEVO";"KILOGRAMO";28000;28000;28500;10780;0;0;10848.01;70049518;0;0;"1006.30.21.000P";"CEREALES (TRIGO, ARROZ, MAIZ Y SORGO)";"CAPITULO 10  CEREALES";"CAPITULO 10  CEREALES  ARROZ.    -Arroz semiblanqueado o blanqueado, incluso\n pulido o glaseado.    No parboilizado.       Pulido o glaseado";"ARROZ. ";"ARROZ GRANO LARGO MERKAT G2 1KG";"MERKAT";"MERCOCHILE";0;0;0;0;0;0;0
"26DA000000123356";"EXPORTACION";"EFC1";"EXPORTACION COMPLEMENTARIA";"10/03/2026";"18/03/2026";"2026";"MARZO";"CAACUPEMI - PILAR";6495.22;"ACUATICO";"R";1;"PY - PARAGUAY";"GB - REINO UNIDO";"NUEVO";"KILOGRAMO";500000;25000;25025;9050;2450;0;11413.03;74130150;0;0;"1006.20.10.000H";"CEREALES (TRIGO, ARROZ, MAIZ Y SORGO)";"CAPITULO 10  CEREALES";"CAPITULO 10  CEREALES  ARROZ.    -Arroz descascarillado (arroz cargo o arroz\n pardo).       Parboilizado.";"ARROZ. ";"EXP- ARROZ PARBOLIZADO INTEGRAL A GRANEL";"S-M";"SIN ACUERDO";0;0;0;0;0;0;0
"26DA000000123357";"EXPORTACION";"EC01";"EXPORTACION A CONSUMO";"09/03/2026";"18/03/2026";"2026";"MARZO";"CAACUPEMI - PILAR";6446.1;"ACUATICO";"V";1;"PY - PARAGUAY";"GB - REINO UNIDO";"NUEVO";"KILOGRAMO";500000;500000;520520;181000;49000;0;230000;1482603000;0;0;"1006.20.10.000H";"CEREALES (TRIGO, ARROZ, MAIZ Y SORGO)";"CAPITULO 10  CEREALES";"CAPITULO 10  CEREALES  ARROZ.    -Arroz descascarillado (arroz cargo o arroz\n pardo).       Parboilizado.";"ARROZ. ";"EXP- ARROZ PARBOLIZADO INTEGRAL A GRANEL";"S-M";"SIN ACUERDO";0;0;0;0;0;0;0
"26DA000000123358";"IMPORTACION";"IC04";"IMPORTACION A CONSUMO CON DOCUMENTO DE TRANSPORTE";"17/03/2026";"18/03/2026";"2026";"MARZO";"AEROP. PETTIROSSI";6487.88;"AVION";"V";1;"BR - BRASIL";"BR - BRASIL";"NUEVO";"UNIDAD";20000;51.92;55.92;5100;270;51;5471;35495191.48;50;0;"3923.50.00.000C";"PLASTICOS Y SUS MANUFACTURAS";"CAPITULO 39 MATERIAS PLASTICAS Y MANUFACTURAS DE ESTAS  MATERIAS";"CAPITULO 39 MATERIAS PLASTICAS Y MANUFACTURAS DE ESTAS  MATERIAS  ARTICULOS PARA EL TRANSPORTE O ENVASADO, DE PLASTICO; TAPONES, TAPAS, CAPSULAS Y DEMAS DISPOSITIVOS DE CIERRE, DE PLASTICO.        -Tapones, tapas, c¿psulas y dem¿s dispositivos de\n cierre.";"ARTICULOS PARA EL TRANSPORTE O ENVASADO, DE PLASTICO; TAPONES, TAPAS, CAPSULAS Y DEMAS DISPOSITIVOS DE CIERRE, DE PLASTICO. ";"TAPONES, TAPAS, C?PSULAS Y DEM?S DISPOSITIVOS EN; 20.000 UNIDADES ETIQUETAS LASER PC BLUE Y WHITE";"ELC";"MERCOSUR";0;0;177476;0;3567267;142691;3887434
"26DA000000123359";"EXPORTACION";"EFC1";"EXPORTACION COMPLEMENTARIA";"17/03/2026";"18/03/2026";"2026";"MARZO";"PTO SEGURO FLUVIAL";6487.88;"ACUATICO";"V";1;"PY - PARAGUAY";"DE - ALEMANIA";"NUEVO";"TONELADA";204.5;18750;19250;8134.07;0;0;8134.07;52772870.07;0;0;"4402.90.00.300R";"CARBON VEGETAL";"CAPITULO 44 MADERA, CARBON VEGETAL Y MANUFACTURAS DE MADERA";"CAPITULO 44 MADERA, CARBON VEGETAL Y MANUFACTURAS DE MADERA  CARB¿N VEGETAL (COMPRENDIDO EL DE C¿SCARAS O DE HUESOS [CAROZOS]* DE FRUTOS), INCLUSO AGLOMERADO.      -Los demas        Carb¿n";"CARB¿N VEGETAL (COMPRENDIDO EL DE C¿SCARAS O DE HUESOS [CAROZOS]* DE FRUTOS), INCLUSO AGLOMERADO. ";"CARBON VEGETAL EN BOLSAS.";"";"SIN ACUERDO";0;0;0;0;0;0;0
"26DA000000123360";"IMPORTACION";"IC04";"IMPORTACION A CONSUMO CON DOCUMENTO DE TRANSPORTE";"17/03/2026";"18/03/2026";"2026";"MARZO";"TERPORT - VILLETA";6487.88;"ACUATICO";"V";1;"CN - CHINA";"CN - CHINA";"NUEVO";"KILOGRAMO";27030;27030;28143;35652.57;3000;149.83;38942.4;252653618;140;0;"3402.39.90.000C";"JABONES Y PREPARACIONES PARA EL LAVADO";"CAPITULO 34 JABONES, AGENTES DE SUPERFICIE ORGANICOS,  PREPARACIONES PARA LAVAR, PREPARACIONESLUBRICANTES, CERAS ARTIFICIALES, CERAS PREPARADAS,PRODUCTOS DE LIMPIEZA, VELAS Y ARTICULOS SIMILARES, PASTAS PARA MODELAR, CERAS PARA ODONTOLOGIA Y PREPARACIONES PARA USO EN  ODONTOLOGIA A BASE DE YESO FRAGUABLE.";"CAPITULO 34 JABONES, AGENTES DE SUPERFICIE ORGANICOS,  PREPARACIONES PARA LAVAR, PREPARACIONESLUBRICANTES, CERAS ARTIFICIALES, CERAS PREPARADAS,PRODUCTOS DE LIMPIEZA, VELAS Y ARTICULOS SIMILARES, PASTAS PARA MODELAR, CERAS PARA ODONTOLOGIA Y PREPARACIONES PARA USO EN  ODONTOLOGIA A BASE DE YESO FRAGUABLE.  AGENTES DE SUPERFICIE ORGANICOS (EXCEPTO EL \nJAB¿N); PREPARACIONES TENSOACTIVAS,\nPREPARACIONES DE LAVAR (INCLUIDAS LAS\nPREPARACIONES AUXILIARES PARA LAVADO) Y \nPREPARACIONES PARA LIMPIEZA, AUNQUE CONTENGAN\nJABON, EXCEPTO LAS DE LA PARTIDA 34.01. - Agentes de superficie org¿nicos ani¿nicos, incluso acondicionados para la venta al por menor:  - Agentes de superficie org¿nicos ani¿nicos, incluso acondicionados para la venta al por menor: -- Los dem¿s    Los dem¿s";"AGENTES DE SUPERFICIE ORGANICOS (EXCEPTO EL \nJAB¿N); PREPARACIONES TENSOACTIVAS,\nPREPARACIONES DE LAVAR (INCLUIDAS LAS\nPREPARACIONES AUXILIARES PARA LAVADO) Y \nPREPARACIONES PARA LIMPIEZA, AUNQUE CONTENGAN\nJABON, EXCEPTO LAS DE LA PARTIDA 34.01. - Agentes de superficie org¿nicos ani¿nicos, incluso acondicionados para la venta al por menor:";"SODIUM LAURYL ETHER SULPHATE 70%";"LBS CHEM LIMITED";"SIN ACUERDO";0;0;1263268;0;25391689;1015668;27670625
"26DA000000123361";"IMPORTACION";"IC04";"IMPORTACION A CONSUMO CON DOCUMENTO DE TRANSPORTE";"17/03/2026";"18/03/2026";"2026";"MARZO";"EMPEDRIL S.A.";6487.88;"CAMION";"V";1;"AR - ARGENTINA";"AR - ARGENTINA";"NUEVO";"KILOGRAMO";27452;27452;27452;19748.98;2196.16;16.46;21961.6;142484225.41;0;0;"7214.91.00.000H";"FUNDICION DE HIERRO Y ACERO";"Capitulos 72 METALES COMUNES Y MANUFACTURAS DE ESTOS METALES.";"Capitulos 72 METALES COMUNES Y MANUFACTURAS DE ESTOS METALES.  BARRAS DE HIERRO O DE ACERO SIN ALEAR,\nSIMPLEMENTE FORJADAS, LAMINADAS O EXTRUDIDAS\nEN CALIENTE, ASI COMO LAS SOMETIDAS A TORSION DESPUES DEL LAMINADO. -Las dem¿s:  -Las dem¿s:     --De secci¿n transversal rectangular";"BARRAS DE HIERRO O DE ACERO SIN ALEAR,\nSIMPLEMENTE FORJADAS, LAMINADAS O EXTRUDIDAS\nEN CALIENTE, ASI COMO LAS SOMETIDAS A TORSION DESPUES DEL LAMINADO. -Las dem¿s:";"BARRAS DE HIERRO O ACERO SIN ALEAR, SIMPLEMENTE FORJADAS, LAMINADAS O EXTRUDIDAS, EN CALIENTE, AS¿ COMO LAS SOMETIDAS A TORSI¿N DESPU¿S DEL LAMINADO, DETALLADO EN SUB-ITEM:";"";"MERCOSUR";0;0;712421;0;14319665;572787;15604873